league,bets,wins,profit,roi_%
Argentina Primera Division,347.0,126.0,29.42,8.48
Austrian Bundesliga,48.0,24.0,26.44,55.08
Brazil Serie A,183.0,71.0,40.79,22.29
China Super League,113.0,33.0,-11.84,-10.48
Denmark Superliga,41.0,14.0,1.93,4.71
Finland Veikkausliiga,57.0,23.0,20.6,36.14
Ireland Premier Division,51.0,20.0,14.53,28.49
Japan J-League,65.0,23.0,0.02,0.03
Mexico Liga MX,65.0,31.0,33.85,52.08
Norway Eliteserien,359.0,128.0,17.51,4.88
Romanian Superliga,23.0,9.0,3.81,16.57
Sweden Allsvenskan,72.0,30.0,25.02,34.75
