date,kickoff_utc,league,home_team,away_team,best_side,odds_over25,odds_under25,edge_over,edge_under,best_edge,bet,bet_stake,signal_tier,drift_signal,over_drift,under_drift,odds_snapshots,both_losing,min_odds_blocked,model_type
2026-10-10,2026-10-10 05:00:00,Japan J-League,Cerezo Osaka,Yokohama F Marinos,UNDER,1.65,2.12,-0.2517937086079877,0.17403498933983447,0.17403498933983447,UNDER,1.0,SNIPER,Neutral,0.0,0.0,10,False,False,new_format
2026-10-09,2026-10-09 17:00:00,Denmark Superliga,FC Nordsjaelland,OB Odense BK,UNDER,1.4,2.75,-0.2411796936889723,0.16325761576689435,0.16325761576689435,UNDER,1.0,SNIPER,Neutral,0.0,0.0,14,False,False,new_format
2026-10-10,2026-10-10 15:00:00,Austrian Bundesliga,Grazer AK,RB Salzburg,UNDER,1.44,2.62,-0.2332521302270476,0.15712829646962612,0.15712829646962612,UNDER,1.0,SNIPER,Neutral,0.0,0.0,8,False,False,new_format
2026-10-11,2026-10-11 14:30:00,Sweden Allsvenskan,BK Hacken,Örgryte IS,UNDER,1.36,2.9,-0.23538576915271536,0.15526406529876002,0.15526406529876002,UNDER,1.0,SNIPER,New,0.0,0.0,1,False,False,new_format
2026-10-10,2026-10-10 14:00:00,Norway Eliteserien,Bodø/Glimt,Kristiansund BK,UNDER,1.14,5.0,-0.22553145525939666,0.14833847280325624,0.14833847280325624,UNDER,1.0,SNIPER,Neutral,0.0,0.0,8,False,False,new_format
2026-10-11,2026-10-11 15:00:00,Norway Eliteserien,Aalesund,Sarpsborg FK,UNDER,1.4,2.7,-0.22789116192785513,0.14323507727177043,0.14323507727177043,UNDER,1.0,SNIPER,New,0.0,0.0,1,False,False,new_format
2026-10-11,2026-10-11 12:00:00,Sweden Allsvenskan,Hammarby IF,Djurgardens IF,UNDER,1.52,2.48,-0.2040164138897344,0.14289587059601622,0.14289587059601622,UNDER,1.0,SNIPER,Neutral,0.0,0.0,3,False,False,new_format
2026-10-10,2026-10-10 14:00:00,League One,Stockport County FC,Barnsley,UNDER,1.4,2.8,-0.2119211349997292,0.14049256357115775,0.14049256357115775,UNDER,1.0,SNIPER,Neutral,0.0,0.0,8,False,False,standard
2026-10-10,2026-10-10 23:30:00,USA MLS,New York Red Bulls,San Diego FC,UNDER,1.4,2.8,-0.20569710366279392,0.13426853223422247,0.13426853223422247,UNDER,1.0,SNIPER,Neutral,0.0,0.0,5,False,False,new_format
2026-10-10,2026-10-10 11:35:00,China Super League,Shanghai Shenhua FC,Yunnan Yukun,UNDER,1.23,3.8,-0.20485251650673697,0.12868649168859408,0.12868649168859408,UNDER,1.0,SNIPER,Neutral,0.0,0.0,9,False,False,new_format
2026-10-09,2026-10-09 12:00:00,China Super League,Zhejiang,Shanghai SIPG FC,UNDER,1.36,3.0,-0.19356744458644215,0.12493999360605007,0.12493999360605007,UNDER,1.0,SNIPER,Neutral,0.0,0.0,14,False,False,new_format
2026-10-10,2026-10-10 14:00:00,League One,Leicester City,Peterborough United,UNDER,1.4,2.7,-0.2078429836984237,0.12318689904233904,0.12318689904233904,UNDER,1.0,SNIPER,Neutral,0.0,0.0,8,False,False,standard
2026-10-11,2026-10-11 12:30:00,Austrian Bundesliga,Rheindorf Altach,Wolfsberger AC,UNDER,1.58,2.14,-0.21261493024581074,0.11241381821457935,0.11241381821457935,UNDER,1.0,MARKSMAN,Neutral,0.0,0.0,2,False,False,new_format
2026-10-11,2026-10-11 12:00:00,Denmark Superliga,Randers FC,Viborg FF,UNDER,1.6,2.2,-0.18876994377821704,0.10922448923276257,0.10922448923276257,UNDER,1.0,MARKSMAN,Neutral,0.0,0.0,3,False,False,new_format
2026-10-09,2026-10-09 17:00:00,Norway Eliteserien,SK Brann,Viking FK,UNDER,1.4,2.7,-0.1886145666235488,0.10395848196746416,0.10395848196746416,UNDER,1.0,MARKSMAN,Neutral,0.0,0.0,14,False,False,new_format
2026-10-07,2026-10-07 00:30:00,USA MLS,Chicago Fire,Vancouver Whitecaps FC,UNDER,1.44,2.6,-0.17983678667908753,0.10077695761925853,0.10077695761925853,UNDER,1.0,MARKSMAN,Neutral,0.0,0.0,28,False,False,new_format
2026-10-09,2026-10-09 00:30:00,Brazil Serie A,Palmeiras,Bahia,UNDER,1.65,2.11,-0.1797300051840483,0.09973574983434275,0.09973574983434275,UNDER,1.0,MARKSMAN,Neutral,0.0,0.0,17,False,False,new_format
2026-10-11,2026-10-11 00:30:00,USA MLS,Sporting Kansas City,Portland Timbers,UNDER,1.36,2.9,-0.1781431508398713,0.09802144698591597,0.09802144698591597,UNDER,1.0,MARKSMAN,Neutral,0.0,0.0,5,False,False,new_format
2026-10-11,2026-10-11 06:00:00,Japan J-League,Tokyo Verdy,Hiroshima Sanfrecce FC,UNDER,1.62,2.18,-0.17358597465097808,0.09758642770341902,0.09758642770341902,UNDER,1.0,MARKSMAN,Neutral,0.0,0.0,3,False,False,new_format
2026-10-09,2026-10-09 18:45:00,Ireland Premier Division,Waterford FC,Galway United,UNDER,1.55,2.32,-0.17344980933531212,0.09725403625411083,0.09725403625411083,UNDER,1.0,MARKSMAN,Neutral,0.0,0.0,14,False,False,new_format
2026-10-11,2026-10-11 07:00:00,Japan J-League,Kawasaki Frontale,Nagoya Grampus,UNDER,1.42,2.68,-0.17313796840765106,0.09577828793676602,0.09577828793676602,UNDER,1.0,MARKSMAN,Neutral,0.0,0.0,3,False,False,new_format
2026-10-10,2026-10-10 11:35:00,China Super League,Chengdu Rongcheng FC,Tianjin Jinmen Tiger FC,UNDER,1.68,2.08,-0.1687654317217402,0.09275810571441423,0.09275810571441423,UNDER,1.0,MARKSMAN,Confirmed,-0.08,0.12,9,False,False,new_format
2026-10-09,2026-10-09 15:00:00,Finland Veikkausliiga,SJK Seinäjoki,FC Lahti,UNDER,1.69,2.09,-0.16182153227377216,0.09163665642088004,0.09163665642088004,UNDER,1.0,MARKSMAN,Neutral,0.0,0.0,14,False,False,new_format
2026-10-10,2026-10-10 23:30:00,USA MLS,Orlando City SC,Columbus Crew SC,UNDER,1.4,2.75,-0.167884325037439,0.08996224711536105,0.08996224711536105,UNDER,1.0,MARKSMAN,Neutral,0.0,0.0,5,False,False,new_format
2026-10-09,2026-10-09 18:45:00,Ireland Premier Division,Shelbourne Dublin,Sligo Rovers,UNDER,1.62,2.18,-0.16086730021986134,0.08486775327230228,0.08486775327230228,UNDER,1.0,MARKSMAN,Neutral,0.0,0.0,14,False,False,new_format
2026-10-07,2026-10-07 23:00:00,Brazil Serie A,Vitoria,Chapecoense,UNDER,1.82,1.88,-0.16456326089767764,0.08319781783010693,0.08319781783010693,UNDER,1.0,MARKSMAN,Neutral,0.0,0.0,23,False,False,new_format
2026-10-10,2026-10-10 18:30:00,USA MLS,Chicago Fire,New York City FC,UNDER,1.53,2.38,-0.15537793330973837,0.08161509484101753,0.08161509484101753,UNDER,1.0,MARKSMAN,Neutral,0.0,0.0,7,False,False,new_format
2026-10-10,2026-10-10 13:00:00,Sweden Allsvenskan,GAIS,IK Sirius,UNDER,1.72,2.05,-0.15076435789000098,0.08156413100401111,0.08156413100401111,UNDER,1.0,MARKSMAN,Neutral,0.0,0.0,9,False,False,new_format
2026-10-05,2026-10-05 00:30:00,Argentina Primera Division,Estudiantes de Río Cuarto,Racing Club,OVER,2.62,1.47,0.08089551583828503,-0.1428470139947995,0.08089551583828503,OVER,1.0,MARKSMAN,Confirmed,0.06,-0.01,29,False,False,new_format
2026-10-09,2026-10-09 18:00:00,Ligue 2,Montpellier,Grenoble,OVER,2.0,1.72,0.08023659427668517,-0.1616319431138945,0.08023659427668517,OVER,1.0,MARKSMAN,Neutral,0.0,0.0,14,False,False,standard
2026-10-11,2026-10-11 00:30:00,Argentina Primera Division,River Plate,Estudiantes de Río Cuarto,UNDER,1.9,1.9,-0.13021964123689184,0.07758806228952342,0.07758806228952342,UNDER,1.0,VALUABLE,Neutral,0.0,0.0,5,False,False,new_format
2026-10-10,2026-10-10 18:30:00,Bundesliga 2,1. FC Nürnberg,VfL Wolfsburg,UNDER,1.38,2.82,-0.15197973713355817,0.07273212689612357,0.07273212689612357,UNDER,1.0,VALUABLE,Neutral,0.0,0.0,7,False,False,standard
2026-10-10,2026-10-10 11:00:00,Bundesliga 2,1. FC Magdeburg,Hannover 96,UNDER,1.38,2.82,-0.15051513419745977,0.07126752396002517,0.07126752396002517,UNDER,1.0,VALUABLE,Neutral,0.0,0.0,9,False,False,standard
2026-10-11,2026-10-11 01:00:00,Mexico Liga MX,Atlas,Guadalajara,UNDER,1.71,2.05,-0.14264532788842926,0.0700451282022218,0.0700451282022218,UNDER,1.0,VALUABLE,Neutral,0.0,0.0,5,False,False,new_format
2026-10-10,2026-10-10 23:00:00,Mexico Liga MX,Querétaro,Atlante FC,UNDER,1.75,1.91,-0.16119167539984225,0.06620289454718709,0.06620289454718709,UNDER,1.0,VALUABLE,Neutral,0.0,0.0,6,False,False,new_format
2026-10-11,2026-10-11 11:30:00,Bundesliga 2,FC St. Pauli,Karlsruher SC,UNDER,1.44,2.62,-0.1415017330686652,0.06537789931124371,0.06537789931124371,UNDER,1.0,VALUABLE,Neutral,0.0,0.0,3,False,False,standard
2026-10-08,2026-10-08 19:00:00,Ireland Premier Division,Shamrock Rovers,Drogheda United,UNDER,1.7,2.05,-0.14083186516221363,0.06479169299578608,0.06479169299578608,UNDER,1.0,VALUABLE,Neutral,0.0,0.0,19,False,False,new_format
2026-10-10,2026-10-10 11:30:00,Championship,Charlton Athletic,Bristol City,OVER,2.0,1.7,0.06347733715989667,-0.15171263127754375,0.06347733715989667,OVER,1.0,MARKSMAN,Neutral,0.0,0.0,9,False,False,standard
2026-10-11,2026-10-11 11:35:00,China Super League,Liaoning Tieren FC,Wuhan Three Towns,UNDER,1.49,2.42,-0.14573027407731343,0.06136619398413018,0.06136619398413018,UNDER,1.0,VALUABLE,Neutral,0.0,0.0,2,False,False,new_format
2026-10-11,2026-10-11 00:30:00,USA MLS,Austin FC,Nashville SC,UNDER,1.7,2.05,-0.13537741638357143,0.05933724421714376,0.05933724421714376,UNDER,1.0,VALUABLE,Neutral,0.0,0.0,5,False,False,new_format
2026-10-08,2026-10-08 00:30:00,Brazil Serie A,Cruzeiro,Sao Paulo,OVER,2.0,1.85,0.059295068073693,-0.09983560861423346,0.059295068073693,OVER,1.0,VALUABLE,Neutral,0.0,0.0,22,False,False,new_format
2026-10-11,2026-10-11 15:00:00,Austrian Bundesliga,LASK,Rapid Wien,UNDER,1.44,2.62,-0.13392473048474096,0.05780089672731947,0.05780089672731947,UNDER,1.0,VALUABLE,New,0.0,0.0,1,False,False,new_format
2026-10-10,2026-10-10 16:00:00,Finland Veikkausliiga,IFK Mariehamn,Ilves Tampere,UNDER,1.52,2.24,-0.16171335580084994,0.05739004753017318,0.05739004753017318,UNDER,1.0,VALUABLE,Neutral,0.0,0.0,8,False,False,new_format
2026-10-10,2026-10-10 11:00:00,Bundesliga 2,SV Darmstadt 98,FC Energie Cottbus,UNDER,1.4,2.72,-0.13929989741440607,0.05736712430516239,0.05736712430516239,UNDER,1.0,VALUABLE,Neutral,0.0,0.0,9,False,False,standard
2026-10-11,2026-10-11 01:30:00,USA MLS,Colorado Rapids,San Jose Earthquakes,UNDER,1.55,2.38,-0.12220660090906765,0.05687724335959626,0.05687724335959626,UNDER,1.0,VALUABLE,Neutral,0.0,0.0,5,False,False,new_format
2026-10-11,2026-10-11 12:30:00,Norway Eliteserien,Fredrikstad FK,Tromso,OVER,1.81,2.02,0.0564892752431736,-0.10402496803897254,0.0564892752431736,OVER,1.0,VALUABLE,Neutral,0.0,0.0,2,False,False,new_format
2026-10-10,2026-10-10 23:00:00,Mexico Liga MX,FC Juárez,Tijuana,UNDER,1.75,1.91,-0.15037098621268152,0.05538220536002636,0.05538220536002636,UNDER,1.0,VALUABLE,Neutral,0.0,0.0,6,False,False,new_format
2026-10-10,2026-10-10 23:30:00,USA MLS,Atlanta United FC,FC Cincinnati,UNDER,1.41,2.85,-0.11539961115141373,0.055302560012929214,0.055302560012929214,UNDER,1.0,VALUABLE,Neutral,0.0,0.0,5,False,False,new_format
2026-10-10,2026-10-10 20:00:00,Brazil Serie A,Vasco da Gama,Remo,UNDER,1.6,2.28,-0.1184503716280978,0.05485388040002759,0.05485388040002759,UNDER,1.0,VALUABLE,Neutral,0.0,0.0,7,False,False,new_format
2026-10-10,2026-10-10 13:00:00,Sweden Allsvenskan,AIK,IF Brommapojkarna,UNDER,1.6,2.25,-0.12226509169428623,0.05282064724984181,0.05282064724984181,UNDER,1.0,VALUABLE,Neutral,0.0,0.0,9,False,False,new_format
2026-10-11,2026-10-11 11:30:00,Bundesliga 2,Hertha Berlin,Greuther Fürth,UNDER,1.4,2.75,-0.1307032185271737,0.052781140605095755,0.052781140605095755,UNDER,1.0,VALUABLE,Neutral,0.0,0.0,3,False,False,standard
2026-10-10,2026-10-10 11:30:00,League Two,Oldham Athletic,Accrington Stanley,UNDER,1.71,2.06,-0.12252688385829563,0.05229466901698521,0.05229466901698521,UNDER,1.0,VALUABLE,Neutral,0.0,0.0,8,False,False,standard
2026-10-10,2026-10-10 06:00:00,Japan J-League,Avispa Fukuoka,Fagiano Okayama,OVER,2.25,1.55,0.04834720902491818,-0.13795294379194323,0.04834720902491818,OVER,1.0,VALUABLE,Neutral,0.0,0.0,10,False,False,new_format
2026-10-10,2026-10-10 11:00:00,Bundesliga 2,VfL Osnabrück,Dynamo Dresden,UNDER,1.52,2.35,-0.1303982032051828,0.04697155146946047,0.04697155146946047,UNDER,1.0,VALUABLE,Neutral,0.0,0.0,9,False,False,standard
2026-10-08,2026-10-08 16:00:00,Finland Veikkausliiga,KuPS Kuopio,AC Oulu,UNDER,1.88,1.95,-0.08943677689342705,0.04470137045589284,0.04470137045589284,UNDER,1.0,VALUABLE,Neutral,0.0,0.0,19,False,False,new_format
2026-10-10,2026-10-10 17:30:00,Serie B,Arezzo,Cremonese,OVER,2.02,1.68,0.04331979039528555,-0.13360739058387583,0.04331979039528555,OVER,1.0,VALUABLE,Neutral,0.0,0.0,8,False,False,standard
2026-10-10,2026-10-10 03:00:00,Mexico Liga MX,Tigres,Toluca,UNDER,1.67,2.05,-0.12823103758266807,0.041623764324306645,0.041623764324306645,UNDER,1.0,VALUABLE,Neutral,0.0,0.0,11,False,False,new_format
2026-10-10,2026-10-10 16:00:00,Norway Eliteserien,Rosenborg,Sandefjord,UNDER,1.4,2.8,-0.11219193868693766,0.04076336725836621,0.04076336725836621,UNDER,1.0,VALUABLE,Neutral,0.0,0.0,8,False,False,new_format
2026-10-11,2026-10-11 02:30:00,USA MLS,Los Angeles FC,Vancouver Whitecaps FC,UNDER,1.55,2.31,-0.11843423668511555,0.04037251346210202,0.04037251346210202,UNDER,1.0,VALUABLE,Neutral,0.0,0.0,5,False,False,new_format
2026-10-11,2026-10-11 06:00:00,Japan J-League,Mito HollyHock,Shimizu S Pulse,UNDER,1.92,1.89,-0.08989521319491783,0.039961350761055336,0.039961350761055336,UNDER,1.0,VALUABLE,Neutral,0.0,0.0,3,False,False,new_format
2026-10-11,2026-10-11 12:00:00,Finland Veikkausliiga,FC Inter Turku,KuPS Kuopio,UNDER,1.8,1.88,-0.12398288503698462,0.03651243586440778,0.03651243586440778,UNDER,1.0,VALUABLE,Neutral,0.0,0.0,3,False,False,new_format
2026-10-11,2026-10-11 16:00:00,Denmark Superliga,FC Midtjylland,FC Copenhagen,UNDER,1.55,2.25,-0.12583569516987014,0.036229960402845096,0.036229960402845096,UNDER,1.0,VALUABLE,New,0.0,0.0,1,False,False,new_format
2026-10-07,2026-10-07 23:30:00,Brazil Serie A,Botafogo,Vasco da Gama,UNDER,1.75,1.96,-0.11694742641014133,0.03531477334891686,0.03531477334891686,UNDER,1.0,VALUABLE,Neutral,0.03,-0.03,23,False,False,new_format
2026-10-10,2026-10-10 01:00:00,Mexico Liga MX,Puebla,León,UNDER,1.83,1.85,-0.11991501172826696,0.03292638375603263,0.03292638375603263,UNDER,1.0,VALUABLE,Neutral,0.0,0.0,12,False,False,new_format
2026-10-10,2026-10-10 14:00:00,Championship,Derby County,Wrexham AFC,OVER,1.93,1.75,0.03282684481089759,-0.12239013126537579,0.03282684481089759,OVER,1.0,VALUABLE,Neutral,0.0,0.0,8,False,False,standard
2026-10-09,2026-10-09 18:00:00,Ligue 2,Sochaux,Boulogne,OVER,2.22,1.58,0.032026803574522755,-0.11538864643003632,0.032026803574522755,OVER,1.0,VALUABLE,Neutral,0.0,0.0,14,False,False,standard
2026-10-11,2026-10-11 17:30:00,Serie B,Modena,Hellas Verona,OVER,1.97,1.72,0.031904831764831054,-0.1209143938000099,0.031904831764831054,OVER,1.0,VALUABLE,New,0.0,0.0,1,False,False,standard
2026-10-04,2026-10-04 19:00:00,La Liga 2,Girona FC,Mallorca,OVER,1.88,1.77,0.03161324575682878,-0.12849989078627944,0.03161324575682878,OVER,1.0,VALUABLE,Conflicted,-0.05,0.03,40,False,False,standard
2026-10-09,2026-10-09 10:00:00,Japan J-League,Kashima Antlers,Gamba Osaka,UNDER,1.55,2.28,-0.11450531259905572,0.030747531048404886,0.030747531048404886,UNDER,1.0,VALUABLE,Neutral,0.0,0.0,15,False,False,new_format
2026-10-10,2026-10-10 14:00:00,League One,Mansfield Town,Bromley FC,UNDER,1.57,2.25,-0.11208453127334372,0.030697411669663666,0.030697411669663666,UNDER,1.0,VALUABLE,Neutral,0.0,0.0,8,False,False,standard
2026-10-09,2026-10-09 17:30:00,Argentina Primera Division,Aldosivi Mar del Plata,Sarmiento de Junin,OVER,2.37,1.59,0.030660226185797224,-0.08153197206590224,0.030660226185797224,OVER,1.0,VALUABLE,Neutral,0.0,0.0,14,False,False,new_format
2026-10-04,2026-10-04 19:00:00,La Liga 2,Sabadell FC,Andorra CF,OVER,1.97,1.72,0.030601551416107875,-0.11961111345128672,0.030601551416107875,OVER,1.0,VALUABLE,Neutral,0.0,0.0,3,False,False,standard
