player_name,team,position,price,minutes_pg,p_goal,p_assist,p_sot2,attack_pts,dc_pts,cs_pts,bonus_pts,def_actions_pg,fantasy_pts,xpts_rot,p_start,is_pen_taker,value,availability,injured,doubtful,chance_of_playing,fpl_matched,fpl_ep_next,fpl_ppg,fpl_form,total_points,owned_pct,next_fixtures,avg_fdr,fixtures_available,fixture_adj_pts,n_fixtures_next,total_xpts_next,total_xpts_rot,xpts_uncond,start_confidence,overall_rank,pos_rank,captain_pick
N. Williams,Nott'm Forest,DEF,5.0,90.0,0.067,0.066,0.039,0.617,1.86,0.633,0.596,8.6,5.706,5.706,1.0,True,1.141,available,False,False,,True,4.2,3.8,4.2,19.0,8.8,CRY(A3) · ARS(H4) · IPS(A2) · BRE(A3) · MCI(H4),3.2,True,5.686,5,28.43,28.43,5.706,Nailed,1,1,True
Ola Aina,Nott'm Forest,DEF,4.4,73.0,0.043,0.054,0.027,0.43,1.929,0.633,0.611,9.7,5.603,5.603,1.0,False,1.273,available,False,False,,True,0.8,2.0,0.8,8.0,2.4,CRY(A3) · ARS(H4) · IPS(A2) · BRE(A3) · MCI(H4),3.2,True,5.589,5,27.94,27.94,5.603,Nailed,2,2,True
João Pedro,Chelsea,FWD,7.7,90.0,0.442,0.141,0.57,2.448,1.944,0.0,1.013,8.6,7.405,5.554,0.75,True,0.962,doubtful,False,True,75.0,True,4.1,8.2,5.5,33.0,65.3,BOU(H3) · EVE(A3) · TOT(H2) · MUN(H4) · SUN(A3),3.0,True,7.429,5,37.15,27.86,5.554,Doubtful,3,1,False
Piero Hincapié,Arsenal,DEF,5.2,86.75,0.045,0.043,0.026,0.409,1.777,0.688,0.532,7.8,5.406,5.406,1.0,False,1.04,available,False,False,,True,0.2,1.0,0.2,2.0,0.9,LEE(H3) · NFO(A3) · EVE(H3) · LIV(A4) · HUL(H2),3.0,True,5.411,5,27.05,27.05,5.406,Nailed,4,3,True
M. Sangaré,Brentford,MID,5.6,75.25,0.068,0.092,0.041,0.634,1.933,0.226,0.598,9.8,5.391,5.391,1.0,False,0.963,available,False,False,,True,2.0,4.4,2.0,22.0,10.0,AVL(A3) · LIV(H4) · HUL(A2) · NFO(H3) · BHA(A4),3.2,True,5.371,5,26.86,26.86,5.391,Nailed,5,1,False
Thiago,Brentford,FWD,7.8,83.0,0.235,0.062,0.208,1.221,1.573,0.0,0.549,5.4,5.343,5.343,1.0,True,0.685,available,False,False,,True,2.5,2.0,2.5,10.0,9.1,AVL(A3) · LIV(H4) · HUL(A2) · NFO(H3) · BHA(A4),3.2,True,5.305,5,26.53,26.53,5.343,Nailed,6,2,False
Reinildo Mandava,Sunderland,DEF,4.4,90.0,0.041,0.041,0.026,0.379,1.75,0.688,0.518,7.6,5.335,5.335,1.0,False,1.212,available,False,False,100.0,True,1.5,1.8,1.5,7.0,0.3,BHA(H3) · BOU(A3) · LEE(H3) · COV(A2) · CHE(H4),3.0,True,5.338,5,26.69,26.69,5.335,Nailed,7,4,False
Malick Yalcouyé,Brighton,MID,4.5,82.0,0.131,0.08,0.079,0.931,1.654,0.145,0.525,7.0,5.255,5.255,1.0,False,1.168,available,False,False,,True,4.8,4.0,4.8,20.0,4.0,SUN(A3) · CRY(H2) · LIV(A4) · MCI(A5) · BRE(H3),3.4,True,5.212,5,26.06,26.06,5.255,Nailed,8,2,False
E. Le Fée,Sunderland,MID,5.7,87.25,0.107,0.06,0.067,0.743,1.789,0.172,0.53,7.9,5.234,5.234,1.0,True,0.918,available,False,False,,True,4.0,3.6,4.0,18.0,3.4,BHA(H3) · BOU(A3) · LEE(H3) · COV(A2) · CHE(H4),3.0,True,5.24,5,26.2,26.2,5.234,Nailed,9,3,False
Abdukodir Khusanov,Man City,DEF,5.4,91.6,0.043,0.037,0.026,0.377,1.672,0.688,0.495,7.1,5.232,5.232,1.0,False,0.969,available,False,False,,True,1.8,3.0,1.8,9.0,1.4,LIV(A4) · IPS(H2) · AVL(A3) · BHA(H3) · NFO(A3),3.0,True,5.229,5,26.14,26.14,5.232,Nailed,10,5,False
Conor Gallagher,Spurs,MID,5.3,78.0,0.083,0.072,0.042,0.646,1.789,0.172,0.509,7.9,5.116,5.116,1.0,False,0.965,available,False,False,,True,2.2,3.0,2.2,9.0,0.2,MUN(A4) · COV(H2) · CHE(A4) · CRY(H2) · LEE(A3),3.0,True,5.112,5,25.56,25.56,5.116,Nailed,11,4,False
Gonzalo García,Fulham,FWD,6.0,86.75,0.19,0.059,0.097,0.979,1.619,0.0,0.488,5.6,5.086,5.086,1.0,False,0.848,available,False,False,,True,2.0,2.8,2.0,14.0,3.9,IPS(A2) · HUL(H2) · COV(A2) · AVL(A3) · NEW(H3),2.4,True,5.134,5,25.67,25.67,5.086,Nailed,12,3,False
Murillo,Nott'm Forest,DEF,5.5,89.5,0.047,0.049,0.027,0.44,1.43,0.633,0.449,6.0,4.952,4.952,1.0,False,0.9,available,False,False,100.0,True,4.8,4.6,4.8,23.0,2.1,CRY(A3) · ARS(H4) · IPS(A2) · BRE(A3) · MCI(H4),3.2,True,4.937,5,24.69,24.69,4.952,Nailed,13,6,False
Omar Alderete,Sunderland,DEF,4.8,77.333336,0.043,0.036,0.026,0.374,1.43,0.688,0.446,6.0,4.938,4.938,1.0,False,1.029,available,False,False,100.0,True,0.0,1.0,0.0,1.0,0.2,BHA(H3) · BOU(A3) · LEE(H3) · COV(A2) · CHE(H4),3.0,True,4.941,5,24.7,24.7,4.938,Nailed,14,7,False
Tyrique George,Everton,MID,5.5,75.25,0.227,0.141,0.163,1.631,0.549,0.158,0.521,3.5,4.859,4.859,1.0,False,0.883,available,False,False,,True,4.0,3.8,4.0,19.0,0.9,HUL(A2) · CHE(H4) · ARS(A5) · NEW(A3) · COV(H2),3.2,True,4.812,5,24.06,24.06,4.859,Nailed,15,5,False
Lisandro Martínez,Man Utd,DEF,5.0,77.2,0.049,0.042,0.027,0.431,1.285,0.688,0.434,5.5,4.838,4.838,1.0,False,0.968,available,False,False,100.0,True,1.5,1.5,1.5,6.0,1.3,TOT(H2) · LEE(A3) · BOU(H3) · CHE(A4) · AVL(H3),3.0,True,4.843,5,24.22,24.22,4.838,Nailed,16,8,False
Rayan Aït-Nouri,Man City,DEF,5.3,63.6,0.053,0.088,0.029,0.596,1.883,0.688,0.616,8.9,5.783,4.742,0.82,False,1.091,available,False,False,,True,0.0,0.0,0.0,0.0,0.4,LIV(A4) · IPS(H2) · AVL(A3) · BHA(H3) · NFO(A3),3.0,True,5.778,5,28.89,23.69,4.742,Likely starter,17,9,False
Evanilson,Bournemouth,FWD,6.0,83.75,0.098,0.061,0.061,0.602,1.679,0.0,0.405,5.9,4.686,4.686,1.0,True,0.781,available,False,False,,True,3.5,3.6,3.5,18.0,3.2,CHE(A4) · SUN(H3) · MUN(A4) · LEE(H3) · IPS(A2),3.2,True,4.669,5,23.34,23.34,4.686,Nailed,18,4,False
Nico O'Reilly,Man City,DEF,6.3,80.4,0.051,0.048,0.03,0.462,1.316,0.688,0.445,5.6,4.911,4.665,0.95,False,0.78,available,False,False,100.0,True,1.0,1.5,1.0,6.0,10.9,LIV(A4) · IPS(H2) · AVL(A3) · BHA(H3) · NFO(A3),3.0,True,4.907,5,24.54,23.31,4.665,Nailed,19,10,False
Emersonn,Ipswich Town,FWD,5.5,60.0,0.168,0.076,0.107,0.947,1.209,0.0,0.417,4.2,4.573,4.573,1.0,False,0.831,available,False,False,100.0,True,4.2,5.2,4.2,26.0,3.5,FUL(H2) · MCI(A5) · NFO(H3) · HUL(A2) · BOU(H3),3.0,True,4.584,5,22.92,22.92,4.573,Nailed,20,5,False
L. Miley,Newcastle,MID,5.5,77.25,0.043,0.045,0.026,0.364,1.596,0.187,0.401,6.7,4.548,4.548,1.0,False,0.827,available,False,False,100.0,True,2.2,2.4,2.2,12.0,0.1,COV(A2) · AVL(H3) · CRY(A3) · EVE(H3) · FUL(A3),2.8,True,4.551,5,22.76,22.76,4.548,Nailed,21,6,False
Rayan,Bournemouth,MID,6.3,83.4,0.122,0.075,0.091,0.874,1.285,0.158,0.451,5.5,4.768,4.53,0.95,False,0.757,available,False,False,,True,2.0,2.0,2.0,10.0,1.6,CHE(A4) · SUN(H3) · MUN(A4) · LEE(H3) · IPS(A2),3.2,True,4.743,5,23.71,22.52,4.53,Nailed,22,7,False
Cristhian Mosquera,Arsenal,DEF,5.3,90.0,0.041,0.042,0.026,0.386,1.047,0.688,0.396,4.800000000000001,4.517,4.517,1.0,False,0.852,available,False,False,100.0,True,1.5,6.0,1.5,12.0,1.6,LEE(H3) · NFO(A3) · EVE(H3) · LIV(A4) · HUL(H2),3.0,True,4.522,5,22.61,22.61,4.517,Nailed,23,11,False
Michael Keane,Everton,DEF,4.8,75.2,0.049,0.041,0.027,0.429,1.736,0.633,0.513,7.5,5.311,4.514,0.85,False,1.106,available,False,False,,True,0.0,0.0,0.0,0.0,0.7,HUL(A2) · CHE(H4) · ARS(A5) · NEW(A3) · COV(H2),3.2,True,5.299,5,26.49,22.52,4.514,Nailed,24,12,False
Jaka Bijol,Leeds,DEF,5.0,67.5,0.041,0.036,0.026,0.367,1.011,0.582,0.37,4.7,4.33,4.33,1.0,False,0.866,available,False,False,,True,0.5,4.0,0.5,12.0,0.7,ARS(A5) · MUN(H4) · SUN(A3) · BOU(A3) · TOT(H2),3.4,True,4.312,5,21.56,21.56,4.33,Nailed,25,13,False
Pedro Porro,Spurs,DEF,5.4,94.8,0.067,0.059,0.039,0.596,1.876,0.688,0.61,8.8,5.77,4.328,0.75,False,1.069,doubtful,False,True,75.0,True,1.7,3.0,2.2,9.0,7.6,MUN(A4) · COV(H2) · CHE(A4) · CRY(H2) · LEE(A3),3.0,True,5.766,5,28.83,21.62,4.328,Doubtful,26,14,False
Eddie Nketiah,Crystal Palace,FWD,5.5,61.5,0.106,0.068,0.06,0.657,1.281,0.0,0.351,4.4,4.289,4.289,1.0,True,0.78,available,False,False,100.0,True,1.8,2.0,1.8,8.0,0.5,NFO(H3) · BHA(A4) · NEW(H3) · TOT(A3) · LIV(H4),3.4,True,4.269,5,21.35,21.35,4.289,Nailed,27,6,False
Mathys Tel,Spurs,MID,5.7,77.333336,0.117,0.071,0.083,0.836,0.859,0.172,0.392,4.3,4.259,4.259,1.0,True,0.747,available,False,False,,True,1.5,2.0,1.5,8.0,0.2,MUN(A4) · COV(H2) · CHE(A4) · CRY(H2) · LEE(A3),3.0,True,4.254,5,21.27,21.27,4.259,Nailed,28,8,False
Sávio,Spurs,MID,6.5,75.5,0.069,0.132,0.056,0.768,0.82,0.172,0.371,4.2,4.131,4.131,1.0,True,0.636,available,False,False,100.0,True,2.0,2.7,2.0,8.0,0.7,MUN(A4) · COV(H2) · CHE(A4) · CRY(H2) · LEE(A3),3.0,True,4.126,5,20.63,20.63,4.131,Nailed,29,9,False
Noussair Mazraoui,Man Utd,DEF,4.4,78.4,0.043,0.041,0.026,0.392,1.482,0.688,0.458,6.199999999999999,5.02,4.116,0.82,False,1.141,available,False,False,,True,0.5,1.0,0.5,3.0,0.5,TOT(H2) · LEE(A3) · BOU(H3) · CHE(A4) · AVL(H3),3.0,True,5.025,5,25.12,20.6,4.116,Likely starter,30,15,False
Taylor Harwood-Bellis,Aston Villa,DEF,4.5,89.0,0.048,0.041,0.027,0.422,0.742,0.633,0.357,4.0,4.154,4.112,0.99,False,0.923,available,False,False,,True,0.0,0.0,0.0,0.0,0.0,BRE(H3) · NEW(A3) · MCI(H4) · FUL(H2) · MUN(A4),3.2,True,4.15,5,20.75,20.54,4.112,Nailed,31,16,False
N. Angulo,Sunderland,MID,5.0,67.4,0.054,0.047,0.033,0.424,1.482,0.172,0.389,6.2,4.467,4.02,0.9,False,0.893,available,False,False,,True,2.8,3.2,2.8,16.0,0.1,BHA(H3) · BOU(A3) · LEE(H3) · COV(A2) · CHE(H4),3.0,True,4.47,5,22.35,20.11,4.02,Nailed,32,10,False
César Palacios,Fulham,MID,5.4,70.0,0.129,0.056,0.103,0.861,0.549,0.221,0.372,3.5,4.003,4.003,1.0,False,0.741,available,False,False,,True,2.5,3.0,2.5,12.0,0.2,IPS(A2) · HUL(H2) · COV(A2) · AVL(A3) · NEW(H3),2.4,True,4.045,5,20.23,20.23,4.003,Nailed,33,11,False
Rico Henry,Brentford,DEF,4.4,88.6,0.046,0.045,0.027,0.42,0.936,0.904,0.424,4.5,4.684,3.888,0.83,False,1.065,available,False,False,,True,0.2,1.0,0.2,1.0,0.2,AVL(A3) · LIV(H4) · HUL(A2) · NFO(H3) · BHA(A4),3.2,True,4.671,5,23.35,19.38,3.888,Likely starter,34,17,False
Marcelino Núñez,Ipswich Town,MID,4.9,80.0,0.051,0.049,0.031,0.418,0.936,0.172,0.313,4.5,3.839,3.839,1.0,False,0.783,available,False,False,,True,0.5,3.0,0.5,6.0,0.1,FUL(H2) · MCI(A5) · NFO(H3) · HUL(A2) · BOU(H3),3.0,True,3.844,5,19.22,19.22,3.839,Nailed,35,12,False
Myles Lewis-Skelly,Arsenal,MID,5.4,76.0,0.052,0.043,0.03,0.406,0.936,0.172,0.31,4.5,3.824,3.824,1.0,False,0.708,available,False,False,,True,1.5,2.2,1.5,9.0,0.6,LEE(H3) · NFO(A3) · EVE(H3) · LIV(A4) · HUL(H2),3.0,True,3.829,5,19.14,19.14,3.824,Nailed,36,13,False
Milan van Ewijk,Coventry City,DEF,4.0,90.0,0.046,0.044,0.028,0.42,1.43,0.748,0.464,6.0,5.062,3.796,0.75,False,1.266,doubtful,False,True,75.0,True,0.9,1.5,1.2,6.0,8.8,NEW(H3) · TOT(A3) · FUL(H2) · SUN(H3) · EVE(A3),2.8,True,5.075,5,25.38,19.04,3.796,Doubtful,37,18,False
Ross Barkley,Aston Villa,MID,5.0,78.2,0.079,0.069,0.041,0.621,0.664,0.158,0.321,3.8000000000000003,3.764,3.764,1.0,False,0.753,available,False,False,,True,2.0,2.0,2.0,10.0,0.3,BRE(H3) · NEW(A3) · MCI(H4) · FUL(H2) · MUN(A4),3.2,True,3.758,5,18.79,18.79,3.764,Nailed,38,14,False
Dwight McNeil,Crystal Palace,MID,5.4,63.0,0.053,0.041,0.033,0.404,0.898,0.145,0.301,4.4,3.748,3.748,1.0,False,0.694,available,False,False,,True,0.2,1.5,0.2,3.0,0.1,NFO(H3) · BHA(A4) · NEW(H3) · TOT(A3) · LIV(H4),3.4,True,3.736,5,18.68,18.68,3.748,Nailed,39,15,False
Bafodé Diakité,Bournemouth,DEF,4.9,65.8,0.045,0.038,0.026,0.396,0.936,0.633,0.375,4.5,4.34,3.732,0.86,False,0.886,available,False,False,,True,0.0,0.0,0.0,0.0,0.2,CHE(A4) · SUN(H3) · MUN(A4) · LEE(H3) · IPS(A2),3.2,True,4.329,5,21.64,18.61,3.732,Nailed,40,19,False
Jeremie Frimpong,Liverpool,DEF,5.3,80.5,0.043,0.062,0.026,0.456,0.369,0.582,0.313,3.0,3.72,3.72,1.0,False,0.702,available,False,False,,True,0.5,0.7,0.5,2.0,1.8,MCI(H4) · BRE(A3) · BHA(H3) · ARS(H4) · CRY(A3),3.4,True,3.705,5,18.53,18.53,3.72,Nailed,41,20,False
Harry Amass,Man Utd,DEF,4.0,66.25,0.057,0.056,0.033,0.523,1.285,0.688,0.451,5.5,4.947,3.71,0.75,False,1.237,available,False,False,,True,0.0,0.0,0.0,0.0,0.2,TOT(H2) · LEE(A3) · BOU(H3) · CHE(A4) · AVL(H3),3.0,True,4.953,5,24.77,18.58,3.71,Likely starter,42,21,False
F. Kadıoğlu,Brighton,DEF,4.4,83.6,0.045,0.054,0.027,0.443,0.369,0.582,0.31,3.0,3.704,3.704,1.0,False,0.842,available,False,False,100.0,True,3.2,3.2,3.2,13.0,1.6,SUN(A3) · CRY(H2) · LIV(A4) · MCI(A5) · BRE(H3),3.4,True,3.684,5,18.42,18.42,3.704,Nailed,43,22,False
George Hemmings,Aston Villa,MID,4.5,70.25,0.051,0.048,0.03,0.41,0.742,0.158,0.286,4.0,3.596,3.596,1.0,False,0.799,available,False,False,,True,1.8,1.8,1.8,9.0,1.2,BRE(H3) · NEW(A3) · MCI(H4) · FUL(H2) · MUN(A4),3.2,True,3.592,5,17.96,17.96,3.596,Nailed,44,16,False
Lewis Dunk,Brighton,DEF,4.5,90.0,0.042,0.037,0.026,0.375,1.375,0.582,0.42,5.8,4.752,3.564,0.75,False,1.056,doubtful,False,True,75.0,True,3.0,5.5,4.0,22.0,1.5,SUN(A3) · CRY(H2) · LIV(A4) · MCI(A5) · BRE(H3),3.4,True,4.735,5,23.67,17.75,3.564,Doubtful,45,23,False
Carlos Baleba,Man Utd,MID,4.9,68.6,0.062,0.061,0.035,0.507,1.188,0.172,0.361,5.2,4.228,3.382,0.8,False,0.863,available,False,False,100.0,True,0.0,0.0,0.0,0.0,0.1,TOT(H2) · LEE(A3) · BOU(H3) · CHE(A4) · AVL(H3),3.0,True,4.234,5,21.17,16.94,3.382,Likely starter,46,17,False
Ibrahim Sangaré,Nott'm Forest,MID,4.9,71.6,0.05,0.053,0.029,0.423,1.285,0.158,0.355,5.5,4.221,3.377,0.8,False,0.861,available,False,False,100.0,True,0.5,1.3,0.5,4.0,0.4,CRY(A3) · ARS(H4) · IPS(A2) · BRE(A3) · MCI(H4),3.2,True,4.207,5,21.04,16.83,3.377,Likely starter,47,18,False
Stephen Mfuni,Coventry City,DEF,4.0,89.2,0.042,0.039,0.026,0.381,1.801,0.748,0.545,8.0,5.475,3.285,0.6,False,1.369,available,False,False,,True,3.0,6.0,3.0,6.0,0.1,NEW(H3) · TOT(A3) · FUL(H2) · SUN(H3) · EVE(A3),2.8,True,5.487,5,27.43,16.46,3.285,Likely starter,48,24,False
Nick Pope,Newcastle,GKP,4.9,90.0,0.035,0.032,0.025,0.32,0.0,0.748,0.205,0.5,3.273,3.273,1.0,False,0.668,available,False,False,,True,0.0,0.0,0.0,0.0,0.9,COV(A2) · AVL(H3) · CRY(A3) · EVE(H3) · FUL(A3),2.8,True,3.276,5,16.38,16.38,3.273,Nailed,49,1,False
Kenny Tete,Fulham,DEF,4.4,88.0,0.044,0.043,0.026,0.403,1.616,0.885,0.519,6.8,5.423,3.254,0.6,False,1.232,available,False,False,100.0,True,0.0,0.0,0.0,0.0,0.2,IPS(A2) · HUL(H2) · COV(A2) · AVL(A3) · NEW(H3),2.4,True,5.443,5,27.21,16.33,3.254,Likely starter,50,25,False
Alex Palmer,Ipswich Town,GKP,4.0,90.0,0.036,0.033,0.025,0.322,0.0,0.688,0.204,0.7,3.214,3.214,1.0,False,0.804,available,False,False,,True,0.0,0.0,0.0,0.0,3.9,FUL(H2) · MCI(A5) · NFO(H3) · HUL(A2) · BOU(H3),3.0,True,3.218,5,16.09,16.09,3.214,Nailed,51,2,False
Illan Meslier,Arsenal,GKP,4.9,90.0,0.036,0.032,0.025,0.32,0.0,0.688,0.203,0.7,3.211,3.211,1.0,False,0.655,available,False,False,,True,0.0,0.0,0.0,0.0,0.0,LEE(H3) · NFO(A3) · EVE(H3) · LIV(A4) · HUL(H2),3.0,True,3.215,5,16.07,16.07,3.211,Nailed,52,3,False
Melker Ellborg,Sunderland,GKP,4.5,90.0,0.035,0.032,0.025,0.32,0.0,0.688,0.202,0.6666666666666666,3.21,3.21,1.0,False,0.713,available,False,False,,True,0.0,0.0,0.0,0.0,0.1,BHA(H3) · BOU(A3) · LEE(H3) · COV(A2) · CHE(H4),3.0,True,3.213,5,16.06,16.06,3.21,Nailed,53,4,False
Martin Dúbravka,Spurs,GKP,4.0,90.0,0.036,0.032,0.025,0.32,0.0,0.688,0.19,0.4,3.198,3.198,1.0,False,0.8,available,False,False,,True,0.0,0.0,0.0,0.0,17.1,MUN(A4) · COV(H2) · CHE(A4) · CRY(H2) · LEE(A3),3.0,True,3.196,5,15.98,15.98,3.198,Nailed,54,5,False
Víctor Muñoz,Liverpool,MID,6.5,60.25,0.119,0.054,0.061,0.787,0.898,0.145,0.38,4.4,4.21,3.157,0.75,False,0.648,available,False,False,,True,2.8,3.0,2.8,15.0,0.9,MCI(H4) · BRE(A3) · BHA(H3) · ARS(H4) · CRY(A3),3.4,True,4.185,5,20.92,15.69,3.157,Likely starter,55,19,False
Mark Travers,Everton,GKP,5.0,90.0,0.035,0.032,0.025,0.32,0.0,0.633,0.19,0.6,3.143,3.143,1.0,False,0.629,available,False,False,,True,0.0,0.0,0.0,0.0,0.0,HUL(A2) · CHE(H4) · ARS(A5) · NEW(A3) · COV(H2),3.2,True,3.134,5,15.67,15.67,3.143,Nailed,56,6,False
Fraser Forster,Bournemouth,GKP,4.0,90.0,0.036,0.032,0.025,0.322,0.0,0.633,0.186,0.5,3.141,3.141,1.0,False,0.785,available,False,False,,True,0.0,0.0,0.0,0.0,3.5,CHE(A4) · SUN(H3) · MUN(A4) · LEE(H3) · IPS(A2),3.2,True,3.132,5,15.66,15.66,3.141,Nailed,57,7,False
Omar Marmoush,Spurs,FWD,7.0,73.2,0.097,0.082,0.078,0.672,1.012,0.0,0.324,3.7,4.008,3.126,0.78,False,0.573,available,False,False,,True,2.0,2.0,2.0,8.0,2.1,MUN(A4) · COV(H2) · CHE(A4) · CRY(H2) · LEE(A3),3.0,True,4.004,5,20.02,15.62,3.126,Likely starter,58,7,False
Giorgi Mamardashvili,Liverpool,GKP,4.9,83.6,0.036,0.032,0.025,0.321,0.0,0.582,0.186,0.7,3.089,3.089,1.0,False,0.63,available,False,False,,True,0.0,0.0,0.0,0.0,0.1,MCI(H4) · BRE(A3) · BHA(H3) · ARS(H4) · CRY(A3),3.4,True,3.079,5,15.39,15.39,3.089,Nailed,59,8,False
Alisson Becker,Liverpool,GKP,5.5,90.0,0.036,0.032,0.025,0.32,0.0,0.582,0.177,0.5,3.079,3.079,1.0,False,0.56,available,False,False,,True,6.2,5.4,6.2,27.0,4.0,MCI(H4) · BRE(A3) · BHA(H3) · ARS(H4) · CRY(A3),3.4,True,3.069,5,15.34,15.34,3.079,Nailed,60,9,False
Jason Steele,Brighton,GKP,4.0,90.0,0.036,0.032,0.025,0.321,0.0,0.582,0.164,0.2,3.067,3.067,1.0,False,0.767,available,False,False,,True,0.0,0.0,0.0,0.0,4.1,SUN(A3) · CRY(H2) · LIV(A4) · MCI(A5) · BRE(H3),3.4,True,3.052,5,15.26,15.26,3.067,Nailed,61,10,False
Diego Coppola,Brighton,DEF,4.5,75.0,0.045,0.037,0.026,0.393,1.119,0.582,0.388,5.0,4.482,3.048,0.68,False,0.996,available,False,False,,True,0.0,0.0,0.0,0.0,0.0,SUN(A3) · CRY(H2) · LIV(A4) · MCI(A5) · BRE(H3),3.4,True,4.464,5,22.32,15.18,3.048,Likely starter,62,26,False
Tetê,Fulham,DEF,4.4,51.0,0.125,0.07,0.085,1.002,0.974,0.885,0.531,4.6,4.392,3.03,0.69,False,0.998,available,False,False,100.0,True,0.0,0.0,0.0,0.0,0.2,IPS(A2) · HUL(H2) · COV(A2) · AVL(A3) · NEW(H3),2.4,True,4.441,5,22.21,15.32,3.03,Likely starter,63,27,False
Jake O'Brien,Everton,DEF,4.8,79.0,0.044,0.04,0.026,0.399,1.456,0.633,0.446,6.1,4.934,2.96,0.6,False,1.028,available,False,False,,True,0.5,1.0,0.5,2.0,0.3,HUL(A2) · CHE(H4) · ARS(A5) · NEW(A3) · COV(H2),3.2,True,4.922,5,24.61,14.77,2.96,Likely starter,64,28,False
Oscar Bobb,Fulham,MID,5.5,65.8,0.061,0.086,0.035,0.578,1.119,0.221,0.375,5.0,4.293,2.919,0.68,False,0.781,available,False,False,,True,2.8,2.6,2.8,13.0,0.3,IPS(A2) · HUL(H2) · COV(A2) · AVL(A3) · NEW(H3),2.4,True,4.321,5,21.61,14.69,2.919,Likely starter,65,20,False
Ismaïla Sarr,Crystal Palace,MID,6.2,68.8,0.194,0.069,0.166,1.251,0.305,0.145,0.413,2.8,4.114,2.88,0.7,True,0.664,available,False,False,100.0,True,0.2,1.0,0.2,1.0,0.6,NFO(H3) · BHA(A4) · NEW(H3) · TOT(A3) · LIV(H4),3.4,True,4.076,5,20.38,14.27,2.88,Likely starter,66,21,False
Ben Davies,Spurs,DEF,3.9,64.6,0.053,0.044,0.029,0.464,1.346,0.688,0.449,5.699999999999999,4.947,2.77,0.56,False,1.268,available,False,False,,True,0.0,0.0,0.0,0.0,0.9,MUN(A4) · COV(H2) · CHE(A4) · CRY(H2) · LEE(A3),3.0,True,4.944,5,24.72,13.84,2.77,Rotation risk,67,29,False
Ayyoub Bouaddi,Man City,MID,5.5,76.8,0.048,0.045,0.029,0.385,0.007,0.172,0.152,1.0,2.716,2.716,1.0,False,0.494,available,False,False,,True,0.5,1.0,0.5,2.0,0.2,LIV(A4) · IPS(H2) · AVL(A3) · BHA(H3) · NFO(A3),3.0,True,2.713,5,13.56,13.56,2.716,Nailed,68,22,False
Neto,Chelsea,MID,6.5,90.0,0.036,0.032,0.025,0.286,0.001,0.172,0.114,0.6,2.573,2.573,1.0,False,0.396,available,False,False,,True,3.2,2.8,3.2,14.0,1.4,BOU(H3) · EVE(A3) · TOT(H2) · MUN(H4) · SUN(A3),3.0,True,2.576,5,12.88,12.88,2.573,Nailed,69,23,False
Jannik Schuster,Brentford,DEF,4.5,81.5,0.049,0.039,0.028,0.426,1.336,0.904,0.476,5.666666666666667,5.142,2.571,0.5,False,1.143,available,False,False,,True,5.2,7.0,5.2,21.0,0.3,AVL(A3) · LIV(H4) · HUL(A2) · NFO(H3) · BHA(A4),3.2,True,5.129,5,25.64,12.82,2.571,Rotation risk,70,30,False
Brooke Norton-Cuffy,Hull City,DEF,4.0,90.0,0.047,0.079,0.027,0.532,0.0,0.633,0.203,0.0,3.368,2.526,0.75,False,0.842,doubtful,False,True,75.0,True,0.2,0.5,0.3,1.0,0.2,EVE(H3) · FUL(A3) · BRE(H3) · IPS(H2) · ARS(A5),3.2,True,3.364,5,16.82,12.62,2.526,Doubtful,71,31,False
Tatsuhiro Sakamoto,Coventry City,MID,4.8,77.6,0.063,0.056,0.037,0.5,1.119,0.187,0.354,5.0,4.16,2.496,0.6,False,0.867,available,False,False,,True,0.2,1.0,0.2,1.0,0.1,NEW(H3) · TOT(A3) · FUL(H2) · SUN(H3) · EVE(A3),2.8,True,4.176,5,20.88,12.53,2.496,Likely starter,72,24,False
Matheus Nunes,Man City,DEF,5.9,61.5,0.046,0.042,0.027,0.415,1.43,0.688,0.454,6.0,4.987,2.494,0.5,False,0.845,available,False,False,100.0,True,2.5,3.7,2.5,11.0,1.0,LIV(A4) · IPS(H2) · AVL(A3) · BHA(H3) · NFO(A3),3.0,True,4.984,5,24.92,12.46,2.494,Rotation risk,73,32,False
Ayden Heaven,Man Utd,DEF,4.4,69.0,0.041,0.038,0.026,0.372,1.616,0.688,0.481,6.8,5.157,2.475,0.48,False,1.172,available,False,False,,True,0.0,1.0,0.0,1.0,0.3,TOT(H2) · LEE(A3) · BOU(H3) · CHE(A4) · AVL(H3),3.0,True,5.161,5,25.81,12.39,2.475,Rotation risk,74,33,False
Karl Darlow,Man Utd,GKP,4.5,90.0,0.035,0.032,0.025,0.32,0.0,0.688,0.199,0.6,3.207,2.405,0.75,False,0.713,doubtful,False,True,75.0,True,0.0,0.0,0.0,0.0,0.0,TOT(H2) · LEE(A3) · BOU(H3) · CHE(A4) · AVL(H3),3.0,True,3.211,5,16.05,12.04,2.405,Doubtful,75,11,False
Noni Madueke,Arsenal,MID,6.2,57.6,0.077,0.069,0.043,0.612,0.859,0.172,0.343,4.300000000000001,2.986,2.389,0.8,True,0.482,available,False,False,,True,0.2,1.0,0.2,2.0,0.2,LEE(H3) · NFO(A3) · EVE(H3) · LIV(A4) · HUL(H2),3.0,True,2.993,5,14.97,11.98,2.389,Likely starter,76,25,False
Dango Ouattara,Brentford,MID,6.3,47.0,0.07,0.057,0.04,0.538,1.188,0.226,0.377,5.2,3.329,2.23,0.67,True,0.528,available,False,False,,True,1.0,1.4,1.0,7.0,0.5,AVL(A3) · LIV(H4) · HUL(A2) · NFO(H3) · BHA(A4),3.2,True,3.312,5,16.56,11.1,2.23,Likely starter,77,26,False
El Hadji Malick Diouf,Brentford,DEF,4.5,45.25,0.041,0.038,0.025,0.37,1.575,0.904,0.508,6.6000000000000005,4.357,2.178,0.5,False,0.968,available,False,False,,True,0.5,1.0,0.5,2.0,0.1,AVL(A3) · LIV(H4) · HUL(A2) · NFO(H3) · BHA(A4),3.2,True,4.346,5,21.73,10.86,2.178,Rotation risk,78,34,False
Darnell Furlong,Ipswich Town,DEF,3.9,90.0,0.05,0.043,0.028,0.439,0.105,0.688,0.282,2.0,3.514,2.108,0.6,False,0.901,available,False,False,,True,0.2,1.0,0.2,1.0,0.6,FUL(H2) · MCI(A5) · NFO(H3) · HUL(A2) · BOU(H3),3.0,True,3.519,5,17.6,10.56,2.108,Likely starter,79,35,False
Freddie Woodman,Liverpool,GKP,4.0,78.4,0.035,0.032,0.025,0.32,0.0,0.582,0.17,0.3333333333333333,3.072,2.089,0.68,False,0.768,available,False,False,,True,0.0,0.0,0.0,0.0,1.0,MCI(H4) · BRE(A3) · BHA(H3) · ARS(H4) · CRY(A3),3.4,True,3.062,5,15.31,10.41,2.089,Likely starter,80,12,False
Ryan Gravenberch,Liverpool,MID,5.8,59.8,0.057,0.059,0.033,0.478,1.221,0.145,0.355,5.300000000000001,3.199,2.079,0.65,False,0.552,available,False,False,,True,1.0,1.8,1.0,9.0,1.1,MCI(H4) · BRE(A3) · BHA(H3) · ARS(H4) · CRY(A3),3.4,True,3.184,5,15.92,10.35,2.079,Likely starter,81,27,False
Honest Ahanor,Crystal Palace,DEF,4.5,68.4,0.046,0.04,0.027,0.409,1.985,0.582,0.699,12.0,5.675,2.043,0.36,False,1.261,available,False,False,,True,1.0,3.0,1.0,3.0,0.0,NFO(H3) · BHA(A4) · NEW(H3) · TOT(A3) · LIV(H4),3.4,True,5.663,5,28.31,10.19,2.043,Rotation risk,82,36,False
Dayann Methalie,Sunderland,DEF,4.5,53.8,0.043,0.039,0.026,0.388,1.654,0.688,0.493,7.0,4.223,2.027,0.48,False,0.938,available,False,False,100.0,True,-0.2,-1.0,-0.2,-1.0,0.0,BHA(H3) · BOU(A3) · LEE(H3) · COV(A2) · CHE(H4),3.0,True,4.226,5,21.13,10.14,2.027,Rotation risk,83,37,False
Mateus Fernandes,Spurs,MID,5.7,52.75,0.066,0.066,0.037,0.544,1.721,0.172,0.466,7.4,3.903,1.952,0.5,False,0.685,available,False,False,,True,1.5,1.4,1.5,7.0,0.8,MUN(A4) · COV(H2) · CHE(A4) · CRY(H2) · LEE(A3),3.0,True,3.9,5,19.5,9.75,1.952,Rotation risk,84,28,False
Christian Walton,Ipswich Town,GKP,4.4,90.0,0.035,0.032,0.025,0.32,0.0,0.688,0.198,0.5714285714285714,3.206,1.924,0.6,False,0.729,available,False,False,,True,0.5,2.0,0.5,2.0,0.4,FUL(H2) · MCI(A5) · NFO(H3) · HUL(A2) · BOU(H3),3.0,True,3.21,5,16.05,9.63,1.924,Likely starter,85,13,False
Luke O'Nien,Sunderland,DEF,3.9,85.4,0.044,0.039,0.026,0.394,0.549,0.688,0.34,3.5,3.971,1.906,0.48,False,1.018,available,False,False,,True,0.0,1.0,0.0,1.0,2.5,BHA(H3) · BOU(A3) · LEE(H3) · COV(A2) · CHE(H4),3.0,True,3.974,5,19.87,9.54,1.906,Rotation risk,86,38,False
Sidiki Cherif,Coventry City,FWD,5.0,64.6,0.089,0.047,0.049,0.521,1.133,0.0,0.302,4.0,3.956,1.899,0.48,False,0.791,available,False,False,,True,0.2,1.0,0.2,1.0,0.1,NEW(H3) · TOT(A3) · FUL(H2) · SUN(H3) · EVE(A3),2.8,True,3.972,5,19.86,9.53,1.899,Rotation risk,87,8,False
N. Jackson,Aston Villa,FWD,6.5,53.6,0.078,0.049,0.042,0.479,1.133,0.0,0.291,4.0,2.903,1.887,0.65,False,0.447,available,False,False,,True,2.5,2.5,2.5,10.0,1.5,BRE(H3) · NEW(A3) · MCI(H4) · FUL(H2) · MUN(A4),3.2,True,2.899,5,14.49,9.42,1.887,Likely starter,88,9,False
Callum Hudson-Odoi,Nott'm Forest,MID,5.8,56.4,0.076,0.088,0.043,0.662,0.245,0.158,0.276,2.5999999999999996,2.341,1.803,0.77,True,0.404,available,False,False,100.0,True,0.2,1.0,0.2,1.0,0.1,CRY(A3) · ARS(H4) · IPS(A2) · BRE(A3) · MCI(H4),3.2,True,2.319,5,11.6,8.93,1.803,Likely starter,89,29,False
Igor Jesus,Nott'm Forest,FWD,5.8,56.25,0.152,0.053,0.077,0.799,1.315,0.0,0.394,4.5,3.508,1.754,0.5,False,0.605,available,False,False,,True,2.5,2.4,2.5,12.0,2.6,CRY(A3) · ARS(H4) · IPS(A2) · BRE(A3) · MCI(H4),3.2,True,3.482,5,17.41,8.7,1.754,Rotation risk,90,10,False
Lamare Bogarde,Aston Villa,MID,4.9,67.4,0.042,0.038,0.026,0.335,0.703,0.158,0.267,3.9000000000000004,3.463,1.662,0.48,False,0.707,available,False,False,,True,0.0,1.0,0.0,1.0,0.1,BRE(H3) · NEW(A3) · MCI(H4) · FUL(H2) · MUN(A4),3.2,True,3.46,5,17.3,8.3,1.662,Rotation risk,91,30,False
Hákon Rafn Valdimarsson,Brentford,GKP,4.5,82.8,0.036,0.032,0.025,0.322,0.0,0.904,0.223,0.3333333333333333,3.449,1.656,0.48,False,0.766,available,False,False,,True,0.0,0.0,0.0,0.0,0.1,AVL(A3) · LIV(H4) · HUL(A2) · NFO(H3) · BHA(A4),3.2,True,3.439,5,17.2,8.26,1.656,Rotation risk,92,14,False
Patrick Dorgu,Man Utd,MID,5.8,45.4,0.05,0.045,0.03,0.4,0.974,0.172,0.313,4.6000000000000005,2.859,1.601,0.56,False,0.493,available,False,False,,True,2.5,2.0,2.5,10.0,0.5,TOT(H2) · LEE(A3) · BOU(H3) · CHE(A4) · AVL(H3),3.0,True,2.864,5,14.32,8.02,1.601,Rotation risk,93,31,False
Mateo Kovačić,Man City,MID,5.4,55.0,0.068,0.06,0.042,0.538,0.587,0.172,0.298,3.6,2.595,1.557,0.6,False,0.481,available,False,False,,True,0.2,1.0,0.2,2.0,0.1,LIV(A4) · IPS(H2) · AVL(A3) · BHA(H3) · NFO(A3),3.0,True,2.591,5,12.95,7.77,1.557,Likely starter,94,32,False
Zavier Gozo,Crystal Palace,MID,4.9,70.8,0.093,0.091,0.057,0.764,0.007,0.145,0.226,1.0,3.142,1.508,0.48,False,0.641,available,False,False,,True,0.5,1.0,0.5,2.0,0.0,NFO(H3) · BHA(A4) · NEW(H3) · TOT(A3) · LIV(H4),3.4,True,3.119,5,15.6,7.49,1.508,Rotation risk,95,33,False
Ilia Gruev,Leeds,MID,5.0,57.6,0.058,0.052,0.032,0.464,0.336,0.145,0.247,2.9,2.192,1.425,0.65,False,0.438,available,False,False,100.0,True,0.0,0.0,0.0,0.0,0.0,ARS(A5) · MUN(H4) · SUN(A3) · BOU(A3) · TOT(H2),3.4,True,2.17,5,10.85,7.05,1.425,Likely starter,96,34,False
Matt Targett,Hull City,DEF,4.0,86.8,0.044,0.075,0.026,0.502,0.088,0.633,0.282,1.9,3.505,1.262,0.36,False,0.876,doubtful,False,True,75.0,True,0.0,1.0,0.0,1.0,1.6,EVE(H3) · FUL(A3) · BRE(H3) · IPS(H2) · ARS(A5),3.2,True,3.501,5,17.51,6.3,1.262,Doubtful,97,39,False
Tino Livramento,Newcastle,DEF,4.9,64.8,0.043,0.042,0.026,0.395,0.974,0.748,0.398,4.6,4.515,1.219,0.27,False,0.921,doubtful,False,True,75.0,True,0.8,2.0,1.0,4.0,0.1,COV(A2) · AVL(H3) · CRY(A3) · EVE(H3) · FUL(A3),2.8,True,4.519,5,22.59,6.1,1.219,Doubtful,98,40,False
Mason Mount,Man Utd,MID,5.4,50.8,0.051,0.048,0.03,0.414,0.781,0.172,0.294,4.1,2.661,0.958,0.36,False,0.493,available,False,False,100.0,True,0.2,1.0,0.2,1.0,0.0,TOT(H2) · LEE(A3) · BOU(H3) · CHE(A4) · AVL(H3),3.0,True,2.666,5,13.33,4.8,0.958,Rotation risk,99,35,False
Tyler Dibling,Everton,MID,5.4,50.4,0.074,0.052,0.042,0.543,0.549,0.158,0.292,3.5,2.542,0.915,0.36,True,0.471,available,False,False,,True,0.2,1.0,0.2,1.0,0.0,HUL(A2) · CHE(H4) · ARS(A5) · NEW(A3) · COV(H2),3.2,True,2.526,5,12.63,4.55,0.915,Rotation risk,100,36,False
Lucas Bergvall,Spurs,MID,5.3,45.0,0.072,0.063,0.038,0.568,0.168,0.172,0.246,2.3,2.154,0.797,0.37,False,0.406,available,False,False,,True,0.5,1.0,0.5,3.0,0.1,MUN(A4) · COV(H2) · CHE(A4) · CRY(H2) · LEE(A3),3.0,True,2.151,5,10.75,3.98,0.797,Rotation risk,101,37,False
Rico Lewis,Man City,DEF,4.4,46.6,0.042,0.047,0.026,0.404,0.587,0.688,0.346,3.6,3.025,0.726,0.24,False,0.687,available,False,False,,True,0.0,1.0,0.0,1.0,0.2,LIV(A4) · IPS(H2) · AVL(A3) · BHA(H3) · NFO(A3),3.0,True,3.022,5,15.11,3.63,0.726,Rotation risk,102,41,False
Óscar Mingueza,Crystal Palace,DEF,4.4,50.0,0.044,0.061,0.026,0.459,0.105,0.582,0.269,2.0,2.415,0.58,0.24,False,0.549,available,False,False,,True,0.5,1.0,0.5,2.0,0.1,NFO(H3) · BHA(A4) · NEW(H3) · TOT(A3) · LIV(H4),3.4,True,2.401,5,12.01,2.88,0.58,Rotation risk,103,42,False
Paddy McNair,Hull City,DEF,4.0,58.2,0.043,0.038,0.026,0.387,0.0,0.633,0.175,0.0,2.195,0.263,0.12,False,0.549,available,False,False,100.0,True,0.0,1.0,0.0,1.0,0.1,EVE(H3) · FUL(A3) · BRE(H3) · IPS(H2) · ARS(A5),3.2,True,2.192,5,10.96,1.32,0.263,Rotation risk,104,43,False
Hugo Ekitiké,Liverpool,FWD,7.4,86.8,0.576,0.166,0.579,3.063,1.315,0.0,0.982,4.5,7.36,0.0,0.0,False,0.995,injured,True,False,0.0,True,0.0,0.0,0.0,0.0,0.1,MCI(H4) · BRE(A3) · BHA(H3) · ARS(H4) · CRY(A3),3.4,True,7.262,5,36.31,0.0,0.0,Unavailable,105,11,False
Cristian Romero,Spurs,DEF,5.0,68.6,0.05,0.042,0.028,0.439,1.985,0.688,0.722,12.0,5.834,0.0,0.0,False,1.167,unavailable,True,False,0.0,True,0.0,0.0,0.0,0.0,0.1,MUN(A4) · COV(H2) · CHE(A4) · CRY(H2) · LEE(A3),3.0,True,5.831,5,29.16,0.0,0.0,Unavailable,106,44,False
Sepp van den Berg,Brentford,DEF,4.9,90.0,0.049,0.038,0.027,0.421,1.851,0.904,0.6,8.5,5.776,0.0,0.0,False,1.179,injured,True,False,0.0,True,0.0,0.0,0.0,0.0,0.1,AVL(A3) · LIV(H4) · HUL(A2) · NFO(H3) · BHA(A4),3.2,True,5.763,5,28.81,0.0,0.0,Unavailable,107,45,False
Richarlison,Spurs,FWD,5.9,78.4,0.24,0.066,0.114,1.207,1.747,0.0,0.576,6.3,5.53,0.0,0.0,True,0.937,unavailable,True,False,0.0,True,0.0,2.0,0.0,2.0,0.6,MUN(A4) · COV(H2) · CHE(A4) · CRY(H2) · LEE(A3),3.0,True,5.523,5,27.61,0.0,0.0,Unavailable,108,12,False
Matthijs de Ligt,Man Utd,DEF,5.0,90.0,0.05,0.038,0.027,0.427,1.823,0.688,0.552,8.2,5.49,0.0,0.0,False,1.098,injured,True,False,0.0,True,0.0,0.0,0.0,0.0,0.0,TOT(H2) · LEE(A3) · BOU(H3) · CHE(A4) · AVL(H3),3.0,True,5.495,5,27.48,0.0,0.0,Unavailable,109,46,False
Mats Wieffer,Brighton,DEF,4.9,78.0,0.044,0.056,0.027,0.444,1.789,0.582,0.526,7.8999999999999995,5.341,0.0,0.0,False,1.09,injured,True,False,0.0,True,0.0,3.5,0.0,7.0,0.2,SUN(A3) · CRY(H2) · LIV(A4) · MCI(A5) · BRE(H3),3.4,True,5.321,5,26.6,0.0,0.0,Unavailable,110,47,False
Yankuba Minteh,Brighton,MID,5.8,87.2,0.111,0.097,0.068,0.875,1.764,0.145,0.543,7.7,5.327,0.0,0.0,False,0.918,injured,True,False,0.0,True,0.0,0.0,0.0,0.0,0.0,SUN(A3) · CRY(H2) · LIV(A4) · MCI(A5) · BRE(H3),3.4,True,5.287,5,26.43,0.0,0.0,Unavailable,111,38,False
Max Alleyne,Man City,DEF,5.0,90.0,0.042,0.039,0.026,0.38,1.736,0.688,0.513,7.5,5.317,0.0,0.0,False,1.063,unavailable,True,False,0.0,True,0.0,0.0,0.0,0.0,0.0,LIV(A4) · IPS(H2) · AVL(A3) · BHA(H3) · NFO(A3),3.0,True,5.314,5,26.57,0.0,0.0,Unavailable,112,48,False
Nathan Collins,Brentford,DEF,5.4,90.0,0.059,0.046,0.031,0.509,1.403,0.904,0.501,5.9,5.317,0.0,0.0,True,0.985,injured,True,False,0.0,True,0.0,3.3,1.0,10.0,1.0,AVL(A3) · LIV(H4) · HUL(A2) · NFO(H3) · BHA(A4),3.2,True,5.301,5,26.51,0.0,0.0,Unavailable,113,49,False
William Saliba,Arsenal,DEF,5.9,90.0,0.048,0.054,0.028,0.465,1.616,0.688,0.498,6.8,5.267,0.0,0.0,False,0.893,injured,True,False,0.0,True,0.0,0.0,0.0,0.0,0.2,LEE(H3) · NFO(A3) · EVE(H3) · LIV(A4) · HUL(H2),3.0,True,5.273,5,26.36,0.0,0.0,Unavailable,114,50,False
Jenson Seelt,Sunderland,DEF,4.5,68.8,0.042,0.045,0.026,0.402,1.654,0.688,0.496,7.0,5.24,0.0,0.0,False,1.164,unavailable,True,False,0.0,True,0.0,0.0,0.0,0.0,0.0,BHA(H3) · BOU(A3) · LEE(H3) · COV(A2) · CHE(H4),3.0,True,5.243,5,26.22,0.0,0.0,Unavailable,115,51,False
Conor Bradley,Liverpool,DEF,5.0,62.2,0.043,0.042,0.026,0.397,1.654,0.582,0.477,7.0,5.11,0.0,0.0,False,1.022,injured,True,False,0.0,True,0.0,0.0,0.0,0.0,0.0,MCI(H4) · BRE(A3) · BHA(H3) · ARS(H4) · CRY(A3),3.4,True,5.097,5,25.49,0.0,0.0,Unavailable,116,52,False
Joelinton,Newcastle,MID,5.4,75.4,0.055,0.044,0.032,0.42,1.914,0.187,0.531,9.4,5.052,0.0,0.0,False,0.936,injured,True,False,0.0,True,0.0,0.0,0.0,0.0,0.0,COV(A2) · AVL(H3) · CRY(A3) · EVE(H3) · FUL(A3),2.8,True,5.056,5,25.28,0.0,0.0,Unavailable,117,39,False
Dan Burn,Newcastle,DEF,4.8,60.2,0.049,0.041,0.028,0.432,1.403,0.748,0.462,5.9,5.045,0.0,0.0,False,1.051,injured,True,False,0.0,True,0.0,0.0,0.0,0.0,0.7,COV(A2) · AVL(H3) · CRY(A3) · EVE(H3) · FUL(A3),2.8,True,5.049,5,25.24,0.0,0.0,Unavailable,118,53,False
Nikola Milenković,Nott'm Forest,DEF,5.4,90.0,0.05,0.037,0.028,0.42,1.506,0.633,0.458,6.3,5.017,0.0,0.0,False,0.929,injured,True,False,0.0,True,0.0,4.0,2.5,12.0,1.0,CRY(A3) · ARS(H4) · IPS(A2) · BRE(A3) · MCI(H4),3.2,True,5.003,5,25.02,0.0,0.0,Unavailable,119,54,False
Pape Matar Sarr,Spurs,MID,4.9,64.0,0.073,0.077,0.039,0.616,1.672,0.172,0.467,7.1,4.927,0.0,0.0,False,1.006,unavailable,True,False,0.0,True,0.0,0.0,0.0,0.0,0.1,MUN(A4) · COV(H2) · CHE(A4) · CRY(H2) · LEE(A3),3.0,True,4.923,5,24.62,0.0,0.0,Unavailable,120,40,False
Anthony Elanga,Newcastle,MID,6.1,74.6,0.213,0.084,0.232,1.419,0.703,0.187,0.509,3.9,4.818,0.0,0.0,False,0.79,injured,True,False,0.0,True,0.0,6.0,2.2,18.0,4.6,COV(A2) · AVL(H3) · CRY(A3) · EVE(H3) · FUL(A3),2.8,True,4.831,5,24.15,0.0,0.0,Unavailable,121,41,False
Nathan Patterson,Everton,DEF,4.5,65.6,0.042,0.042,0.026,0.389,1.316,0.633,0.422,5.6,4.76,0.0,0.0,False,1.058,unavailable,True,False,0.0,True,0.0,0.0,0.0,0.0,0.0,HUL(A2) · CHE(H4) · ARS(A5) · NEW(A3) · COV(H2),3.2,True,4.749,5,23.74,0.0,0.0,Unavailable,122,55,False
Mikey Moore,Spurs,MID,5.0,68.0,0.314,0.057,0.458,1.943,0.088,0.172,0.547,1.9,4.75,0.0,0.0,False,0.95,unavailable,True,False,0.0,True,0.0,1.5,0.2,3.0,0.1,MUN(A4) · COV(H2) · CHE(A4) · CRY(H2) · LEE(A3),3.0,True,4.738,5,23.69,0.0,0.0,Unavailable,123,42,False
Ian Maatsen,Aston Villa,DEF,4.4,82.333336,0.047,0.04,0.027,0.412,1.253,0.633,0.417,5.4,4.715,0.0,0.0,False,1.072,injured,True,False,0.0,True,0.0,2.2,2.2,9.0,0.5,BRE(H3) · NEW(A3) · MCI(H4) · FUL(H2) · MUN(A4),3.2,True,4.711,5,23.56,0.0,0.0,Unavailable,124,56,False
Zach Abbott,Nott'm Forest,DEF,4.0,60.5,0.042,0.038,0.026,0.378,1.285,0.633,0.416,5.5,4.712,0.0,0.0,False,1.178,unavailable,True,False,0.0,True,0.0,0.0,0.0,0.0,0.1,CRY(A3) · ARS(H4) · IPS(A2) · BRE(A3) · MCI(H4),3.2,True,4.7,5,23.5,0.0,0.0,Unavailable,125,57,False
Amadou Onana,Aston Villa,MID,4.9,90.0,0.053,0.047,0.03,0.418,1.689,0.158,0.429,7.199999999999999,4.694,0.0,0.0,False,0.958,injured,True,False,0.0,True,0.0,0.0,0.0,0.0,0.0,BRE(H3) · NEW(A3) · MCI(H4) · FUL(H2) · MUN(A4),3.2,True,4.69,5,23.45,0.0,0.0,Unavailable,126,43,False
Aurèle Amenda,Coventry City,DEF,4.0,90.0,0.046,0.037,0.027,0.396,1.119,0.748,0.416,5.0,4.679,0.0,0.0,False,1.17,injured,True,False,0.0,True,0.0,1.0,0.8,4.0,0.6,NEW(H3) · TOT(A3) · FUL(H2) · SUN(H3) · EVE(A3),2.8,True,4.691,5,23.46,0.0,0.0,Unavailable,127,58,False
Sebastiaan Bornauw,Leeds,DEF,4.5,67.4,0.044,0.038,0.026,0.393,1.285,0.582,0.41,5.5,4.67,0.0,0.0,False,1.038,unavailable,True,False,0.0,True,0.0,0.0,0.0,0.0,0.0,ARS(A5) · MUN(H4) · SUN(A3) · BOU(A3) · TOT(H2),3.4,True,4.651,5,23.26,0.0,0.0,Unavailable,128,59,False
Trevoh Chalobah,Chelsea,DEF,5.5,75.2,0.049,0.039,0.027,0.422,1.119,0.688,0.41,5.0,4.639,0.0,0.0,False,0.843,unavailable,True,False,0.0,True,0.0,0.0,0.0,0.0,0.1,BOU(H3) · EVE(A3) · TOT(H2) · MUN(H4) · SUN(A3),3.0,True,4.643,5,23.22,0.0,0.0,Unavailable,129,60,False
Veljko Milosavljević,Bournemouth,DEF,4.9,70.75,0.042,0.038,0.026,0.376,1.204,0.633,0.404,5.25,4.617,0.0,0.0,False,0.942,injured,True,False,0.0,True,0.0,0.0,0.0,0.0,0.0,CHE(A4) · SUN(H3) · MUN(A4) · LEE(H3) · IPS(A2),3.2,True,4.606,5,23.03,0.0,0.0,Unavailable,130,61,False
Morato,Nott'm Forest,DEF,5.0,64.2,0.042,0.039,0.026,0.379,1.188,0.633,0.403,5.2,4.603,0.0,0.0,False,0.921,unavailable,True,False,0.0,True,0.0,0.0,0.0,0.0,0.0,CRY(A3) · ARS(H4) · IPS(A2) · BRE(A3) · MCI(H4),3.2,True,4.59,5,22.95,0.0,0.0,Unavailable,131,62,False
Mathias Jensen,Brentford,MID,5.4,83.2,0.056,0.065,0.032,0.492,1.456,0.226,0.407,6.1,4.581,0.0,0.0,False,0.848,injured,True,False,0.0,True,0.0,6.0,0.0,6.0,0.1,AVL(A3) · LIV(H4) · HUL(A2) · NFO(H3) · BHA(A4),3.2,True,4.566,5,22.83,0.0,0.0,Unavailable,132,44,False
Curtis Jones,Liverpool,MID,5.5,89.4,0.052,0.055,0.029,0.439,1.553,0.145,0.4,6.5,4.537,0.0,0.0,False,0.825,unavailable,True,False,0.0,True,0.0,0.0,0.0,0.0,0.0,MCI(H4) · BRE(A3) · BHA(H3) · ARS(H4) · CRY(A3),3.4,True,4.523,5,22.61,0.0,0.0,Unavailable,133,45,False
Ollie Watkins,Aston Villa,FWD,7.8,74.0,0.225,0.11,0.185,1.315,0.75,0.0,0.462,3.1,4.527,0.0,0.0,True,0.58,unavailable,True,False,0.0,True,0.0,0.0,0.0,0.0,2.5,BRE(H3) · NEW(A3) · MCI(H4) · FUL(H2) · MUN(A4),3.2,True,4.515,5,22.58,0.0,0.0,Unavailable,134,13,False
Joe Rodon,Leeds,DEF,4.3,90.0,0.041,0.039,0.026,0.376,1.154,0.582,0.39,5.1,4.502,0.0,0.0,False,1.047,injured,True,False,0.0,True,0.0,3.5,0.2,7.0,0.8,ARS(A5) · MUN(H4) · SUN(A3) · BOU(A3) · TOT(H2),3.4,True,4.484,5,22.42,0.0,0.0,Unavailable,135,63,False
Kalvin Phillips,Man City,MID,5.0,87.2,0.046,0.044,0.028,0.375,1.403,0.172,0.365,5.9,4.315,0.0,0.0,False,0.863,unavailable,True,False,0.0,True,0.0,0.0,0.0,0.0,0.0,LIV(A4) · IPS(H2) · AVL(A3) · BHA(H3) · NFO(A3),3.0,True,4.312,5,21.56,0.0,0.0,Unavailable,136,46,False
Chadi Riad,Crystal Palace,DEF,4.3,87.5,0.043,0.04,0.026,0.392,0.898,0.582,0.362,4.4,4.234,0.0,0.0,False,0.985,injured,True,False,0.0,True,0.0,1.0,0.0,1.0,0.0,NFO(H3) · BHA(A4) · NEW(H3) · TOT(A3) · LIV(H4),3.4,True,4.222,5,21.11,0.0,0.0,Unavailable,137,64,False
J. Timber,Arsenal,DEF,6.5,45.0,0.041,0.036,0.026,0.367,1.654,0.688,0.489,7.0,4.198,0.0,0.0,False,0.646,available,False,False,100.0,True,0.2,0.5,0.2,1.0,0.4,LEE(H3) · NFO(A3) · EVE(H3) · LIV(A4) · HUL(H2),3.0,True,4.202,5,21.01,0.0,0.0,Unavailable,138,65,False
Ben Johnson,Ipswich Town,DEF,4.0,79.2,0.045,0.049,0.027,0.429,0.703,0.688,0.364,3.9,4.184,0.0,0.0,False,1.046,unavailable,True,False,0.0,True,0.0,0.0,0.0,0.0,0.1,FUL(H2) · MCI(A5) · NFO(H3) · HUL(A2) · BOU(H3),3.0,True,4.189,5,20.95,0.0,0.0,Unavailable,139,66,False
Rodrigo,Man City,MID,6.5,59.4,0.207,0.063,0.136,1.289,1.188,0.172,0.527,5.199999999999999,4.176,0.0,0.0,False,0.642,unavailable,True,False,0.0,True,0.0,0.0,0.0,0.0,0.0,LIV(A4) · IPS(H2) · AVL(A3) · BHA(H3) · NFO(A3),3.0,True,4.166,5,20.83,0.0,0.0,Unavailable,140,47,False
Luke Woolfenden,Coventry City,DEF,4.0,72.0,0.042,0.038,0.026,0.378,0.664,0.748,0.36,3.8,4.15,0.0,0.0,False,1.038,injured,True,False,0.0,True,0.0,0.0,0.0,0.0,0.1,NEW(H3) · TOT(A3) · FUL(H2) · SUN(H3) · EVE(A3),2.8,True,4.162,5,20.81,0.0,0.0,Unavailable,141,67,False
Justin Devenny,Crystal Palace,MID,5.0,63.8,0.059,0.042,0.035,0.435,1.221,0.145,0.347,5.3,4.148,0.0,0.0,False,0.83,unavailable,True,False,0.0,True,0.0,0.0,0.0,0.0,0.0,NFO(H3) · BHA(A4) · NEW(H3) · TOT(A3) · LIV(H4),3.4,True,4.135,5,20.67,0.0,0.0,Unavailable,142,48,False
Merlin Röhl,Everton,MID,4.9,88.0,0.043,0.041,0.026,0.35,1.221,0.158,0.331,5.3,4.06,0.0,0.0,False,0.829,injured,True,False,0.0,True,0.0,2.0,0.8,6.0,0.0,HUL(A2) · CHE(H4) · ARS(A5) · NEW(A3) · COV(H2),3.2,True,4.05,5,20.25,0.0,0.0,Unavailable,143,49,False
Nicolò Savona,Nott'm Forest,DEF,4.5,79.2,0.045,0.047,0.026,0.421,0.626,0.633,0.345,3.7,4.025,0.0,0.0,False,0.894,injured,True,False,0.0,True,0.0,0.0,0.0,0.0,0.0,CRY(A3) · ARS(H4) · IPS(A2) · BRE(A3) · MCI(H4),3.2,True,4.011,5,20.06,0.0,0.0,Unavailable,144,68,False
William Osula,Newcastle,FWD,5.8,71.2,0.124,0.056,0.067,0.694,0.97,0.0,0.328,3.5999999999999996,3.992,0.0,0.0,False,0.688,injured,True,False,0.0,True,0.0,4.0,0.0,4.0,0.3,COV(A2) · AVL(H3) · CRY(A3) · EVE(H3) · FUL(A3),2.8,True,3.998,5,19.99,0.0,0.0,Unavailable,145,14,False
Wes Burns,Ipswich Town,MID,5.0,65.8,0.052,0.049,0.031,0.421,0.974,0.172,0.318,4.6000000000000005,3.885,0.0,0.0,False,0.777,unavailable,True,False,0.0,True,0.0,0.0,0.0,0.0,0.0,FUL(H2) · MCI(A5) · NFO(H3) · HUL(A2) · BOU(H3),3.0,True,3.89,5,19.45,0.0,0.0,Unavailable,146,50,False
Lucas Digne,Aston Villa,DEF,4.5,58.8,0.046,0.058,0.027,0.464,1.221,0.633,0.423,5.3,3.741,0.0,0.0,False,0.831,unavailable,True,False,0.0,True,0.0,0.0,0.0,0.0,0.0,BRE(H3) · NEW(A3) · MCI(H4) · FUL(H2) · MUN(A4),3.2,True,3.737,5,18.68,0.0,0.0,Unavailable,147,69,False
Dejan Kulusevski,Spurs,MID,6.5,48.2,0.124,0.088,0.078,0.922,1.188,0.172,0.448,5.2,3.73,0.0,0.0,False,0.574,injured,True,False,0.0,True,0.0,0.0,0.0,0.0,0.0,MUN(A4) · COV(H2) · CHE(A4) · CRY(H2) · LEE(A3),3.0,True,3.724,5,18.62,0.0,0.0,Unavailable,148,51,False
Mamadou Sarr,Chelsea,DEF,4.5,81.0,0.04,0.035,0.025,0.354,0.369,0.688,0.311,3.0,3.722,0.0,0.0,False,0.827,unavailable,True,False,0.0,True,0.0,0.0,0.0,0.0,0.0,BOU(H3) · EVE(A3) · TOT(H2) · MUN(H4) · SUN(A3),3.0,True,3.726,5,18.63,0.0,0.0,Unavailable,149,70,False
Phil Foden,Man City,MID,6.9,65.333336,0.074,0.104,0.045,0.703,0.512,0.172,0.322,3.4,3.709,0.0,0.0,False,0.538,suspended,True,False,0.0,True,0.0,2.2,2.0,9.0,1.8,LIV(A4) · IPS(H2) · AVL(A3) · BHA(H3) · NFO(A3),3.0,True,3.703,5,18.52,0.0,0.0,Unavailable,150,52,False
Jack Hinshelwood,Brighton,MID,5.9,84.2,0.099,0.058,0.064,0.695,0.475,0.145,0.314,3.3,3.629,0.0,0.0,False,0.615,injured,True,False,0.0,True,0.0,16.0,0.0,16.0,0.6,SUN(A3) · CRY(H2) · LIV(A4) · MCI(A5) · BRE(H3),3.4,True,3.597,5,17.99,0.0,0.0,Unavailable,151,53,False
Simon Adingra,Sunderland,MID,4.9,60.8,0.071,0.054,0.04,0.536,0.587,0.172,0.297,3.6,3.592,0.0,0.0,False,0.733,unavailable,True,False,0.0,True,0.0,0.0,0.0,0.0,0.0,BHA(H3) · BOU(A3) · LEE(H3) · COV(A2) · CHE(H4),3.0,True,3.596,5,17.98,0.0,0.0,Unavailable,152,54,False
Pau Torres,Aston Villa,DEF,4.5,82.0,0.041,0.036,0.026,0.365,0.274,0.633,0.29,2.7,3.562,0.0,0.0,False,0.792,injured,True,False,0.0,True,0.0,1.0,0.8,3.0,0.3,BRE(H3) · NEW(A3) · MCI(H4) · FUL(H2) · MUN(A4),3.2,True,3.559,5,17.79,0.0,0.0,Unavailable,153,71,False
Justin Kluivert,Bournemouth,MID,6.0,62.5,0.08,0.066,0.062,0.627,0.439,0.158,0.298,3.2,3.522,0.0,0.0,True,0.587,injured,True,False,0.0,True,0.0,3.8,3.0,15.0,0.9,CHE(A4) · SUN(H3) · MUN(A4) · LEE(H3) · IPS(A2),3.2,True,3.504,5,17.52,0.0,0.0,Unavailable,154,55,False
Tyler Fredricson,Man Utd,DEF,4.0,83.0,0.042,0.037,0.026,0.372,0.105,0.688,0.27,2.0,3.435,0.0,0.0,False,0.859,unavailable,True,False,0.0,True,0.0,0.0,0.0,0.0,0.0,TOT(H2) · LEE(A3) · BOU(H3) · CHE(A4) · AVL(H3),3.0,True,3.439,5,17.2,0.0,0.0,Unavailable,155,72,False
Alex Murphy,Newcastle,DEF,4.0,81.6,0.046,0.042,0.027,0.417,0.007,0.748,0.244,1.0,3.416,0.0,0.0,False,0.854,unavailable,True,False,0.0,True,0.0,0.0,0.0,0.0,0.1,COV(A2) · AVL(H3) · CRY(A3) · EVE(H3) · FUL(A3),2.8,True,3.42,5,17.1,0.0,0.0,Unavailable,156,73,False
Altay Bayındır,Man Utd,GKP,4.5,90.0,0.036,0.032,0.025,0.321,0.0,0.688,0.202,0.6666666666666666,3.211,0.0,0.0,False,0.714,unavailable,True,False,0.0,True,0.0,0.0,0.0,0.0,0.0,TOT(H2) · LEE(A3) · BOU(H3) · CHE(A4) · AVL(H3),3.0,True,3.215,5,16.07,0.0,0.0,Unavailable,157,15,False
Guglielmo Vicario,Spurs,GKP,4.5,90.0,0.036,0.033,0.025,0.322,0.0,0.688,0.186,0.30000000000000004,3.196,0.0,0.0,False,0.71,unavailable,True,False,0.0,True,0.0,0.0,0.0,0.0,0.1,MUN(A4) · COV(H2) · CHE(A4) · CRY(H2) · LEE(A3),3.0,True,3.194,5,15.97,0.0,0.0,Unavailable,158,16,False
Taiwo Awoniyi,Coventry City,FWD,5.4,60.333332,0.113,0.057,0.093,0.664,0.251,0.0,0.248,1.9000000000000001,3.163,0.0,0.0,False,0.586,suspended,True,False,0.0,True,0.0,0.8,0.5,3.0,0.4,NEW(H3) · TOT(A3) · FUL(H2) · SUN(H3) · EVE(A3),2.8,True,3.184,5,15.92,0.0,0.0,Unavailable,159,15,False
Claudio Echeverri,Man City,MID,4.9,65.8,0.065,0.091,0.045,0.621,0.105,0.172,0.244,2.0,3.142,0.0,0.0,False,0.641,unavailable,True,False,0.0,True,0.0,0.0,0.0,0.0,0.0,LIV(A4) · IPS(H2) · AVL(A3) · BHA(H3) · NFO(A3),3.0,True,3.137,5,15.69,0.0,0.0,Unavailable,160,56,False
Chiedozie Ogbene,Ipswich Town,MID,4.9,54.4,0.056,0.054,0.031,0.455,1.154,0.172,0.346,5.1,3.127,0.0,0.0,True,0.638,unavailable,True,False,0.0,True,0.0,0.0,0.0,0.0,0.0,FUL(H2) · MCI(A5) · NFO(H3) · HUL(A2) · BOU(H3),3.0,True,3.132,5,15.66,0.0,0.0,Unavailable,161,57,False
Marco Bizot,Aston Villa,GKP,4.5,81.0,0.035,0.032,0.025,0.32,0.0,0.633,0.174,0.25,3.127,0.0,0.0,False,0.695,injured,True,False,0.0,True,0.0,1.0,0.0,1.0,0.1,BRE(H3) · NEW(A3) · MCI(H4) · FUL(H2) · MUN(A4),3.2,True,3.124,5,15.62,0.0,0.0,Unavailable,162,17,False
Dean Henderson,Crystal Palace,GKP,5.0,90.0,0.036,0.032,0.025,0.32,0.0,0.582,0.177,0.5,3.079,0.0,0.0,False,0.616,injured,True,False,0.0,True,0.0,1.7,0.8,5.0,1.3,NFO(H3) · BHA(A4) · NEW(H3) · TOT(A3) · LIV(H4),3.4,True,3.069,5,15.35,0.0,0.0,Unavailable,163,18,False
Vítězslav Jaroš,Liverpool,GKP,4.0,90.0,0.035,0.032,0.025,0.32,0.0,0.582,0.155,0.0,3.057,0.0,0.0,False,0.764,injured,True,False,0.0,True,0.0,0.0,0.0,0.0,0.0,MCI(H4) · BRE(A3) · BHA(H3) · ARS(H4) · CRY(A3),3.4,True,3.047,5,15.23,0.0,0.0,Unavailable,164,19,False
Wilson Odobert,Spurs,MID,5.5,53.2,0.137,0.119,0.099,1.085,0.404,0.172,0.39,3.1,3.051,0.0,0.0,False,0.555,injured,True,False,0.0,True,0.0,0.0,0.0,0.0,0.0,MUN(A4) · COV(H2) · CHE(A4) · CRY(H2) · LEE(A3),3.0,True,3.044,5,15.22,0.0,0.0,Unavailable,165,58,False
Omari Hutchinson,Nott'm Forest,MID,5.4,52.2,0.084,0.071,0.046,0.651,0.859,0.158,0.349,4.3,3.017,0.0,0.0,False,0.559,unavailable,True,False,0.0,True,0.0,0.0,0.0,0.0,0.1,CRY(A3) · ARS(H4) · IPS(A2) · BRE(A3) · MCI(H4),3.2,True,2.996,5,14.98,0.0,0.0,Unavailable,166,59,False
Borna Sosa,Crystal Palace,DEF,4.5,58.4,0.041,0.041,0.025,0.38,0.487,0.582,0.313,3.333333333333333,2.762,0.0,0.0,False,0.614,unavailable,True,False,0.0,True,0.0,0.0,0.0,0.0,0.0,NFO(H3) · BHA(A4) · NEW(H3) · TOT(A3) · LIV(H4),3.4,True,2.751,5,13.75,0.0,0.0,Unavailable,167,74,False
Amad Diallo,Man Utd,MID,5.7,53.0,0.077,0.065,0.047,0.601,0.512,0.172,0.302,3.4,2.587,0.0,0.0,True,0.454,injured,True,False,0.0,True,0.0,0.0,0.0,0.0,0.3,TOT(H2) · LEE(A3) · BOU(H3) · CHE(A4) · AVL(H3),3.0,True,2.594,5,12.97,0.0,0.0,Unavailable,168,60,False
Souza,Spurs,DEF,4.0,54.4,0.051,0.055,0.031,0.485,0.007,0.688,0.247,1.0,2.427,0.0,0.0,False,0.607,unavailable,True,False,0.0,True,0.0,0.0,0.0,0.0,0.2,MUN(A4) · COV(H2) · CHE(A4) · CRY(H2) · LEE(A3),3.0,True,2.424,5,12.12,0.0,0.0,Unavailable,169,75,False
Dilane Bakwa,Nott'm Forest,MID,5.5,45.8,0.089,0.067,0.043,0.664,0.218,0.158,0.272,2.5,2.312,0.0,0.0,False,0.42,unavailable,True,False,0.0,True,0.0,0.0,0.0,0.0,0.0,CRY(A3) · ARS(H4) · IPS(A2) · BRE(A3) · MCI(H4),3.2,True,2.29,5,11.45,0.0,0.0,Unavailable,170,61,False
Jack Taylor,Ipswich Town,MID,4.4,58.6,0.054,0.048,0.031,0.425,0.336,0.172,0.244,2.9,2.177,0.0,0.0,False,0.495,injured,True,False,0.0,True,0.0,0.0,0.0,0.0,0.0,FUL(H2) · MCI(A5) · NFO(H3) · HUL(A2) · BOU(H3),3.0,True,2.182,5,10.91,0.0,0.0,Unavailable,171,62,False
Ethan Nwaneri,Arsenal,MID,5.4,46.0,0.064,0.065,0.038,0.532,0.088,0.172,0.221,1.9000000000000001,2.013,0.0,0.0,False,0.373,unavailable,True,False,0.0,True,0.0,0.0,0.0,0.0,0.0,LEE(H3) · NFO(A3) · EVE(H3) · LIV(A4) · HUL(H2),3.0,True,2.019,5,10.1,0.0,0.0,Unavailable,172,63,False
Tom Cairney,Fulham,MID,4.9,51.2,0.055,0.063,0.031,0.477,0.073,0.221,0.213,1.8,1.984,0.0,0.0,True,0.405,injured,True,False,0.0,True,0.0,0.0,0.0,0.0,0.0,IPS(A2) · HUL(H2) · COV(A2) · AVL(A3) · NEW(H3),2.4,True,2.007,5,10.04,0.0,0.0,Unavailable,173,64,False
