gw,deadline,settled_at,snapshot_ts,player_name,team,position,price,proj_pts_per_game,proj_fixture_adj,p_start,fpl_ep_next,fpl_ppg,fpl_form,availability,actual_points
4,2026-09-12T12:30:00+00:00,2026-09-18T11:44:45+00:00,2026-09-12 11:14:05+00:00,Pascal Groß,Brighton,MID,5.6,4.786,4.756,0.96,5.3,5.3,5.3,available,17.0
4,2026-09-12T12:30:00+00:00,2026-09-18T11:44:45+00:00,2026-09-12 11:14:05+00:00,Jayden Bogle,Leeds,DEF,4.5,5.224,5.209,0.98,7.3,7.3,7.3,available,15.0
4,2026-09-12T12:30:00+00:00,2026-09-18T11:44:45+00:00,2026-09-12 11:14:05+00:00,Kevin Schade,Brentford,MID,6.0,4.514,4.476,0.84,5.0,5.0,5.0,available,15.0
4,2026-09-12T12:30:00+00:00,2026-09-18T11:44:45+00:00,2026-09-12 11:14:05+00:00,Leif Davis,Ipswich Town,DEF,4.0,4.569,4.556,1.0,3.0,3.0,3.0,available,14.0
4,2026-09-12T12:30:00+00:00,2026-09-18T11:44:45+00:00,2026-09-12 11:14:05+00:00,João Pedro,Chelsea,FWD,7.7,6.171,6.218,0.95,7.0,7.0,7.0,available,12.0
4,2026-09-12T12:30:00+00:00,2026-09-18T11:44:45+00:00,2026-09-12 11:14:05+00:00,Lewis Dunk,Brighton,DEF,4.5,5.047,5.032,0.99,3.3,3.3,3.3,available,12.0
4,2026-09-12T12:30:00+00:00,2026-09-18T11:44:45+00:00,2026-09-12 11:14:05+00:00,Joško Gvardiol,Man City,DEF,5.6,4.613,4.6,0.86,7.3,7.3,7.3,available,11.0
4,2026-09-12T12:30:00+00:00,2026-09-18T11:44:45+00:00,2026-09-12 11:14:05+00:00,Dominic Calvert-Lewin,Leeds,FWD,6.0,6.327,6.276,0.94,3.3,3.3,3.3,available,10.0
4,2026-09-12T12:30:00+00:00,2026-09-18T11:44:45+00:00,2026-09-12 11:14:05+00:00,Bernd Leno,Fulham,GKP,4.5,3.282,3.285,1.0,2.0,2.0,2.0,available,9.0
4,2026-09-12T12:30:00+00:00,2026-09-18T11:44:45+00:00,2026-09-12 11:14:05+00:00,Erling Haaland,Man City,FWD,15.5,6.625,6.556,0.99,8.0,8.0,8.0,available,9.0
4,2026-09-12T12:30:00+00:00,2026-09-18T11:44:45+00:00,2026-09-12 11:14:05+00:00,Matheus Nunes,Man City,DEF,5.9,5.077,5.066,0.98,0.3,1.0,0.3,available,9.0
4,2026-09-12T12:30:00+00:00,2026-09-18T11:44:45+00:00,2026-09-12 11:14:05+00:00,Noah Okafor,Leeds,MID,5.9,3.464,3.421,0.64,2.0,2.0,2.0,available,9.0
4,2026-09-12T12:30:00+00:00,2026-09-18T11:44:45+00:00,2026-09-12 11:14:05+00:00,Bart Verbruggen,Brighton,GKP,4.5,3.142,3.132,1.0,3.0,3.0,3.0,available,8.0
4,2026-09-12T12:30:00+00:00,2026-09-18T11:44:45+00:00,2026-09-12 11:14:05+00:00,Bukayo Saka,Arsenal,MID,9.5,9.025,9.067,0.93,7.3,7.3,7.3,available,8.0
4,2026-09-12T12:30:00+00:00,2026-09-18T11:44:45+00:00,2026-09-12 11:14:05+00:00,Daichi Kamada,Crystal Palace,MID,5.0,4.231,4.256,0.79,3.3,3.3,3.3,available,8.0
4,2026-09-12T12:30:00+00:00,2026-09-18T11:44:45+00:00,2026-09-12 11:14:05+00:00,James Tarkowski,Everton,DEF,6.0,5.212,5.199,1.0,7.0,7.0,7.0,available,8.0
4,2026-09-12T12:30:00+00:00,2026-09-18T11:44:45+00:00,2026-09-12 11:14:05+00:00,Jan Paul van Hecke,Spurs,DEF,4.9,5.629,5.626,1.0,3.3,3.3,3.3,available,8.0
4,2026-09-12T12:30:00+00:00,2026-09-18T11:44:45+00:00,2026-09-12 11:14:05+00:00,Justin Kluivert,Bournemouth,MID,6.0,2.758,2.732,0.58,2.3,2.3,2.3,available,8.0
4,2026-09-12T12:30:00+00:00,2026-09-18T11:44:45+00:00,2026-09-12 11:14:05+00:00,Jørgen Strand Larsen,Crystal Palace,FWD,6.0,3.318,3.36,0.65,1.3,1.3,1.3,available,8.0
4,2026-09-12T12:30:00+00:00,2026-09-18T11:44:45+00:00,2026-09-12 11:14:05+00:00,Marcus Tavernier,Bournemouth,MID,6.0,5.306,5.275,0.96,7.0,7.0,7.0,available,8.0
4,2026-09-12T12:30:00+00:00,2026-09-18T11:44:45+00:00,2026-09-12 11:14:05+00:00,Morgan Gibbs-White,Nott'm Forest,MID,7.9,4.488,4.478,0.86,6.0,6.0,6.0,available,8.0
4,2026-09-12T12:30:00+00:00,2026-09-18T11:44:45+00:00,2026-09-12 11:14:05+00:00,Morgan Rogers,Chelsea,MID,7.6,5.139,5.174,1.0,6.3,6.3,6.3,available,8.0
4,2026-09-12T12:30:00+00:00,2026-09-18T11:44:45+00:00,2026-09-12 11:14:05+00:00,Virgil van Dijk,Liverpool,DEF,6.5,5.342,5.362,1.0,3.0,3.0,3.0,available,8.0
4,2026-09-12T12:30:00+00:00,2026-09-18T11:44:45+00:00,2026-09-12 11:14:05+00:00,Antonín Kinský,Spurs,GKP,4.5,3.142,3.14,1.0,3.0,3.0,3.0,available,7.0
4,2026-09-12T12:30:00+00:00,2026-09-18T11:44:45+00:00,2026-09-12 11:14:05+00:00,Ethan Ampadu,Leeds,MID,5.4,5.023,5.011,1.0,3.0,3.0,3.0,available,7.0
4,2026-09-12T12:30:00+00:00,2026-09-18T11:44:45+00:00,2026-09-12 11:14:05+00:00,Gianluigi Donnarumma,Man City,GKP,5.5,3.131,3.123,1.0,3.3,3.3,3.3,available,7.0
4,2026-09-12T12:30:00+00:00,2026-09-18T11:44:45+00:00,2026-09-12 11:14:05+00:00,Igor Jesus,Nott'm Forest,FWD,5.9,4.133,4.126,0.79,1.3,1.3,1.3,available,7.0
4,2026-09-12T12:30:00+00:00,2026-09-18T11:44:45+00:00,2026-09-12 11:14:05+00:00,Ainsley Maitland-Niles,Everton,DEF,4.5,5.273,5.261,0.59,1.8,7.0,7.0,available,6.0
4,2026-09-12T12:30:00+00:00,2026-09-18T11:44:45+00:00,2026-09-12 11:14:05+00:00,Antonee Robinson,Fulham,DEF,4.5,5.714,5.718,0.94,1.3,1.3,1.3,available,6.0
4,2026-09-12T12:30:00+00:00,2026-09-18T11:44:45+00:00,2026-09-12 11:14:05+00:00,Calvin Bassey,Fulham,DEF,4.5,5.64,5.644,0.99,1.0,1.0,1.0,available,6.0
4,2026-09-12T12:30:00+00:00,2026-09-18T11:44:45+00:00,2026-09-12 11:14:05+00:00,Declan Rice,Arsenal,MID,7.4,5.504,5.514,0.99,4.3,4.3,4.3,available,6.0
4,2026-09-12T12:30:00+00:00,2026-09-18T11:44:45+00:00,2026-09-12 11:14:05+00:00,Ferdi Kadıoğlu,Brighton,DEF,4.4,4.688,4.673,0.97,0.7,1.0,0.7,available,6.0
4,2026-09-12T12:30:00+00:00,2026-09-18T11:44:45+00:00,2026-09-12 11:14:05+00:00,Gabriel Gudmundsson,Leeds,DEF,4.5,5.383,5.37,0.99,0.7,2.0,0.7,available,6.0
4,2026-09-12T12:30:00+00:00,2026-09-18T11:44:45+00:00,2026-09-12 11:14:05+00:00,Jarrad Branthwaite,Everton,DEF,5.5,5.155,5.143,0.75,4.3,4.3,4.3,available,6.0
4,2026-09-12T12:30:00+00:00,2026-09-18T11:44:45+00:00,2026-09-12 11:14:05+00:00,John McGinn,Aston Villa,MID,5.4,3.572,3.564,0.99,1.7,1.7,1.7,available,6.0
4,2026-09-12T12:30:00+00:00,2026-09-18T11:44:45+00:00,2026-09-12 11:14:05+00:00,Jordan Pickford,Everton,GKP,5.5,3.126,3.117,1.0,3.7,3.7,3.7,available,6.0
4,2026-09-12T12:30:00+00:00,2026-09-18T11:44:45+00:00,2026-09-12 11:14:05+00:00,Marc Guéhi,Man City,DEF,6.0,5.545,5.534,1.0,6.7,6.7,6.7,available,6.0
4,2026-09-12T12:30:00+00:00,2026-09-18T11:44:45+00:00,2026-09-12 11:14:05+00:00,Micky van de Ven,Spurs,DEF,5.0,4.561,4.558,1.0,3.0,4.5,3.0,available,6.0
4,2026-09-12T12:30:00+00:00,2026-09-18T11:44:45+00:00,2026-09-12 11:14:05+00:00,Murillo,Nott'm Forest,DEF,5.5,4.144,4.14,1.0,4.3,4.3,4.3,available,6.0
4,2026-09-12T12:30:00+00:00,2026-09-18T11:44:45+00:00,2026-09-12 11:14:05+00:00,Olivier Boscagli,Brighton,DEF,4.5,5.213,5.201,0.77,2.3,2.3,2.3,available,6.0
4,2026-09-12T12:30:00+00:00,2026-09-18T11:44:45+00:00,2026-09-12 11:14:05+00:00,Riccardo Calafiori,Arsenal,DEF,5.8,4.844,4.85,0.85,7.3,7.3,7.3,available,6.0
4,2026-09-12T12:30:00+00:00,2026-09-18T11:44:45+00:00,2026-09-12 11:14:05+00:00,Timothy Castagne,Fulham,DEF,4.5,5.227,5.231,0.93,4.3,4.3,4.3,available,6.0
4,2026-09-12T12:30:00+00:00,2026-09-18T11:44:45+00:00,2026-09-12 11:14:05+00:00,Cole Palmer,Chelsea,MID,9.7,5.883,5.945,0.97,7.0,7.0,7.0,available,5.0
4,2026-09-12T12:30:00+00:00,2026-09-18T11:44:45+00:00,2026-09-12 11:14:05+00:00,Elliot Anderson,Man City,MID,6.3,5.308,5.293,0.87,2.7,2.7,2.7,available,5.0
4,2026-09-12T12:30:00+00:00,2026-09-18T11:44:45+00:00,2026-09-12 11:14:05+00:00,Evanilson,Bournemouth,FWD,6.0,4.684,4.66,0.95,3.7,3.7,3.7,available,5.0
4,2026-09-12T12:30:00+00:00,2026-09-18T11:44:45+00:00,2026-09-12 11:14:05+00:00,Liam Delap,Nott'm Forest,FWD,5.5,3.327,3.32,0.54,1.0,1.5,1.0,available,5.0
4,2026-09-12T12:30:00+00:00,2026-09-18T11:44:45+00:00,2026-09-12 11:14:05+00:00,Zian Flemming,Ipswich Town,FWD,5.5,5.89,5.849,0.91,1.8,1.0,1.0,available,5.0
4,2026-09-12T12:30:00+00:00,2026-09-18T11:44:45+00:00,2026-09-12 11:14:05+00:00,Alex Scott,Bournemouth,MID,6.1,5.126,5.11,0.98,8.0,8.0,8.0,available,4.0
4,2026-09-12T12:30:00+00:00,2026-09-18T11:44:45+00:00,2026-09-12 11:14:05+00:00,James Garner,Everton,MID,6.0,5.262,5.247,1.0,1.3,1.3,1.3,available,4.0
4,2026-09-12T12:30:00+00:00,2026-09-18T11:44:45+00:00,2026-09-12 11:14:05+00:00,Kobbie Mainoo,Man Utd,MID,5.5,4.75,4.745,0.83,4.7,4.7,4.7,available,4.0
4,2026-09-12T12:30:00+00:00,2026-09-18T11:44:45+00:00,2026-09-12 11:14:05+00:00,Vitaly Janelt,Brentford,MID,5.0,4.135,4.108,0.72,7.0,7.0,7.0,available,4.0
4,2026-09-12T12:30:00+00:00,2026-09-18T11:44:45+00:00,2026-09-12 11:14:05+00:00,Yehor Yarmoliuk,Brentford,MID,4.9,4.804,4.781,0.92,0.7,0.7,0.7,available,4.0
4,2026-09-12T12:30:00+00:00,2026-09-18T11:44:45+00:00,2026-09-12 11:14:05+00:00,Aaron Wan-Bissaka,Aston Villa,DEF,4.5,4.833,4.828,0.85,1.0,1.0,1.0,available,3.0
4,2026-09-12T12:30:00+00:00,2026-09-18T11:44:45+00:00,2026-09-12 11:14:05+00:00,Adrien Truffert,Bournemouth,DEF,5.5,5.528,5.514,1.0,1.7,1.7,1.7,available,3.0
4,2026-09-12T12:30:00+00:00,2026-09-18T11:44:45+00:00,2026-09-12 11:14:05+00:00,Alex Iwobi,Fulham,MID,5.4,4.04,4.047,1.0,2.0,2.0,2.0,available,3.0
4,2026-09-12T12:30:00+00:00,2026-09-18T11:44:45+00:00,2026-09-12 11:14:05+00:00,Antoine Semenyo,Man City,MID,8.4,5.614,5.561,1.0,4.3,4.3,4.3,available,3.0
4,2026-09-12T12:30:00+00:00,2026-09-18T11:44:45+00:00,2026-09-12 11:14:05+00:00,Anton Stach,Leeds,MID,6.0,5.458,5.437,0.99,6.3,6.3,6.3,available,3.0
4,2026-09-12T12:30:00+00:00,2026-09-18T11:44:45+00:00,2026-09-12 11:14:05+00:00,Archie Gray,Spurs,MID,5.0,3.195,3.192,0.94,1.3,2.0,1.3,available,3.0
4,2026-09-12T12:30:00+00:00,2026-09-18T11:44:45+00:00,2026-09-12 11:14:05+00:00,Brennan Johnson,Everton,MID,5.9,4.16,4.134,0.85,1.0,1.0,1.0,available,3.0
4,2026-09-12T12:30:00+00:00,2026-09-18T11:44:45+00:00,2026-09-12 11:14:05+00:00,Caoimhin Kelleher,Brentford,GKP,5.0,3.417,3.4,1.0,3.7,3.7,3.7,available,3.0
4,2026-09-12T12:30:00+00:00,2026-09-18T11:44:45+00:00,2026-09-12 11:14:05+00:00,Dominik Szoboszlai,Liverpool,MID,7.0,5.741,5.784,1.0,5.0,5.0,5.0,available,3.0
4,2026-09-12T12:30:00+00:00,2026-09-18T11:44:45+00:00,2026-09-12 11:14:05+00:00,Florian Wirtz,Liverpool,MID,7.4,5.284,5.344,0.82,3.0,3.0,3.0,available,3.0
4,2026-09-12T12:30:00+00:00,2026-09-18T11:44:45+00:00,2026-09-12 11:14:05+00:00,Harrison Armstrong,Everton,MID,5.0,2.918,2.907,0.65,3.7,3.7,3.7,available,3.0
4,2026-09-12T12:30:00+00:00,2026-09-18T11:44:45+00:00,2026-09-12 11:14:05+00:00,James Trafford,Leeds,GKP,5.0,3.103,3.094,1.0,5.0,5.0,5.0,available,3.0
4,2026-09-12T12:30:00+00:00,2026-09-18T11:44:45+00:00,2026-09-12 11:14:05+00:00,Martin Ødegaard,Arsenal,MID,6.7,3.141,3.157,0.51,8.0,8.0,8.0,available,3.0
4,2026-09-12T12:30:00+00:00,2026-09-18T11:44:45+00:00,2026-09-12 11:14:05+00:00,Mateus Fernandes,Spurs,MID,5.8,5.16,5.156,0.98,1.0,1.0,1.0,available,3.0
4,2026-09-12T12:30:00+00:00,2026-09-18T11:44:45+00:00,2026-09-12 11:14:05+00:00,Matz Sels,Nott'm Forest,GKP,5.0,3.187,3.184,0.99,3.0,3.0,3.0,available,3.0
4,2026-09-12T12:30:00+00:00,2026-09-18T11:44:45+00:00,2026-09-12 11:14:05+00:00,Rodrigo Bentancur,Spurs,MID,5.5,5.212,5.208,0.95,2.7,2.7,2.7,available,3.0
4,2026-09-12T12:30:00+00:00,2026-09-18T11:44:45+00:00,2026-09-12 11:14:05+00:00,Sander Berge,Fulham,MID,4.9,4.484,4.488,0.99,1.7,1.7,1.7,available,3.0
4,2026-09-12T12:30:00+00:00,2026-09-18T11:44:45+00:00,2026-09-12 11:14:05+00:00,Sandro Tonali,Spurs,MID,5.4,3.832,3.828,0.98,3.0,3.0,3.0,available,3.0
4,2026-09-12T12:30:00+00:00,2026-09-18T11:44:45+00:00,2026-09-12 11:14:05+00:00,Adam Wharton,Crystal Palace,MID,5.5,4.178,4.209,0.71,2.7,2.7,2.7,available,2.0
4,2026-09-12T12:30:00+00:00,2026-09-18T11:44:45+00:00,2026-09-12 11:14:05+00:00,Boubacar Kamara,Aston Villa,MID,5.0,5.105,5.1,0.98,2.3,2.3,2.3,available,2.0
4,2026-09-12T12:30:00+00:00,2026-09-18T11:44:45+00:00,2026-09-12 11:14:05+00:00,Bryan Mbeumo,Man Utd,MID,7.9,4.138,4.125,0.86,7.0,7.0,7.0,available,2.0
4,2026-09-12T12:30:00+00:00,2026-09-18T11:44:45+00:00,2026-09-12 11:14:05+00:00,Chris Richards,Crystal Palace,DEF,5.0,5.152,5.174,0.87,1.3,1.3,1.3,available,2.0
4,2026-09-12T12:30:00+00:00,2026-09-18T11:44:45+00:00,2026-09-12 11:14:05+00:00,Enzo Fernández,Man City,MID,6.9,5.332,5.294,0.99,1.3,2.0,1.3,available,2.0
4,2026-09-12T12:30:00+00:00,2026-09-18T11:44:45+00:00,2026-09-12 11:14:05+00:00,Ethan Pinnock,Coventry City,DEF,4.5,5.366,5.395,1.0,1.3,2.0,1.3,available,2.0
4,2026-09-12T12:30:00+00:00,2026-09-18T11:44:45+00:00,2026-09-12 11:14:05+00:00,Harvey Barnes,Newcastle,MID,6.0,2.408,2.434,0.46,5.7,5.7,5.7,available,2.0
4,2026-09-12T12:30:00+00:00,2026-09-18T11:44:45+00:00,2026-09-12 11:14:05+00:00,James Hill,Bournemouth,DEF,5.5,5.601,5.589,0.92,2.0,2.0,2.0,available,2.0
4,2026-09-12T12:30:00+00:00,2026-09-18T11:44:45+00:00,2026-09-12 11:14:05+00:00,James Justin,Leeds,DEF,4.5,5.598,5.585,0.91,5.3,5.3,5.3,available,2.0
4,2026-09-12T12:30:00+00:00,2026-09-18T11:44:45+00:00,2026-09-12 11:14:05+00:00,John Egan,Hull City,DEF,4.1,5.006,4.995,1.0,7.7,7.7,7.7,available,2.0
4,2026-09-12T12:30:00+00:00,2026-09-18T11:44:45+00:00,2026-09-12 11:14:05+00:00,Julio Enciso,Ipswich Town,MID,5.5,5.366,5.337,0.85,3.7,3.7,3.7,available,2.0
4,2026-09-12T12:30:00+00:00,2026-09-18T11:44:45+00:00,2026-09-12 11:14:05+00:00,Kiernan Dewsbury-Hall,Everton,MID,6.5,4.978,4.958,0.99,5.0,5.0,5.0,available,2.0
4,2026-09-12T12:30:00+00:00,2026-09-18T11:44:45+00:00,2026-09-12 11:14:05+00:00,Lisandro Martínez,Man Utd,DEF,5.0,4.836,4.832,0.92,1.3,2.0,1.3,available,2.0
4,2026-09-12T12:30:00+00:00,2026-09-18T11:44:45+00:00,2026-09-12 11:14:05+00:00,Malick Thiaw,Newcastle,DEF,5.0,5.417,5.429,0.99,2.7,2.7,2.7,available,2.0
4,2026-09-12T12:30:00+00:00,2026-09-18T11:44:45+00:00,2026-09-12 11:14:05+00:00,Neco Williams,Nott'm Forest,DEF,5.0,5.503,5.498,0.87,5.0,5.0,5.0,available,2.0
4,2026-09-12T12:30:00+00:00,2026-09-18T11:44:45+00:00,2026-09-12 11:14:05+00:00,Neto,Chelsea,MID,6.5,2.591,2.6,1.0,3.3,3.3,3.3,available,2.0
4,2026-09-12T12:30:00+00:00,2026-09-18T11:44:45+00:00,2026-09-12 11:14:05+00:00,Nilson Angulo,Sunderland,MID,5.0,3.377,3.374,0.59,3.3,3.3,3.3,available,2.0
4,2026-09-12T12:30:00+00:00,2026-09-18T11:44:45+00:00,2026-09-12 11:14:05+00:00,Noah Sadiki,Sunderland,MID,4.9,4.401,4.397,1.0,2.0,2.0,2.0,available,2.0
4,2026-09-12T12:30:00+00:00,2026-09-18T11:44:45+00:00,2026-09-12 11:14:05+00:00,Ola Aina,Nott'm Forest,DEF,4.5,5.455,5.451,1.0,2.0,2.0,2.0,available,2.0
4,2026-09-12T12:30:00+00:00,2026-09-18T11:44:45+00:00,2026-09-12 11:14:05+00:00,Omar Marmoush,Spurs,FWD,7.0,3.613,3.606,0.55,1.3,2.0,1.3,available,2.0
4,2026-09-12T12:30:00+00:00,2026-09-18T11:44:45+00:00,2026-09-12 11:14:05+00:00,Rayan,Bournemouth,MID,6.4,4.357,4.335,0.82,2.0,2.0,2.0,available,2.0
4,2026-09-12T12:30:00+00:00,2026-09-18T11:44:45+00:00,2026-09-12 11:14:05+00:00,Robin Roefs,Sunderland,GKP,5.0,3.17,3.168,1.0,3.0,3.0,3.0,available,2.0
4,2026-09-12T12:30:00+00:00,2026-09-18T11:44:45+00:00,2026-09-12 11:14:05+00:00,Ross Barkley,Aston Villa,MID,5.0,2.666,2.66,0.49,2.3,2.3,2.3,available,2.0
4,2026-09-12T12:30:00+00:00,2026-09-18T11:44:45+00:00,2026-09-12 11:14:05+00:00,Senne Lammens,Man Utd,GKP,5.0,3.134,3.13,1.0,1.7,1.7,1.7,available,2.0
4,2026-09-12T12:30:00+00:00,2026-09-18T11:44:45+00:00,2026-09-12 11:14:05+00:00,Sven Botman,Newcastle,DEF,5.0,5.85,5.862,0.96,3.0,3.0,3.0,available,2.0
4,2026-09-12T12:30:00+00:00,2026-09-18T11:44:45+00:00,2026-09-12 11:14:05+00:00,Tyler Adams,Bournemouth,MID,5.0,3.529,3.518,0.57,2.0,2.0,2.0,available,2.0
4,2026-09-12T12:30:00+00:00,2026-09-18T11:44:45+00:00,2026-09-12 11:14:05+00:00,Youri Tielemans,Man Utd,MID,5.9,4.946,4.941,0.95,2.7,2.7,2.7,available,2.0
4,2026-09-12T12:30:00+00:00,2026-09-18T11:44:45+00:00,2026-09-12 11:14:05+00:00,Alexis Mac Allister,Liverpool,MID,5.4,4.796,4.825,0.81,1.7,1.7,1.7,available,1.0
4,2026-09-12T12:30:00+00:00,2026-09-18T11:44:45+00:00,2026-09-12 11:14:05+00:00,Benjamin Šeško,Man Utd,FWD,7.0,3.512,3.495,0.59,2.3,2.3,2.3,available,1.0
4,2026-09-12T12:30:00+00:00,2026-09-18T11:44:45+00:00,2026-09-12 11:14:05+00:00,Brenden Aaronson,Leeds,MID,5.4,4.205,4.188,0.81,1.7,1.7,1.7,available,1.0
4,2026-09-12T12:30:00+00:00,2026-09-18T11:44:45+00:00,2026-09-12 11:14:05+00:00,Brian Brobbey,Sunderland,FWD,5.8,4.726,4.718,0.88,2.0,2.0,2.0,available,1.0
4,2026-09-12T12:30:00+00:00,2026-09-18T11:44:45+00:00,2026-09-12 11:14:05+00:00,Chris Wood,Nott'm Forest,FWD,5.9,2.756,2.747,0.65,0.7,1.0,0.7,available,1.0
4,2026-09-12T12:30:00+00:00,2026-09-18T11:44:45+00:00,2026-09-12 11:14:05+00:00,Cody Gakpo,Liverpool,MID,7.2,6.318,6.383,0.72,7.0,9.3,9.3,doubtful,1.0
4,2026-09-12T12:30:00+00:00,2026-09-18T11:44:45+00:00,2026-09-12 11:14:05+00:00,Dango Ouattara,Brentford,MID,6.4,5.162,5.099,0.79,1.7,1.7,1.7,available,1.0
4,2026-09-12T12:30:00+00:00,2026-09-18T11:44:45+00:00,2026-09-12 11:14:05+00:00,Danny Welbeck,Chelsea,FWD,5.9,3.732,3.764,0.77,0.3,1.0,0.3,available,1.0
4,2026-09-12T12:30:00+00:00,2026-09-18T11:44:45+00:00,2026-09-12 11:14:05+00:00,Dara O'Shea,Ipswich Town,DEF,4.0,5.223,5.211,1.0,2.3,2.3,2.3,available,1.0
4,2026-09-12T12:30:00+00:00,2026-09-18T11:44:45+00:00,2026-09-12 11:14:05+00:00,Eberechi Eze,Arsenal,MID,6.3,4.623,4.636,0.88,0.7,1.0,0.7,available,1.0
4,2026-09-12T12:30:00+00:00,2026-09-18T11:44:45+00:00,2026-09-12 11:14:05+00:00,El Hadji Malick Diouf,Brentford,DEF,4.5,5.618,5.588,0.97,0.0,0.0,0.0,available,1.0
4,2026-09-12T12:30:00+00:00,2026-09-18T11:44:45+00:00,2026-09-12 11:14:05+00:00,Emile Smith Rowe,Fulham,MID,5.4,4.284,4.289,0.84,0.7,1.0,0.7,available,1.0
4,2026-09-12T12:30:00+00:00,2026-09-18T11:44:45+00:00,2026-09-12 11:14:05+00:00,Estêvão,Chelsea,MID,6.4,2.73,2.753,0.69,0.7,1.0,0.7,available,1.0
4,2026-09-12T12:30:00+00:00,2026-09-18T11:44:45+00:00,2026-09-12 11:14:05+00:00,Granit Xhaka,Sunderland,MID,5.5,4.767,4.761,0.98,6.0,6.0,6.0,available,1.0
4,2026-09-12T12:30:00+00:00,2026-09-18T11:44:45+00:00,2026-09-12 11:14:05+00:00,Harry Maguire,Man Utd,DEF,4.9,5.285,5.281,0.94,2.3,2.3,2.3,available,1.0
4,2026-09-12T12:30:00+00:00,2026-09-18T11:44:45+00:00,2026-09-12 11:14:05+00:00,Harry Wilson,Leeds,MID,6.3,4.364,4.331,0.85,1.3,1.3,1.3,available,1.0
4,2026-09-12T12:30:00+00:00,2026-09-18T11:44:45+00:00,2026-09-12 11:14:05+00:00,Ian Maatsen,Aston Villa,DEF,4.5,3.92,3.915,0.61,2.7,2.7,2.7,available,1.0
4,2026-09-12T12:30:00+00:00,2026-09-18T11:44:45+00:00,2026-09-12 11:14:05+00:00,Ibrahim Sangaré,Nott'm Forest,MID,4.9,4.652,4.648,0.85,0.7,2.0,0.7,available,1.0
4,2026-09-12T12:30:00+00:00,2026-09-18T11:44:45+00:00,2026-09-12 11:14:05+00:00,Iliman Ndiaye,Man City,MID,5.9,5.132,5.113,1.0,5.3,5.3,5.3,available,1.0
4,2026-09-12T12:30:00+00:00,2026-09-18T11:44:45+00:00,2026-09-12 11:14:05+00:00,Issa Diop,Ipswich Town,DEF,4.0,3.805,3.794,0.76,2.3,2.3,2.3,available,1.0
4,2026-09-12T12:30:00+00:00,2026-09-18T11:44:45+00:00,2026-09-12 11:14:05+00:00,Jack Grealish,Everton,MID,6.5,4.762,4.739,0.84,0.7,1.0,0.7,available,1.0
4,2026-09-12T12:30:00+00:00,2026-09-18T11:44:45+00:00,2026-09-12 11:14:05+00:00,Jacob Greaves,Ipswich Town,DEF,4.0,5.529,5.517,1.0,0.7,0.7,0.7,available,1.0
4,2026-09-12T12:30:00+00:00,2026-09-18T11:44:45+00:00,2026-09-12 11:14:05+00:00,Jaidon Anthony,Brentford,MID,6.0,4.785,4.732,0.94,1.3,1.3,1.3,available,1.0
4,2026-09-12T12:30:00+00:00,2026-09-18T11:44:45+00:00,2026-09-12 11:14:05+00:00,Jake O'Brien,Everton,DEF,4.9,5.162,5.15,0.99,0.0,0.0,0.0,available,1.0
4,2026-09-12T12:30:00+00:00,2026-09-18T11:44:45+00:00,2026-09-12 11:14:05+00:00,James Maddison,Spurs,MID,6.3,4.356,4.349,0.48,0.3,1.0,0.3,available,1.0
4,2026-09-12T12:30:00+00:00,2026-09-18T11:44:45+00:00,2026-09-12 11:14:05+00:00,Jeremie Frimpong,Liverpool,DEF,5.4,3.32,3.338,0.6,0.3,0.5,0.3,available,1.0
4,2026-09-12T12:30:00+00:00,2026-09-18T11:44:45+00:00,2026-09-12 11:14:05+00:00,Joe Willock,Newcastle,MID,5.0,2.734,2.752,0.54,3.7,3.7,3.7,available,1.0
4,2026-09-12T12:30:00+00:00,2026-09-18T11:44:45+00:00,2026-09-12 11:14:05+00:00,Jurriën Timber,Arsenal,DEF,6.5,5.348,5.353,0.24,0.0,0.0,0.0,doubtful,1.0
4,2026-09-12T12:30:00+00:00,2026-09-18T11:44:45+00:00,2026-09-12 11:14:05+00:00,Kai Havertz,Arsenal,FWD,7.5,3.526,3.539,0.73,5.3,5.3,5.3,available,1.0
4,2026-09-12T12:30:00+00:00,2026-09-18T11:44:45+00:00,2026-09-12 11:14:05+00:00,Keane Lewis-Potter,Brentford,MID,5.5,4.155,4.131,0.87,6.0,6.0,6.0,available,1.0
4,2026-09-12T12:30:00+00:00,2026-09-18T11:44:45+00:00,2026-09-12 11:14:05+00:00,Kevin Danso,Sunderland,DEF,5.0,5.604,5.601,0.92,0.7,2.0,0.7,available,1.0
4,2026-09-12T12:30:00+00:00,2026-09-18T11:44:45+00:00,2026-09-12 11:14:05+00:00,Kristoffer Ajer,Brentford,DEF,4.5,3.941,3.919,0.54,4.3,4.3,4.3,available,1.0
4,2026-09-12T12:30:00+00:00,2026-09-18T11:44:45+00:00,2026-09-12 11:14:05+00:00,Malo Gusto,Chelsea,DEF,5.0,4.956,4.974,0.9,1.0,1.0,1.0,available,1.0
4,2026-09-12T12:30:00+00:00,2026-09-18T11:44:45+00:00,2026-09-12 11:14:05+00:00,Mathys Tel,Spurs,MID,5.8,5.215,5.207,0.54,2.3,2.3,2.3,available,1.0
4,2026-09-12T12:30:00+00:00,2026-09-18T11:44:45+00:00,2026-09-12 11:14:05+00:00,Maxence Lacroix,Chelsea,DEF,6.0,5.706,5.721,1.0,3.0,3.0,3.0,available,1.0
4,2026-09-12T12:30:00+00:00,2026-09-18T11:44:45+00:00,2026-09-12 11:14:05+00:00,Michael Kayode,Brentford,DEF,4.6,5.543,5.52,1.0,5.3,5.3,5.3,available,1.0
4,2026-09-12T12:30:00+00:00,2026-09-18T11:44:45+00:00,2026-09-12 11:14:05+00:00,Mikkel Damsgaard,Brentford,MID,5.5,5.137,5.1,0.9,4.0,4.0,4.0,available,1.0
4,2026-09-12T12:30:00+00:00,2026-09-18T11:44:45+00:00,2026-09-12 11:14:05+00:00,Miloš Kerkez,Liverpool,DEF,5.4,2.837,2.851,0.57,2.0,2.0,2.0,available,1.0
4,2026-09-12T12:30:00+00:00,2026-09-18T11:44:45+00:00,2026-09-12 11:14:05+00:00,Mohammed Kudus,Spurs,MID,6.5,4.933,4.927,1.0,0.7,1.0,0.7,available,1.0
4,2026-09-12T12:30:00+00:00,2026-09-18T11:44:45+00:00,2026-09-12 11:14:05+00:00,Myles Lewis-Skelly,Arsenal,MID,5.5,3.647,3.652,0.46,2.7,2.7,2.7,available,1.0
4,2026-09-12T12:30:00+00:00,2026-09-18T11:44:45+00:00,2026-09-12 11:14:05+00:00,Nico O'Reilly,Man City,DEF,6.4,4.932,4.92,0.94,1.3,2.0,1.3,available,1.0
4,2026-09-12T12:30:00+00:00,2026-09-18T11:44:45+00:00,2026-09-12 11:14:05+00:00,Pascal Struijk,Brighton,DEF,5.0,5.276,5.263,1.0,0.3,1.0,0.3,available,1.0
4,2026-09-12T12:30:00+00:00,2026-09-18T11:44:45+00:00,2026-09-12 11:14:05+00:00,Pau Torres,Aston Villa,DEF,4.5,4.207,4.203,0.96,0.7,1.0,0.7,available,1.0
4,2026-09-12T12:30:00+00:00,2026-09-18T11:44:45+00:00,2026-09-12 11:14:05+00:00,Rayan Cherki,Man City,MID,7.8,4.041,3.993,0.61,8.3,8.3,8.3,available,1.0
4,2026-09-12T12:30:00+00:00,2026-09-18T11:44:45+00:00,2026-09-12 11:14:05+00:00,Reece James,Chelsea,DEF,5.4,4.778,4.793,0.79,0.7,0.7,0.7,available,1.0
4,2026-09-12T12:30:00+00:00,2026-09-18T11:44:45+00:00,2026-09-12 11:14:05+00:00,Rio Ngumoha,Liverpool,MID,5.8,3.031,3.054,0.45,1.0,1.5,1.0,available,1.0
4,2026-09-12T12:30:00+00:00,2026-09-18T11:44:45+00:00,2026-09-12 11:14:05+00:00,Ryan Christie,Bournemouth,MID,5.0,4.8,4.784,0.61,0.7,1.0,0.7,available,1.0
4,2026-09-12T12:30:00+00:00,2026-09-18T11:44:45+00:00,2026-09-12 11:14:05+00:00,Ryan Gravenberch,Liverpool,MID,5.9,4.852,4.875,0.86,2.3,2.3,2.3,available,1.0
4,2026-09-12T12:30:00+00:00,2026-09-18T11:44:45+00:00,2026-09-12 11:14:05+00:00,Saša Lukić,Ipswich Town,MID,5.0,4.317,4.303,0.78,2.7,2.7,2.7,available,1.0
4,2026-09-12T12:30:00+00:00,2026-09-18T11:44:45+00:00,2026-09-12 11:14:05+00:00,Tyrick Mitchell,Crystal Palace,DEF,4.5,5.582,5.605,0.87,5.3,5.3,5.3,available,1.0
4,2026-09-12T12:30:00+00:00,2026-09-18T11:44:45+00:00,2026-09-12 11:14:05+00:00,Victor Lindelöf,Aston Villa,DEF,4.5,3.414,3.41,0.75,2.0,2.0,2.0,available,1.0
4,2026-09-12T12:30:00+00:00,2026-09-18T11:44:45+00:00,2026-09-12 11:14:05+00:00,Wesley Fofana,Chelsea,DEF,5.0,5.022,5.034,0.92,1.0,1.5,1.0,available,1.0
4,2026-09-12T12:30:00+00:00,2026-09-18T11:44:45+00:00,2026-09-12 11:14:05+00:00,Will Hughes,Crystal Palace,MID,4.5,2.79,2.81,0.74,0.3,1.0,0.3,available,1.0
4,2026-09-12T12:30:00+00:00,2026-09-18T11:44:45+00:00,2026-09-12 11:14:05+00:00,Đorđe Petrović,Bournemouth,GKP,4.5,3.08,3.071,1.0,2.0,2.0,2.0,available,1.0
4,2026-09-12T12:30:00+00:00,2026-09-18T11:44:45+00:00,2026-09-12 11:14:05+00:00,Abdukodir Khusanov,Man City,DEF,5.5,4.668,4.658,0.89,3.0,3.0,3.0,available,0.0
4,2026-09-12T12:30:00+00:00,2026-09-18T11:44:45+00:00,2026-09-12 11:14:05+00:00,Adam Smith,Bournemouth,DEF,4.5,4.195,4.184,0.8,0.7,0.7,0.7,available,0.0
4,2026-09-12T12:30:00+00:00,2026-09-18T11:44:45+00:00,2026-09-12 11:14:05+00:00,Alex Murphy,Newcastle,DEF,4.0,3.496,3.509,0.0,0.0,0.0,0.0,unavailable,0.0
4,2026-09-12T12:30:00+00:00,2026-09-18T11:44:45+00:00,2026-09-12 11:14:05+00:00,Alex Palmer,Ipswich Town,GKP,4.0,3.151,3.142,1.0,0.0,0.0,0.0,available,0.0
4,2026-09-12T12:30:00+00:00,2026-09-18T11:44:45+00:00,2026-09-12 11:14:05+00:00,Altay Bayındır,Man Utd,GKP,4.5,3.148,3.144,0.0,0.0,0.0,0.0,unavailable,0.0
4,2026-09-12T12:30:00+00:00,2026-09-18T11:44:45+00:00,2026-09-12 11:14:05+00:00,Amad Diallo,Man Utd,MID,5.8,2.594,2.587,0.0,0.0,0.0,0.0,injured,0.0
4,2026-09-12T12:30:00+00:00,2026-09-18T11:44:45+00:00,2026-09-12 11:14:05+00:00,Amadou Onana,Aston Villa,MID,5.0,4.719,4.714,0.0,0.0,0.0,0.0,injured,0.0
4,2026-09-12T12:30:00+00:00,2026-09-18T11:44:45+00:00,2026-09-12 11:14:05+00:00,Ayden Heaven,Man Utd,DEF,4.4,5.16,5.156,0.81,0.3,1.0,0.3,available,0.0
4,2026-09-12T12:30:00+00:00,2026-09-18T11:44:45+00:00,2026-09-12 11:14:05+00:00,Bafodé Diakité,Bournemouth,DEF,5.0,4.282,4.271,0.86,0.0,0.0,0.0,available,0.0
4,2026-09-12T12:30:00+00:00,2026-09-18T11:44:45+00:00,2026-09-12 11:14:05+00:00,Ben Davies,Spurs,DEF,4.0,4.883,4.88,0.56,0.0,0.0,0.0,available,0.0
4,2026-09-12T12:30:00+00:00,2026-09-18T11:44:45+00:00,2026-09-12 11:14:05+00:00,Ben Johnson,Ipswich Town,DEF,4.0,4.122,4.11,0.0,0.0,0.0,0.0,unavailable,0.0
4,2026-09-12T12:30:00+00:00,2026-09-18T11:44:45+00:00,2026-09-12 11:14:05+00:00,Beto,Everton,FWD,5.4,5.076,5.047,0.0,0.0,1.0,0.7,unavailable,0.0
4,2026-09-12T12:30:00+00:00,2026-09-18T11:44:45+00:00,2026-09-12 11:14:05+00:00,Borna Sosa,Crystal Palace,DEF,4.5,3.032,3.052,0.0,0.0,0.0,0.0,unavailable,0.0
4,2026-09-12T12:30:00+00:00,2026-09-18T11:44:45+00:00,2026-09-12 11:14:05+00:00,Callum Hudson-Odoi,Nott'm Forest,MID,5.9,2.355,2.348,0.77,0.3,1.0,0.3,available,0.0
4,2026-09-12T12:30:00+00:00,2026-09-18T11:44:45+00:00,2026-09-12 11:14:05+00:00,Carlos Baleba,Man Utd,MID,5.0,4.216,4.21,0.0,0.0,0.0,0.0,injured,0.0
4,2026-09-12T12:30:00+00:00,2026-09-18T11:44:45+00:00,2026-09-12 11:14:05+00:00,Chadi Riad,Crystal Palace,DEF,4.4,4.865,4.885,0.0,0.0,1.0,0.3,injured,0.0
4,2026-09-12T12:30:00+00:00,2026-09-18T11:44:45+00:00,2026-09-12 11:14:05+00:00,Chemsdine Talbi,Sunderland,MID,5.4,3.26,3.254,0.74,0.3,1.0,0.3,available,0.0
4,2026-09-12T12:30:00+00:00,2026-09-18T11:44:45+00:00,2026-09-12 11:14:05+00:00,Chiedozie Ogbene,Ipswich Town,MID,4.9,3.111,3.099,0.0,0.0,0.0,0.0,unavailable,0.0
4,2026-09-12T12:30:00+00:00,2026-09-18T11:44:45+00:00,2026-09-12 11:14:05+00:00,Chris Rigg,Sunderland,MID,4.9,3.576,3.573,0.97,0.7,1.0,0.7,available,0.0
4,2026-09-12T12:30:00+00:00,2026-09-18T11:44:45+00:00,2026-09-12 11:14:05+00:00,Christian Walton,Ipswich Town,GKP,4.4,3.141,3.132,1.0,0.0,0.0,0.0,available,0.0
4,2026-09-12T12:30:00+00:00,2026-09-18T11:44:45+00:00,2026-09-12 11:14:05+00:00,Conor Bradley,Liverpool,DEF,5.0,5.304,5.316,0.0,0.0,0.0,0.0,injured,0.0
4,2026-09-12T12:30:00+00:00,2026-09-18T11:44:45+00:00,2026-09-12 11:14:05+00:00,Conor Gallagher,Spurs,MID,5.4,4.758,4.753,0.8,1.0,1.5,1.0,available,0.0
4,2026-09-12T12:30:00+00:00,2026-09-18T11:44:45+00:00,2026-09-12 11:14:05+00:00,Cristhian Mosquera,Arsenal,DEF,5.4,4.128,4.132,0.21,2.0,6.0,4.0,doubtful,0.0
4,2026-09-12T12:30:00+00:00,2026-09-18T11:44:45+00:00,2026-09-12 11:14:05+00:00,Cristian Romero,Spurs,DEF,5.0,5.775,5.772,0.0,0.0,0.0,0.0,unavailable,0.0
4,2026-09-12T12:30:00+00:00,2026-09-18T11:44:45+00:00,2026-09-12 11:14:05+00:00,Curtis Jones,Liverpool,MID,5.5,4.587,4.601,0.0,0.0,0.0,0.0,unavailable,0.0
4,2026-09-12T12:30:00+00:00,2026-09-18T11:44:45+00:00,2026-09-12 11:14:05+00:00,Dan Burn,Newcastle,DEF,4.9,5.126,5.139,0.0,0.0,0.0,0.0,injured,0.0
4,2026-09-12T12:30:00+00:00,2026-09-18T11:44:45+00:00,2026-09-12 11:14:05+00:00,Daniel Ballard,Sunderland,DEF,4.9,5.095,5.092,0.81,4.0,4.0,4.0,available,0.0
4,2026-09-12T12:30:00+00:00,2026-09-18T11:44:45+00:00,2026-09-12 11:14:05+00:00,Dean Henderson,Crystal Palace,GKP,5.0,3.356,3.373,1.0,1.7,1.7,1.7,available,0.0
4,2026-09-12T12:30:00+00:00,2026-09-18T11:44:45+00:00,2026-09-12 11:14:05+00:00,Dejan Kulusevski,Spurs,MID,6.5,3.72,3.714,0.0,0.0,0.0,0.0,injured,0.0
4,2026-09-12T12:30:00+00:00,2026-09-18T11:44:45+00:00,2026-09-12 11:14:05+00:00,Destiny Udogie,Spurs,DEF,4.5,4.974,4.971,0.66,1.7,2.3,2.3,doubtful,0.0
4,2026-09-12T12:30:00+00:00,2026-09-18T11:44:45+00:00,2026-09-12 11:14:05+00:00,Diego Coppola,Brighton,DEF,4.5,4.544,4.532,0.68,0.0,0.0,0.0,available,0.0
4,2026-09-12T12:30:00+00:00,2026-09-18T11:44:45+00:00,2026-09-12 11:14:05+00:00,Dilane Bakwa,Nott'm Forest,MID,5.5,2.335,2.328,0.0,0.0,0.0,0.0,unavailable,0.0
4,2026-09-12T12:30:00+00:00,2026-09-18T11:44:45+00:00,2026-09-12 11:14:05+00:00,Dwight McNeil,Crystal Palace,MID,5.4,4.325,4.352,0.87,1.0,1.5,1.0,available,0.0
4,2026-09-12T12:30:00+00:00,2026-09-18T11:44:45+00:00,2026-09-12 11:14:05+00:00,Enzo Le Fée,Sunderland,MID,5.8,5.714,5.707,0.97,4.3,4.3,4.3,available,0.0
4,2026-09-12T12:30:00+00:00,2026-09-18T11:44:45+00:00,2026-09-12 11:14:05+00:00,Ethan Nwaneri,Arsenal,MID,5.4,2.033,2.039,0.0,0.0,0.0,0.0,unavailable,0.0
4,2026-09-12T12:30:00+00:00,2026-09-18T11:44:45+00:00,2026-09-12 11:14:05+00:00,Evann Guessand,Crystal Palace,MID,5.5,3.193,3.225,0.56,0.7,1.0,0.7,available,0.0
4,2026-09-12T12:30:00+00:00,2026-09-18T11:44:45+00:00,2026-09-12 11:14:05+00:00,Fabian Schär,Newcastle,DEF,5.0,5.411,5.427,0.79,0.3,1.0,0.3,available,0.0
4,2026-09-12T12:30:00+00:00,2026-09-18T11:44:45+00:00,2026-09-12 11:14:05+00:00,Fraser Forster,Bournemouth,GKP,4.0,3.083,3.074,1.0,0.0,0.0,0.0,available,0.0
4,2026-09-12T12:30:00+00:00,2026-09-18T11:44:45+00:00,2026-09-12 11:14:05+00:00,Freddie Woodman,Liverpool,GKP,4.0,3.265,3.275,0.68,0.0,0.0,0.0,available,0.0
4,2026-09-12T12:30:00+00:00,2026-09-18T11:44:45+00:00,2026-09-12 11:14:05+00:00,Giorgi Mamardashvili,Liverpool,GKP,4.9,3.284,3.294,1.0,0.0,0.0,0.0,available,0.0
4,2026-09-12T12:30:00+00:00,2026-09-18T11:44:45+00:00,2026-09-12 11:14:05+00:00,Guglielmo Vicario,Spurs,GKP,4.5,3.133,3.131,0.0,0.0,0.0,0.0,unavailable,0.0
4,2026-09-12T12:30:00+00:00,2026-09-18T11:44:45+00:00,2026-09-12 11:14:05+00:00,Gustavo Hamer,Coventry City,MID,5.4,4.641,4.735,0.98,1.0,1.0,1.0,available,0.0
4,2026-09-12T12:30:00+00:00,2026-09-18T11:44:45+00:00,2026-09-12 11:14:05+00:00,Habib Diarra,Sunderland,MID,5.4,3.136,3.13,0.0,0.0,2.5,1.7,injured,0.0
4,2026-09-12T12:30:00+00:00,2026-09-18T11:44:45+00:00,2026-09-12 11:14:05+00:00,Harry Amass,Man Utd,DEF,4.0,4.881,4.875,0.75,0.0,0.0,0.0,available,0.0
4,2026-09-12T12:30:00+00:00,2026-09-18T11:44:45+00:00,2026-09-12 11:14:05+00:00,Hugo Ekitiké,Liverpool,FWD,7.4,7.267,7.36,0.0,0.0,0.0,0.0,injured,0.0
4,2026-09-12T12:30:00+00:00,2026-09-18T11:44:45+00:00,2026-09-12 11:14:05+00:00,Hákon Rafn Valdimarsson,Brentford,GKP,4.5,3.398,3.381,0.3,0.0,0.0,0.0,available,0.0
4,2026-09-12T12:30:00+00:00,2026-09-18T11:44:45+00:00,2026-09-12 11:14:05+00:00,Ilia Gruev,Leeds,MID,5.0,2.187,2.174,0.16,0.0,0.0,0.0,doubtful,0.0
4,2026-09-12T12:30:00+00:00,2026-09-18T11:44:45+00:00,2026-09-12 11:14:05+00:00,Illan Meslier,Arsenal,GKP,4.9,3.282,3.286,1.0,0.0,0.0,0.0,available,0.0
4,2026-09-12T12:30:00+00:00,2026-09-18T11:44:45+00:00,2026-09-12 11:14:05+00:00,Ismaïla Sarr,Crystal Palace,MID,6.3,4.495,4.573,0.0,0.0,0.0,0.0,injured,0.0
4,2026-09-12T12:30:00+00:00,2026-09-18T11:44:45+00:00,2026-09-12 11:14:05+00:00,Jack Hinshelwood,Brighton,MID,6.0,3.449,3.426,0.0,0.0,16.0,5.3,injured,0.0
4,2026-09-12T12:30:00+00:00,2026-09-18T11:44:45+00:00,2026-09-12 11:14:05+00:00,Jack Taylor,Ipswich Town,MID,4.5,2.158,2.147,0.0,0.0,0.0,0.0,injured,0.0
4,2026-09-12T12:30:00+00:00,2026-09-18T11:44:45+00:00,2026-09-12 11:14:05+00:00,Jacob Murphy,Newcastle,MID,5.9,2.485,2.504,0.59,0.7,0.7,0.7,available,0.0
4,2026-09-12T12:30:00+00:00,2026-09-18T11:44:45+00:00,2026-09-12 11:14:05+00:00,Jacob Ramsey,Newcastle,MID,4.9,3.336,3.351,0.58,2.3,2.3,2.3,available,0.0
4,2026-09-12T12:30:00+00:00,2026-09-18T11:44:45+00:00,2026-09-12 11:14:05+00:00,Jaka Bijol,Leeds,DEF,5.0,4.849,4.837,0.93,4.0,4.0,4.0,available,0.0
4,2026-09-12T12:30:00+00:00,2026-09-18T11:44:45+00:00,2026-09-12 11:14:05+00:00,Jason Steele,Brighton,GKP,4.0,3.128,3.118,1.0,0.0,0.0,0.0,available,0.0
4,2026-09-12T12:30:00+00:00,2026-09-18T11:44:45+00:00,2026-09-12 11:14:05+00:00,Jaydee Canvot,Crystal Palace,DEF,4.9,5.587,5.608,0.92,0.7,0.7,0.7,available,0.0
4,2026-09-12T12:30:00+00:00,2026-09-18T11:44:45+00:00,2026-09-12 11:14:05+00:00,Joachim Andersen,Fulham,DEF,5.0,5.395,5.399,1.0,0.7,1.0,0.7,available,0.0
4,2026-09-12T12:30:00+00:00,2026-09-18T11:44:45+00:00,2026-09-12 11:14:05+00:00,Joe Rodon,Leeds,DEF,4.4,4.529,4.517,0.0,0.0,3.5,2.3,injured,0.0
4,2026-09-12T12:30:00+00:00,2026-09-18T11:44:45+00:00,2026-09-12 11:14:05+00:00,Joelinton,Newcastle,MID,5.4,5.075,5.088,0.0,0.0,0.0,0.0,injured,0.0
4,2026-09-12T12:30:00+00:00,2026-09-18T11:44:45+00:00,2026-09-12 11:14:05+00:00,Jordan Henderson,Chelsea,MID,4.9,2.108,2.122,0.0,0.0,0.0,0.0,injured,0.0
4,2026-09-12T12:30:00+00:00,2026-09-18T11:44:45+00:00,2026-09-12 11:14:05+00:00,Jorrel Hato,Chelsea,DEF,4.5,5.412,5.424,0.83,2.7,2.7,2.7,available,0.0
4,2026-09-12T12:30:00+00:00,2026-09-18T11:44:45+00:00,2026-09-12 11:14:05+00:00,João Gomes,Aston Villa,MID,5.5,5.221,5.216,0.0,0.0,-2.0,-0.7,suspended,0.0
4,2026-09-12T12:30:00+00:00,2026-09-18T11:44:45+00:00,2026-09-12 11:14:05+00:00,Justin Devenny,Crystal Palace,MID,5.0,4.217,4.24,0.0,0.0,0.0,0.0,unavailable,0.0
4,2026-09-12T12:30:00+00:00,2026-09-18T11:44:45+00:00,2026-09-12 11:14:05+00:00,Jérémy Doku,Man City,MID,7.4,7.969,7.887,0.0,0.0,0.0,0.0,injured,0.0
4,2026-09-12T12:30:00+00:00,2026-09-18T11:44:45+00:00,2026-09-12 11:14:05+00:00,Kalvin Phillips,Man City,MID,5.0,4.299,4.29,0.0,0.0,0.0,0.0,unavailable,0.0
4,2026-09-12T12:30:00+00:00,2026-09-18T11:44:45+00:00,2026-09-12 11:14:05+00:00,Karl Darlow,Man Utd,GKP,4.5,3.143,3.139,1.0,0.0,0.0,0.0,available,0.0
4,2026-09-12T12:30:00+00:00,2026-09-18T11:44:45+00:00,2026-09-12 11:14:05+00:00,Kasey McAteer,Ipswich Town,MID,4.5,4.362,4.347,0.68,1.0,1.0,1.0,available,0.0
4,2026-09-12T12:30:00+00:00,2026-09-18T11:44:45+00:00,2026-09-12 11:14:05+00:00,Kenny Tete,Fulham,DEF,4.4,5.503,5.507,0.86,0.0,0.0,0.0,available,0.0
4,2026-09-12T12:30:00+00:00,2026-09-18T11:44:45+00:00,2026-09-12 11:14:05+00:00,Lamare Bogarde,Aston Villa,MID,5.0,3.771,3.767,0.55,0.3,1.0,0.3,available,0.0
4,2026-09-12T12:30:00+00:00,2026-09-18T11:44:45+00:00,2026-09-12 11:14:05+00:00,Leny Yoro,Man Utd,DEF,4.9,4.64,4.636,0.73,0.7,1.0,0.7,available,0.0
4,2026-09-12T12:30:00+00:00,2026-09-18T11:44:45+00:00,2026-09-12 11:14:05+00:00,Lewis Cook,Bournemouth,MID,5.0,4.544,4.533,0.69,2.3,2.3,2.3,available,0.0
4,2026-09-12T12:30:00+00:00,2026-09-18T11:44:45+00:00,2026-09-12 11:14:05+00:00,Lewis Hall,Newcastle,DEF,5.2,5.3,5.316,0.81,6.0,6.0,6.0,available,0.0
4,2026-09-12T12:30:00+00:00,2026-09-18T11:44:45+00:00,2026-09-12 11:14:05+00:00,Lewis Miley,Newcastle,MID,5.5,4.951,4.963,0.77,2.7,2.7,2.7,available,0.0
4,2026-09-12T12:30:00+00:00,2026-09-18T11:44:45+00:00,2026-09-12 11:14:05+00:00,Loum Tchaouna,Coventry City,MID,5.4,3.286,3.339,0.68,1.3,1.3,1.3,available,0.0
4,2026-09-12T12:30:00+00:00,2026-09-18T11:44:45+00:00,2026-09-12 11:14:05+00:00,Luca Netz,Nott'm Forest,DEF,4.5,4.51,4.506,0.62,0.7,1.0,0.7,available,0.0
4,2026-09-12T12:30:00+00:00,2026-09-18T11:44:45+00:00,2026-09-12 11:14:05+00:00,Lucas Digne,Aston Villa,DEF,4.5,3.756,3.751,0.0,0.0,0.0,0.0,unavailable,0.0
4,2026-09-12T12:30:00+00:00,2026-09-18T11:44:45+00:00,2026-09-12 11:14:05+00:00,Luke O'Nien,Sunderland,DEF,4.0,3.962,3.959,0.56,0.3,1.0,0.3,available,0.0
4,2026-09-12T12:30:00+00:00,2026-09-18T11:44:45+00:00,2026-09-12 11:14:05+00:00,Luke Shaw,Man Utd,DEF,4.4,5.501,5.497,0.75,1.7,2.3,2.3,doubtful,0.0
4,2026-09-12T12:30:00+00:00,2026-09-18T11:44:45+00:00,2026-09-12 11:14:05+00:00,Luke Woolfenden,Coventry City,DEF,4.0,4.311,4.339,0.0,0.0,0.0,0.0,injured,0.0
4,2026-09-12T12:30:00+00:00,2026-09-18T11:44:45+00:00,2026-09-12 11:14:05+00:00,Mamadou Sarr,Chelsea,DEF,4.5,3.793,3.804,0.0,0.0,0.0,0.0,unavailable,0.0
4,2026-09-12T12:30:00+00:00,2026-09-18T11:44:45+00:00,2026-09-12 11:14:05+00:00,Marco Bizot,Aston Villa,GKP,4.5,3.129,3.125,0.81,0.3,1.0,0.3,available,0.0
4,2026-09-12T12:30:00+00:00,2026-09-18T11:44:45+00:00,2026-09-12 11:14:05+00:00,Mark Travers,Everton,GKP,5.0,3.144,3.135,1.0,0.0,0.0,0.0,available,0.0
4,2026-09-12T12:30:00+00:00,2026-09-18T11:44:45+00:00,2026-09-12 11:14:05+00:00,Martin Dúbravka,Spurs,GKP,4.0,3.135,3.133,1.0,0.0,0.0,0.0,available,0.0
4,2026-09-12T12:30:00+00:00,2026-09-18T11:44:45+00:00,2026-09-12 11:14:05+00:00,Mason Mount,Man Utd,MID,5.4,2.861,2.856,0.62,0.0,0.0,0.0,available,0.0
4,2026-09-12T12:30:00+00:00,2026-09-18T11:44:45+00:00,2026-09-12 11:14:05+00:00,Mathias Jensen,Brentford,MID,5.4,4.784,4.754,0.0,0.0,6.0,2.0,injured,0.0
4,2026-09-12T12:30:00+00:00,2026-09-18T11:44:45+00:00,2026-09-12 11:14:05+00:00,Mats Wieffer,Brighton,DEF,5.0,5.226,5.213,0.0,0.0,3.5,2.3,injured,0.0
4,2026-09-12T12:30:00+00:00,2026-09-18T11:44:45+00:00,2026-09-12 11:14:05+00:00,Matt Targett,Hull City,DEF,4.0,2.388,2.377,0.36,0.3,1.0,0.3,available,0.0
4,2026-09-12T12:30:00+00:00,2026-09-18T11:44:45+00:00,2026-09-12 11:14:05+00:00,Matthijs de Ligt,Man Utd,DEF,5.0,5.426,5.421,0.0,0.0,0.0,0.0,injured,0.0
4,2026-09-12T12:30:00+00:00,2026-09-18T11:44:45+00:00,2026-09-12 11:14:05+00:00,Matty Cash,Aston Villa,DEF,4.5,5.014,5.009,0.75,1.7,2.3,2.3,doubtful,0.0
4,2026-09-12T12:30:00+00:00,2026-09-18T11:44:45+00:00,2026-09-12 11:14:05+00:00,Max Alleyne,Man City,DEF,5.0,5.254,5.244,0.0,0.0,0.0,0.0,unavailable,0.0
4,2026-09-12T12:30:00+00:00,2026-09-18T11:44:45+00:00,2026-09-12 11:14:05+00:00,Melker Ellborg,Sunderland,GKP,4.5,3.164,3.162,1.0,0.0,0.0,0.0,available,0.0
4,2026-09-12T12:30:00+00:00,2026-09-18T11:44:45+00:00,2026-09-12 11:14:05+00:00,Merlin Röhl,Everton,MID,5.0,4.34,4.327,0.61,2.0,2.0,2.0,available,0.0
4,2026-09-12T12:30:00+00:00,2026-09-18T11:44:45+00:00,2026-09-12 11:14:05+00:00,Michael Keane,Everton,DEF,4.9,5.312,5.3,0.85,0.0,0.0,0.0,available,0.0
4,2026-09-12T12:30:00+00:00,2026-09-18T11:44:45+00:00,2026-09-12 11:14:05+00:00,Morato,Nott'm Forest,DEF,5.0,4.668,4.664,0.0,0.0,0.0,0.0,unavailable,0.0
4,2026-09-12T12:30:00+00:00,2026-09-18T11:44:45+00:00,2026-09-12 11:14:05+00:00,Nathan Collins,Brentford,DEF,5.5,5.003,4.981,0.0,0.0,3.3,3.3,injured,0.0
4,2026-09-12T12:30:00+00:00,2026-09-18T11:44:45+00:00,2026-09-12 11:14:05+00:00,Nathan Patterson,Everton,DEF,4.5,4.762,4.751,0.0,0.0,0.0,0.0,unavailable,0.0
4,2026-09-12T12:30:00+00:00,2026-09-18T11:44:45+00:00,2026-09-12 11:14:05+00:00,Nick Pope,Newcastle,GKP,4.9,3.351,3.361,1.0,0.0,0.0,0.0,available,0.0
4,2026-09-12T12:30:00+00:00,2026-09-18T11:44:45+00:00,2026-09-12 11:14:05+00:00,Nicolas Jackson,Aston Villa,FWD,6.5,4.721,4.708,0.85,1.3,2.0,1.3,available,0.0
4,2026-09-12T12:30:00+00:00,2026-09-18T11:44:45+00:00,2026-09-12 11:14:05+00:00,Nicolò Savona,Nott'm Forest,DEF,4.5,4.089,4.085,0.0,0.0,0.0,0.0,injured,0.0
4,2026-09-12T12:30:00+00:00,2026-09-18T11:44:45+00:00,2026-09-12 11:14:05+00:00,Nikola Milenković,Nott'm Forest,DEF,5.5,4.587,4.583,0.87,4.0,4.0,4.0,available,0.0
4,2026-09-12T12:30:00+00:00,2026-09-18T11:44:45+00:00,2026-09-12 11:14:05+00:00,Noni Madueke,Arsenal,MID,6.3,3.222,3.229,0.61,0.7,1.0,0.7,available,0.0
4,2026-09-12T12:30:00+00:00,2026-09-18T11:44:45+00:00,2026-09-12 11:14:05+00:00,Nordi Mukiele,Sunderland,DEF,5.5,5.41,5.406,1.0,4.3,6.5,4.3,available,0.0
4,2026-09-12T12:30:00+00:00,2026-09-18T11:44:45+00:00,2026-09-12 11:14:05+00:00,Noussair Mazraoui,Man Utd,DEF,4.4,4.924,4.92,0.7,1.0,1.0,1.0,available,0.0
4,2026-09-12T12:30:00+00:00,2026-09-18T11:44:45+00:00,2026-09-12 11:14:05+00:00,Ollie Watkins,Aston Villa,FWD,7.8,4.648,4.633,0.0,0.0,0.0,0.0,unavailable,0.0
4,2026-09-12T12:30:00+00:00,2026-09-18T11:44:45+00:00,2026-09-12 11:14:05+00:00,Omar Alderete,Sunderland,DEF,4.9,5.284,5.281,0.99,0.3,1.0,0.3,available,0.0
4,2026-09-12T12:30:00+00:00,2026-09-18T11:44:45+00:00,2026-09-12 11:14:05+00:00,Omari Hutchinson,Nott'm Forest,MID,5.4,2.925,2.919,0.0,0.0,0.0,0.0,unavailable,0.0
4,2026-09-12T12:30:00+00:00,2026-09-18T11:44:45+00:00,2026-09-12 11:14:05+00:00,Pape Matar Sarr,Spurs,MID,4.9,4.932,4.928,0.0,0.0,0.0,0.0,unavailable,0.0
4,2026-09-12T12:30:00+00:00,2026-09-18T11:44:45+00:00,2026-09-12 11:14:05+00:00,Pedro Porro,Spurs,DEF,5.5,5.953,5.948,0.73,2.0,4.0,2.7,doubtful,0.0
4,2026-09-12T12:30:00+00:00,2026-09-18T11:44:45+00:00,2026-09-12 11:14:05+00:00,Piero Hincapié,Arsenal,DEF,5.3,5.631,5.636,0.69,0.7,1.0,0.7,available,0.0
4,2026-09-12T12:30:00+00:00,2026-09-18T11:44:45+00:00,2026-09-12 11:14:05+00:00,Rayan Aït-Nouri,Man City,DEF,5.3,5.745,5.73,0.82,0.0,0.0,0.0,available,0.0
4,2026-09-12T12:30:00+00:00,2026-09-18T11:44:45+00:00,2026-09-12 11:14:05+00:00,Richarlison,Spurs,FWD,5.9,6.066,6.055,0.0,0.0,2.0,0.7,unavailable,0.0
4,2026-09-12T12:30:00+00:00,2026-09-18T11:44:45+00:00,2026-09-12 11:14:05+00:00,Rico Henry,Brentford,DEF,4.5,4.649,4.627,0.83,0.3,1.0,0.3,available,0.0
4,2026-09-12T12:30:00+00:00,2026-09-18T11:44:45+00:00,2026-09-12 11:14:05+00:00,Rodrigo,Man City,MID,6.5,4.164,4.132,0.0,0.0,0.0,0.0,unavailable,0.0
4,2026-09-12T12:30:00+00:00,2026-09-18T11:44:45+00:00,2026-09-12 11:14:05+00:00,Ryan Sessegnon,Fulham,DEF,4.4,5.243,5.247,0.68,1.0,1.0,1.0,available,0.0
4,2026-09-12T12:30:00+00:00,2026-09-18T11:44:45+00:00,2026-09-12 11:14:05+00:00,Sebastiaan Bornauw,Leeds,DEF,4.5,4.671,4.66,0.0,0.0,0.0,0.0,unavailable,0.0
4,2026-09-12T12:30:00+00:00,2026-09-18T11:44:45+00:00,2026-09-12 11:14:05+00:00,Sepp van den Berg,Brentford,DEF,4.9,5.742,5.72,0.0,0.0,0.0,0.0,injured,0.0
4,2026-09-12T12:30:00+00:00,2026-09-18T11:44:45+00:00,2026-09-12 11:14:05+00:00,Simon Adingra,Sunderland,MID,4.9,3.578,3.574,0.0,0.0,0.0,0.0,unavailable,0.0
4,2026-09-12T12:30:00+00:00,2026-09-18T11:44:45+00:00,2026-09-12 11:14:05+00:00,Takehiro Tomiyasu,Crystal Palace,DEF,4.5,4.617,4.642,0.6,0.7,1.0,0.7,available,0.0
4,2026-09-12T12:30:00+00:00,2026-09-18T11:44:45+00:00,2026-09-12 11:14:05+00:00,Taylor Harwood-Bellis,Aston Villa,DEF,4.5,4.16,4.155,0.99,1.8,0.0,0.0,available,0.0
4,2026-09-12T12:30:00+00:00,2026-09-18T11:44:45+00:00,2026-09-12 11:14:05+00:00,Tetê,Fulham,DEF,4.4,4.233,4.242,0.69,0.0,0.0,0.0,available,0.0
4,2026-09-12T12:30:00+00:00,2026-09-18T11:44:45+00:00,2026-09-12 11:14:05+00:00,Tim Iroegbunam,Hull City,MID,5.0,3.813,3.802,0.62,0.3,1.0,0.3,available,0.0
4,2026-09-12T12:30:00+00:00,2026-09-18T11:44:45+00:00,2026-09-12 11:14:05+00:00,Tom Cairney,Fulham,MID,5.0,1.946,1.95,0.0,0.0,0.0,0.0,injured,0.0
4,2026-09-12T12:30:00+00:00,2026-09-18T11:44:45+00:00,2026-09-12 11:14:05+00:00,Trai Hume,Sunderland,DEF,4.4,5.266,5.262,0.85,3.0,3.0,3.0,available,0.0
4,2026-09-12T12:30:00+00:00,2026-09-18T11:44:45+00:00,2026-09-12 11:14:05+00:00,Trevoh Chalobah,Chelsea,DEF,5.5,4.71,4.723,0.0,0.0,0.0,0.0,unavailable,0.0
4,2026-09-12T12:30:00+00:00,2026-09-18T11:44:45+00:00,2026-09-12 11:14:05+00:00,Tyler Dibling,Everton,MID,5.4,2.564,2.552,0.54,0.0,0.0,0.0,available,0.0
4,2026-09-12T12:30:00+00:00,2026-09-18T11:44:45+00:00,2026-09-12 11:14:05+00:00,Tyler Fredricson,Man Utd,DEF,4.0,3.371,3.367,0.0,0.0,0.0,0.0,unavailable,0.0
4,2026-09-12T12:30:00+00:00,2026-09-18T11:44:45+00:00,2026-09-12 11:14:05+00:00,Tyrone Mings,Aston Villa,DEF,4.5,3.896,3.892,0.95,2.3,3.5,2.3,available,0.0
4,2026-09-12T12:30:00+00:00,2026-09-18T11:44:45+00:00,2026-09-12 11:14:05+00:00,Valentín Barco,Chelsea,MID,5.5,5.064,5.077,0.67,0.3,1.0,0.3,available,0.0
4,2026-09-12T12:30:00+00:00,2026-09-18T11:44:45+00:00,2026-09-12 11:14:05+00:00,Veljko Milosavljević,Bournemouth,DEF,5.0,4.558,4.547,0.0,0.0,0.0,0.0,injured,0.0
4,2026-09-12T12:30:00+00:00,2026-09-18T11:44:45+00:00,2026-09-12 11:14:05+00:00,Viktor Gyökeres,Arsenal,FWD,7.2,2.541,2.551,0.54,0.3,1.0,0.3,available,0.0
4,2026-09-12T12:30:00+00:00,2026-09-18T11:44:45+00:00,2026-09-12 11:14:05+00:00,Wes Burns,Ipswich Town,MID,5.0,3.814,3.804,0.0,0.0,0.0,0.0,unavailable,0.0
4,2026-09-12T12:30:00+00:00,2026-09-18T11:44:45+00:00,2026-09-12 11:14:05+00:00,William Osula,Newcastle,FWD,5.9,4.013,4.037,0.0,0.0,4.0,1.3,injured,0.0
4,2026-09-12T12:30:00+00:00,2026-09-18T11:44:45+00:00,2026-09-12 11:14:05+00:00,William Saliba,Arsenal,DEF,5.9,5.363,5.368,0.0,0.0,0.0,0.0,injured,0.0
4,2026-09-12T12:30:00+00:00,2026-09-18T11:44:45+00:00,2026-09-12 11:14:05+00:00,Wilson Odobert,Spurs,MID,5.5,3.028,3.02,0.0,0.0,0.0,0.0,injured,0.0
4,2026-09-12T12:30:00+00:00,2026-09-18T11:44:45+00:00,2026-09-12 11:14:05+00:00,Yankuba Minteh,Brighton,MID,5.9,5.348,5.321,0.0,0.0,0.0,0.0,injured,0.0
4,2026-09-12T12:30:00+00:00,2026-09-18T11:44:45+00:00,2026-09-12 11:14:05+00:00,Zach Abbott,Nott'm Forest,DEF,4.0,4.775,4.771,0.0,0.0,0.0,0.0,unavailable,0.0
5,2026-09-18T17:30:00+00:00,2026-09-26T11:46:34+00:00,2026-09-18 11:44:45+00:00,Antoine Semenyo,Man City,MID,8.4,5.648,5.722,1.0,4.0,4.0,4.0,available,17.0
5,2026-09-18T17:30:00+00:00,2026-09-26T11:46:34+00:00,2026-09-18 11:44:45+00:00,Brian Brobbey,Sunderland,FWD,5.8,4.726,4.74,0.88,1.8,1.8,1.8,available,17.0
5,2026-09-18T17:30:00+00:00,2026-09-26T11:46:34+00:00,2026-09-18 11:44:45+00:00,James Tarkowski,Everton,DEF,6.1,5.212,5.199,1.0,7.2,7.2,7.2,available,14.0
5,2026-09-18T17:30:00+00:00,2026-09-26T11:46:34+00:00,2026-09-18 11:44:45+00:00,Pascal Groß,Brighton,MID,5.7,4.745,4.661,0.96,8.2,8.2,8.2,available,14.0
5,2026-09-18T17:30:00+00:00,2026-09-26T11:46:34+00:00,2026-09-18 11:44:45+00:00,Lewis Hall,Newcastle,DEF,5.2,5.3,5.326,0.81,4.5,4.5,4.5,available,13.0
5,2026-09-18T17:30:00+00:00,2026-09-26T11:46:34+00:00,2026-09-18 11:44:45+00:00,Jaidon Anthony,Brentford,MID,5.9,4.785,4.752,0.94,1.2,1.2,1.2,available,10.0
5,2026-09-18T17:30:00+00:00,2026-09-26T11:46:34+00:00,2026-09-18 11:44:45+00:00,James Trafford,Leeds,GKP,5.0,3.048,3.026,1.0,4.5,4.5,4.5,available,10.0
5,2026-09-18T17:30:00+00:00,2026-09-26T11:46:34+00:00,2026-09-18 11:44:45+00:00,Joe Willock,Newcastle,MID,5.0,2.734,2.763,0.54,3.0,3.0,3.0,available,10.0
5,2026-09-18T17:30:00+00:00,2026-09-26T11:46:34+00:00,2026-09-18 11:44:45+00:00,Harvey Barnes,Newcastle,MID,6.0,2.408,2.452,0.46,4.8,4.8,4.8,available,9.0
5,2026-09-18T17:30:00+00:00,2026-09-26T11:46:34+00:00,2026-09-18 11:44:45+00:00,Kevin Schade,Brentford,MID,6.1,4.514,4.491,0.84,7.5,7.5,7.5,available,9.0
5,2026-09-18T17:30:00+00:00,2026-09-26T11:46:34+00:00,2026-09-18 11:44:45+00:00,Ainsley Maitland-Niles,Everton,DEF,4.5,5.273,5.261,0.59,6.5,6.5,6.5,available,8.0
5,2026-09-18T17:30:00+00:00,2026-09-26T11:46:34+00:00,2026-09-18 11:44:45+00:00,Chris Richards,Crystal Palace,DEF,5.0,5.075,5.08,0.87,1.5,1.5,1.5,available,8.0
5,2026-09-18T17:30:00+00:00,2026-09-26T11:46:34+00:00,2026-09-18 11:44:45+00:00,Ethan Pinnock,Coventry City,DEF,4.5,5.366,5.395,1.0,1.5,2.0,1.5,available,8.0
5,2026-09-18T17:30:00+00:00,2026-09-26T11:46:34+00:00,2026-09-18 11:44:45+00:00,James Justin,Leeds,DEF,4.5,5.544,5.512,0.91,4.5,4.5,4.5,available,8.0
5,2026-09-18T17:30:00+00:00,2026-09-26T11:46:34+00:00,2026-09-18 11:44:45+00:00,Jarrad Branthwaite,Everton,DEF,5.5,5.155,5.143,0.75,4.8,4.8,4.8,available,8.0
5,2026-09-18T17:30:00+00:00,2026-09-26T11:46:34+00:00,2026-09-18 11:44:45+00:00,Jaydee Canvot,Crystal Palace,DEF,4.9,5.511,5.516,0.92,0.5,0.7,0.5,available,8.0
5,2026-09-18T17:30:00+00:00,2026-09-26T11:46:34+00:00,2026-09-18 11:44:45+00:00,Jordan Pickford,Everton,GKP,5.5,3.126,3.117,1.0,4.2,4.2,4.2,available,8.0
5,2026-09-18T17:30:00+00:00,2026-09-26T11:46:34+00:00,2026-09-18 11:44:45+00:00,Rayan Cherki,Man City,MID,7.8,4.074,4.141,0.61,6.5,6.5,6.5,available,8.0
5,2026-09-18T17:30:00+00:00,2026-09-26T11:46:34+00:00,2026-09-18 11:44:45+00:00,Virgil van Dijk,Liverpool,DEF,6.5,5.208,5.201,1.0,4.2,4.2,4.2,available,8.0
5,2026-09-18T17:30:00+00:00,2026-09-26T11:46:34+00:00,2026-09-18 11:44:45+00:00,Enzo Fernández,Man City,MID,6.9,5.366,5.42,0.99,1.5,2.0,1.5,available,7.0
5,2026-09-18T17:30:00+00:00,2026-09-26T11:46:34+00:00,2026-09-18 11:44:45+00:00,Kristoffer Ajer,Brentford,DEF,4.5,3.941,3.927,0.54,3.5,3.5,3.5,available,7.0
5,2026-09-18T17:30:00+00:00,2026-09-26T11:46:34+00:00,2026-09-18 11:44:45+00:00,Tyrick Mitchell,Crystal Palace,DEF,4.5,5.505,5.51,0.87,4.2,4.2,4.2,available,7.0
5,2026-09-18T17:30:00+00:00,2026-09-26T11:46:34+00:00,2026-09-18 11:44:45+00:00,Bart Verbruggen,Brighton,GKP,4.5,2.978,2.95,1.0,4.2,4.2,4.2,available,6.0
5,2026-09-18T17:30:00+00:00,2026-09-26T11:46:34+00:00,2026-09-18 11:44:45+00:00,Boubacar Kamara,Aston Villa,MID,5.0,5.121,5.126,0.98,2.2,2.2,2.2,available,6.0
5,2026-09-18T17:30:00+00:00,2026-09-26T11:46:34+00:00,2026-09-18 11:44:45+00:00,Calvin Bassey,Fulham,DEF,4.5,5.64,5.644,0.99,2.2,2.2,2.2,available,6.0
5,2026-09-18T17:30:00+00:00,2026-09-26T11:46:34+00:00,2026-09-18 11:44:45+00:00,Caoimhin Kelleher,Brentford,GKP,5.0,3.417,3.407,1.0,3.5,3.5,3.5,available,6.0
5,2026-09-18T17:30:00+00:00,2026-09-26T11:46:34+00:00,2026-09-18 11:44:45+00:00,Conor Gallagher,Spurs,MID,5.3,4.758,4.753,0.8,0.8,1.5,0.8,available,6.0
5,2026-09-18T17:30:00+00:00,2026-09-26T11:46:34+00:00,2026-09-18 11:44:45+00:00,Erling Haaland,Man City,FWD,15.6,6.625,6.721,0.99,8.2,8.2,8.2,available,6.0
5,2026-09-18T17:30:00+00:00,2026-09-26T11:46:34+00:00,2026-09-18 11:44:45+00:00,Florian Wirtz,Liverpool,MID,7.3,5.251,5.23,0.82,3.0,3.0,3.0,available,6.0
5,2026-09-18T17:30:00+00:00,2026-09-26T11:46:34+00:00,2026-09-18 11:44:45+00:00,Gabriel Gudmundsson,Leeds,DEF,4.5,5.328,5.296,0.99,2.0,4.0,2.0,available,6.0
5,2026-09-18T17:30:00+00:00,2026-09-26T11:46:34+00:00,2026-09-18 11:44:45+00:00,Jan Paul van Hecke,Spurs,DEF,4.9,5.629,5.626,1.0,4.5,4.5,4.5,available,6.0
5,2026-09-18T17:30:00+00:00,2026-09-26T11:46:34+00:00,2026-09-18 11:44:45+00:00,John McGinn,Aston Villa,MID,5.4,3.588,3.595,0.99,2.8,2.8,2.8,available,6.0
5,2026-09-18T17:30:00+00:00,2026-09-26T11:46:34+00:00,2026-09-18 11:44:45+00:00,Michael Kayode,Brentford,DEF,4.6,5.543,5.529,1.0,4.2,4.2,4.2,available,6.0
5,2026-09-18T17:30:00+00:00,2026-09-26T11:46:34+00:00,2026-09-18 11:44:45+00:00,Miloš Kerkez,Liverpool,DEF,5.4,2.703,2.698,0.57,1.8,1.8,1.8,available,6.0
5,2026-09-18T17:30:00+00:00,2026-09-26T11:46:34+00:00,2026-09-18 11:44:45+00:00,Nicolas Jackson,Aston Villa,FWD,6.5,4.721,4.733,0.85,1.0,1.3,1.0,available,6.0
5,2026-09-18T17:30:00+00:00,2026-09-26T11:46:34+00:00,2026-09-18 11:44:45+00:00,Olivier Boscagli,Brighton,DEF,4.5,5.049,5.016,0.77,3.2,3.2,3.2,available,6.0
5,2026-09-18T17:30:00+00:00,2026-09-26T11:46:34+00:00,2026-09-18 11:44:45+00:00,Alex Iwobi,Fulham,MID,5.4,4.04,4.047,1.0,2.2,2.2,2.2,available,5.0
5,2026-09-18T17:30:00+00:00,2026-09-26T11:46:34+00:00,2026-09-18 11:44:45+00:00,Alexis Mac Allister,Liverpool,MID,5.4,4.762,4.752,0.81,1.5,1.5,1.5,available,5.0
5,2026-09-18T17:30:00+00:00,2026-09-26T11:46:34+00:00,2026-09-18 11:44:45+00:00,Anton Stach,Leeds,MID,6.0,5.446,5.395,0.99,5.5,5.5,5.5,available,5.0
5,2026-09-18T17:30:00+00:00,2026-09-26T11:46:34+00:00,2026-09-18 11:44:45+00:00,Enzo Le Fée,Sunderland,MID,5.8,5.748,5.761,0.97,3.2,3.2,3.2,available,5.0
5,2026-09-18T17:30:00+00:00,2026-09-26T11:46:34+00:00,2026-09-18 11:44:45+00:00,Ethan Ampadu,Leeds,MID,5.4,5.011,4.981,1.0,4.0,4.0,4.0,available,5.0
5,2026-09-18T17:30:00+00:00,2026-09-26T11:46:34+00:00,2026-09-18 11:44:45+00:00,Ferdi Kadıoğlu,Brighton,DEF,4.4,4.524,4.481,0.97,2.0,2.7,2.0,available,5.0
5,2026-09-18T17:30:00+00:00,2026-09-26T11:46:34+00:00,2026-09-18 11:44:45+00:00,Iliman Ndiaye,Man City,MID,5.9,5.166,5.193,1.0,4.2,4.2,4.2,available,5.0
5,2026-09-18T17:30:00+00:00,2026-09-26T11:46:34+00:00,2026-09-18 11:44:45+00:00,Jayden Bogle,Leeds,DEF,4.6,5.169,5.132,0.98,9.2,9.2,9.2,available,5.0
5,2026-09-18T17:30:00+00:00,2026-09-26T11:46:34+00:00,2026-09-18 11:44:45+00:00,Pascal Struijk,Brighton,DEF,4.9,5.111,5.073,1.0,0.5,1.0,0.5,available,5.0
5,2026-09-18T17:30:00+00:00,2026-09-26T11:46:34+00:00,2026-09-18 11:44:45+00:00,Issa Diop,Ipswich Town,DEF,4.0,3.869,3.866,0.76,2.0,2.0,2.0,available,4.0
5,2026-09-18T17:30:00+00:00,2026-09-26T11:46:34+00:00,2026-09-18 11:44:45+00:00,James Hill,Bournemouth,DEF,5.5,5.66,5.657,0.92,2.0,2.0,2.0,available,4.0
5,2026-09-18T17:30:00+00:00,2026-09-26T11:46:34+00:00,2026-09-18 11:44:45+00:00,João Gomes,Aston Villa,MID,5.5,5.237,5.242,0.72,-0.4,-2.0,-0.5,doubtful,4.0
5,2026-09-18T17:30:00+00:00,2026-09-26T11:46:34+00:00,2026-09-18 11:44:45+00:00,Joško Gvardiol,Man City,DEF,5.7,4.747,4.765,0.86,8.2,8.2,8.2,available,4.0
5,2026-09-18T17:30:00+00:00,2026-09-26T11:46:34+00:00,2026-09-18 11:44:45+00:00,Kobbie Mainoo,Man Utd,MID,5.5,4.75,4.738,0.83,4.5,4.5,4.5,available,4.0
5,2026-09-18T17:30:00+00:00,2026-09-26T11:46:34+00:00,2026-09-18 11:44:45+00:00,Lewis Miley,Newcastle,MID,5.5,4.951,4.971,0.77,2.0,2.0,2.0,available,4.0
5,2026-09-18T17:30:00+00:00,2026-09-26T11:46:34+00:00,2026-09-18 11:44:45+00:00,Malick Thiaw,Newcastle,DEF,5.0,5.417,5.437,0.99,2.5,2.5,2.5,available,4.0
5,2026-09-18T17:30:00+00:00,2026-09-26T11:46:34+00:00,2026-09-18 11:44:45+00:00,Marc Guéhi,Man City,DEF,6.0,5.679,5.694,1.0,6.5,6.5,6.5,available,4.0
5,2026-09-18T17:30:00+00:00,2026-09-26T11:46:34+00:00,2026-09-18 11:44:45+00:00,Mohammed Kudus,Spurs,MID,6.5,4.933,4.927,1.0,0.8,1.0,0.8,available,4.0
5,2026-09-18T17:30:00+00:00,2026-09-26T11:46:34+00:00,2026-09-18 11:44:45+00:00,Murillo,Nott'm Forest,DEF,5.5,4.213,4.217,1.0,4.8,4.8,4.8,available,4.0
5,2026-09-18T17:30:00+00:00,2026-09-26T11:46:34+00:00,2026-09-18 11:44:45+00:00,Nilson Angulo,Sunderland,MID,5.0,3.41,3.416,0.59,3.0,3.0,3.0,available,4.0
5,2026-09-18T17:30:00+00:00,2026-09-26T11:46:34+00:00,2026-09-18 11:44:45+00:00,Rodrigo Bentancur,Spurs,MID,5.5,5.212,5.208,0.95,2.8,2.8,2.8,available,4.0
5,2026-09-18T17:30:00+00:00,2026-09-26T11:46:34+00:00,2026-09-18 11:44:45+00:00,Senne Lammens,Man Utd,GKP,4.9,3.134,3.125,1.0,1.8,1.8,1.8,available,4.0
5,2026-09-18T17:30:00+00:00,2026-09-26T11:46:34+00:00,2026-09-18 11:44:45+00:00,Sven Botman,Newcastle,DEF,5.0,5.85,5.87,0.96,2.8,2.8,2.8,available,4.0
5,2026-09-18T17:30:00+00:00,2026-09-26T11:46:34+00:00,2026-09-18 11:44:45+00:00,Tyler Adams,Bournemouth,MID,5.0,3.544,3.541,0.57,2.0,2.0,2.0,available,4.0
5,2026-09-18T17:30:00+00:00,2026-09-26T11:46:34+00:00,2026-09-18 11:44:45+00:00,Wesley Fofana,Chelsea,DEF,5.0,4.888,4.884,0.92,1.0,1.3,1.0,available,4.0
5,2026-09-18T17:30:00+00:00,2026-09-26T11:46:34+00:00,2026-09-18 11:44:45+00:00,Youri Tielemans,Man Utd,MID,5.8,4.946,4.932,0.95,2.5,2.5,2.5,available,4.0
5,2026-09-18T17:30:00+00:00,2026-09-26T11:46:34+00:00,2026-09-18 11:44:45+00:00,Bernd Leno,Fulham,GKP,4.5,3.282,3.285,1.0,3.8,3.8,3.8,available,3.0
5,2026-09-18T17:30:00+00:00,2026-09-26T11:46:34+00:00,2026-09-18 11:44:45+00:00,Brennan Johnson,Everton,MID,5.9,4.16,4.134,0.85,1.5,1.5,1.5,available,3.0
5,2026-09-18T17:30:00+00:00,2026-09-26T11:46:34+00:00,2026-09-18 11:44:45+00:00,Cody Gakpo,Liverpool,MID,7.2,6.285,6.262,0.95,7.2,7.2,7.2,available,3.0
5,2026-09-18T17:30:00+00:00,2026-09-26T11:46:34+00:00,2026-09-18 11:44:45+00:00,Daichi Kamada,Crystal Palace,MID,5.0,4.211,4.216,0.79,4.5,4.5,4.5,available,3.0
5,2026-09-18T17:30:00+00:00,2026-09-26T11:46:34+00:00,2026-09-18 11:44:45+00:00,Jack Grealish,Everton,MID,6.5,4.762,4.739,0.84,0.8,1.0,0.8,available,3.0
5,2026-09-18T17:30:00+00:00,2026-09-26T11:46:34+00:00,2026-09-18 11:44:45+00:00,James Garner,Everton,MID,6.0,5.262,5.247,1.0,2.0,2.0,2.0,available,3.0
5,2026-09-18T17:30:00+00:00,2026-09-26T11:46:34+00:00,2026-09-18 11:44:45+00:00,Keane Lewis-Potter,Brentford,MID,5.5,4.155,4.14,0.87,4.8,4.8,4.8,available,3.0
5,2026-09-18T17:30:00+00:00,2026-09-26T11:46:34+00:00,2026-09-18 11:44:45+00:00,Kiernan Dewsbury-Hall,Everton,MID,6.5,4.978,4.958,0.99,4.2,4.2,4.2,available,3.0
5,2026-09-18T17:30:00+00:00,2026-09-26T11:46:34+00:00,2026-09-18 11:44:45+00:00,Maxence Lacroix,Chelsea,DEF,6.0,5.572,5.567,1.0,2.5,2.5,2.5,available,3.0
5,2026-09-18T17:30:00+00:00,2026-09-26T11:46:34+00:00,2026-09-18 11:44:45+00:00,Mikkel Damsgaard,Brentford,MID,5.4,5.137,5.114,0.9,3.2,3.2,3.2,available,3.0
5,2026-09-18T17:30:00+00:00,2026-09-26T11:46:34+00:00,2026-09-18 11:44:45+00:00,Noah Okafor,Leeds,MID,5.8,3.451,3.345,0.64,3.8,3.8,3.8,available,3.0
5,2026-09-18T17:30:00+00:00,2026-09-26T11:46:34+00:00,2026-09-18 11:44:45+00:00,Sander Berge,Fulham,MID,4.9,4.484,4.488,0.99,2.0,2.0,2.0,available,3.0
5,2026-09-18T17:30:00+00:00,2026-09-26T11:46:34+00:00,2026-09-18 11:44:45+00:00,Tyrone Mings,Aston Villa,DEF,4.5,3.96,3.964,0.95,1.8,2.3,1.8,available,3.0
5,2026-09-18T17:30:00+00:00,2026-09-26T11:46:34+00:00,2026-09-18 11:44:45+00:00,Vitaly Janelt,Brentford,MID,5.0,4.135,4.118,0.72,6.2,6.2,6.2,available,3.0
5,2026-09-18T17:30:00+00:00,2026-09-26T11:46:34+00:00,2026-09-18 11:44:45+00:00,Yehor Yarmoliuk,Brentford,MID,4.8,4.804,4.79,0.92,1.5,1.5,1.5,available,3.0
5,2026-09-18T17:30:00+00:00,2026-09-26T11:46:34+00:00,2026-09-18 11:44:45+00:00,Adam Smith,Bournemouth,DEF,4.5,4.254,4.251,0.8,0.5,0.5,0.5,available,2.0
5,2026-09-18T17:30:00+00:00,2026-09-26T11:46:34+00:00,2026-09-18 11:44:45+00:00,Adam Wharton,Crystal Palace,MID,5.5,4.158,4.165,0.71,2.5,2.5,2.5,available,2.0
5,2026-09-18T17:30:00+00:00,2026-09-26T11:46:34+00:00,2026-09-18 11:44:45+00:00,Adrien Truffert,Bournemouth,DEF,5.5,5.587,5.584,1.0,2.0,2.0,2.0,available,2.0
5,2026-09-18T17:30:00+00:00,2026-09-26T11:46:34+00:00,2026-09-18 11:44:45+00:00,Alex Scott,Bournemouth,MID,6.1,5.141,5.137,0.98,7.0,7.0,7.0,available,2.0
5,2026-09-18T17:30:00+00:00,2026-09-26T11:46:34+00:00,2026-09-18 11:44:45+00:00,Antonee Robinson,Fulham,DEF,4.5,5.714,5.718,0.94,2.5,2.5,2.5,available,2.0
5,2026-09-18T17:30:00+00:00,2026-09-26T11:46:34+00:00,2026-09-18 11:44:45+00:00,Antonín Kinský,Spurs,GKP,4.5,3.142,3.14,1.0,4.0,4.0,4.0,available,2.0
5,2026-09-18T17:30:00+00:00,2026-09-26T11:46:34+00:00,2026-09-18 11:44:45+00:00,Archie Gray,Spurs,MID,4.9,3.195,3.192,0.94,1.8,2.3,1.8,available,2.0
5,2026-09-18T17:30:00+00:00,2026-09-26T11:46:34+00:00,2026-09-18 11:44:45+00:00,Bryan Mbeumo,Man Utd,MID,7.9,4.138,4.104,0.86,5.8,5.8,5.8,available,2.0
5,2026-09-18T17:30:00+00:00,2026-09-26T11:46:34+00:00,2026-09-18 11:44:45+00:00,Bukayo Saka,Arsenal,MID,9.5,9.008,8.977,0.93,7.5,7.5,7.5,available,2.0
5,2026-09-18T17:30:00+00:00,2026-09-26T11:46:34+00:00,2026-09-18 11:44:45+00:00,Christian Walton,Ipswich Town,GKP,4.4,3.205,3.202,1.0,0.0,0.0,0.0,available,2.0
5,2026-09-18T17:30:00+00:00,2026-09-26T11:46:34+00:00,2026-09-18 11:44:45+00:00,Cole Palmer,Chelsea,MID,9.7,5.849,5.827,0.97,6.5,6.5,6.5,available,2.0
5,2026-09-18T17:30:00+00:00,2026-09-26T11:46:34+00:00,2026-09-18 11:44:45+00:00,Daniel Ballard,Sunderland,DEF,4.9,5.228,5.234,0.81,3.0,3.0,3.0,available,2.0
5,2026-09-18T17:30:00+00:00,2026-09-26T11:46:34+00:00,2026-09-18 11:44:45+00:00,Danny Welbeck,Chelsea,FWD,5.9,3.732,3.721,0.77,0.5,1.0,0.5,available,2.0
5,2026-09-18T17:30:00+00:00,2026-09-26T11:46:34+00:00,2026-09-18 11:44:45+00:00,Dara O'Shea,Ipswich Town,DEF,4.0,5.287,5.283,1.0,2.0,2.0,2.0,available,2.0
5,2026-09-18T17:30:00+00:00,2026-09-26T11:46:34+00:00,2026-09-18 11:44:45+00:00,Dominic Calvert-Lewin,Leeds,FWD,6.0,6.327,6.2,0.94,5.0,5.0,5.0,available,2.0
5,2026-09-18T17:30:00+00:00,2026-09-26T11:46:34+00:00,2026-09-18 11:44:45+00:00,Dominik Szoboszlai,Liverpool,MID,7.0,5.707,5.692,1.0,4.5,4.5,4.5,available,2.0
5,2026-09-18T17:30:00+00:00,2026-09-26T11:46:34+00:00,2026-09-18 11:44:45+00:00,Elliot Anderson,Man City,MID,6.3,5.342,5.363,0.87,3.2,3.2,3.2,available,2.0
5,2026-09-18T17:30:00+00:00,2026-09-26T11:46:34+00:00,2026-09-18 11:44:45+00:00,Evanilson,Bournemouth,FWD,6.0,4.684,4.678,0.95,4.0,4.0,4.0,available,2.0
5,2026-09-18T17:30:00+00:00,2026-09-26T11:46:34+00:00,2026-09-18 11:44:45+00:00,Gianluigi Donnarumma,Man City,GKP,5.5,3.265,3.276,1.0,4.2,4.2,4.2,available,2.0
5,2026-09-18T17:30:00+00:00,2026-09-26T11:46:34+00:00,2026-09-18 11:44:45+00:00,Granit Xhaka,Sunderland,MID,5.5,4.8,4.81,0.98,4.8,4.8,4.8,available,2.0
5,2026-09-18T17:30:00+00:00,2026-09-26T11:46:34+00:00,2026-09-18 11:44:45+00:00,Harrison Armstrong,Everton,MID,5.0,2.918,2.907,0.49,2.6,3.5,3.5,doubtful,2.0
5,2026-09-18T17:30:00+00:00,2026-09-26T11:46:34+00:00,2026-09-18 11:44:45+00:00,Harry Maguire,Man Utd,DEF,4.9,5.285,5.273,0.94,2.0,2.0,2.0,available,2.0
5,2026-09-18T17:30:00+00:00,2026-09-26T11:46:34+00:00,2026-09-18 11:44:45+00:00,Jordan Henderson,Chelsea,MID,4.9,2.074,2.069,0.32,0.0,0.0,0.0,doubtful,2.0
5,2026-09-18T17:30:00+00:00,2026-09-26T11:46:34+00:00,2026-09-18 11:44:45+00:00,Julio Enciso,Ipswich Town,MID,5.5,5.382,5.373,0.85,3.2,3.2,3.2,available,2.0
5,2026-09-18T17:30:00+00:00,2026-09-26T11:46:34+00:00,2026-09-18 11:44:45+00:00,Jørgen Strand Larsen,Crystal Palace,FWD,6.0,3.318,3.327,0.65,3.0,3.0,3.0,available,2.0
5,2026-09-18T17:30:00+00:00,2026-09-26T11:46:34+00:00,2026-09-18 11:44:45+00:00,Kai Havertz,Arsenal,FWD,7.6,3.526,3.517,0.73,4.2,4.2,4.2,available,2.0
5,2026-09-18T17:30:00+00:00,2026-09-26T11:46:34+00:00,2026-09-18 11:44:45+00:00,Leif Davis,Ipswich Town,DEF,4.0,4.633,4.629,1.0,5.8,5.8,5.8,available,2.0
5,2026-09-18T17:30:00+00:00,2026-09-26T11:46:34+00:00,2026-09-18 11:44:45+00:00,Luke Shaw,Man Utd,DEF,4.4,5.501,5.49,0.75,1.4,2.3,1.8,doubtful,2.0
5,2026-09-18T17:30:00+00:00,2026-09-26T11:46:34+00:00,2026-09-18 11:44:45+00:00,Marcus Tavernier,Bournemouth,MID,6.1,5.321,5.313,0.96,7.2,7.2,7.2,available,2.0
5,2026-09-18T17:30:00+00:00,2026-09-26T11:46:34+00:00,2026-09-18 11:44:45+00:00,Martin Ødegaard,Arsenal,MID,6.8,3.123,3.111,0.51,6.8,6.8,6.8,available,2.0
5,2026-09-18T17:30:00+00:00,2026-09-26T11:46:34+00:00,2026-09-18 11:44:45+00:00,Matz Sels,Nott'm Forest,GKP,5.0,3.257,3.26,0.99,3.0,3.0,3.0,available,2.0
5,2026-09-18T17:30:00+00:00,2026-09-26T11:46:34+00:00,2026-09-18 11:44:45+00:00,Morgan Gibbs-White,Nott'm Forest,MID,8.0,4.505,4.514,0.86,6.5,6.5,6.5,available,2.0
5,2026-09-18T17:30:00+00:00,2026-09-26T11:46:34+00:00,2026-09-18 11:44:45+00:00,Morgan Rogers,Chelsea,MID,7.7,5.106,5.094,1.0,6.8,6.8,6.8,available,2.0
5,2026-09-18T17:30:00+00:00,2026-09-26T11:46:34+00:00,2026-09-18 11:44:45+00:00,Neco Williams,Nott'm Forest,DEF,5.0,5.573,5.577,0.87,4.2,4.2,4.2,available,2.0
5,2026-09-18T17:30:00+00:00,2026-09-26T11:46:34+00:00,2026-09-18 11:44:45+00:00,Neto,Chelsea,MID,6.5,2.557,2.554,1.0,3.0,3.0,3.0,available,2.0
5,2026-09-18T17:30:00+00:00,2026-09-26T11:46:34+00:00,2026-09-18 11:44:45+00:00,Noah Sadiki,Sunderland,MID,4.9,4.434,4.441,1.0,2.0,2.0,2.0,available,2.0
5,2026-09-18T17:30:00+00:00,2026-09-26T11:46:34+00:00,2026-09-18 11:44:45+00:00,Omar Marmoush,Spurs,FWD,7.0,3.613,3.606,0.55,1.5,2.0,1.5,available,2.0
5,2026-09-18T17:30:00+00:00,2026-09-26T11:46:34+00:00,2026-09-18 11:44:45+00:00,Rayan,Bournemouth,MID,6.4,4.372,4.367,0.82,2.0,2.0,2.0,available,2.0
5,2026-09-18T17:30:00+00:00,2026-09-26T11:46:34+00:00,2026-09-18 11:44:45+00:00,Ryan Christie,Bournemouth,MID,5.0,4.815,4.811,0.61,0.8,1.0,0.8,available,2.0
5,2026-09-18T17:30:00+00:00,2026-09-26T11:46:34+00:00,2026-09-18 11:44:45+00:00,Sandro Tonali,Spurs,MID,5.4,3.832,3.828,0.98,3.0,3.0,3.0,available,2.0
5,2026-09-18T17:30:00+00:00,2026-09-26T11:46:34+00:00,2026-09-18 11:44:45+00:00,Saša Lukić,Ipswich Town,MID,5.0,4.334,4.33,0.78,2.2,2.2,2.2,available,2.0
5,2026-09-18T17:30:00+00:00,2026-09-26T11:46:34+00:00,2026-09-18 11:44:45+00:00,Valentín Barco,Chelsea,MID,5.4,5.03,5.026,0.67,0.2,0.5,0.2,available,2.0
5,2026-09-18T17:30:00+00:00,2026-09-26T11:46:34+00:00,2026-09-18 11:44:45+00:00,Đorđe Petrović,Bournemouth,GKP,4.5,3.14,3.138,1.0,1.8,1.8,1.8,available,2.0
5,2026-09-18T17:30:00+00:00,2026-09-26T11:46:34+00:00,2026-09-18 11:44:45+00:00,Aaron Wan-Bissaka,Aston Villa,DEF,4.5,4.897,4.902,0.85,1.7,1.7,1.7,available,1.0
5,2026-09-18T17:30:00+00:00,2026-09-26T11:46:34+00:00,2026-09-18 11:44:45+00:00,Brenden Aaronson,Leeds,MID,5.4,4.192,4.15,0.81,1.5,1.5,1.5,available,1.0
5,2026-09-18T17:30:00+00:00,2026-09-26T11:46:34+00:00,2026-09-18 11:44:45+00:00,Chris Wood,Nott'm Forest,FWD,5.8,2.756,2.764,0.65,0.8,1.0,0.8,available,1.0
5,2026-09-18T17:30:00+00:00,2026-09-26T11:46:34+00:00,2026-09-18 11:44:45+00:00,Dango Ouattara,Brentford,MID,6.3,5.162,5.124,0.79,1.5,1.5,1.5,available,1.0
5,2026-09-18T17:30:00+00:00,2026-09-26T11:46:34+00:00,2026-09-18 11:44:45+00:00,Declan Rice,Arsenal,MID,7.4,5.487,5.48,0.99,4.8,4.8,4.8,available,1.0
5,2026-09-18T17:30:00+00:00,2026-09-26T11:46:34+00:00,2026-09-18 11:44:45+00:00,Eberechi Eze,Arsenal,MID,6.3,4.605,4.595,0.88,0.8,1.0,0.8,available,1.0
5,2026-09-18T17:30:00+00:00,2026-09-26T11:46:34+00:00,2026-09-18 11:44:45+00:00,El Hadji Malick Diouf,Brentford,DEF,4.5,5.618,5.6,0.97,0.3,1.0,0.3,available,1.0
5,2026-09-18T17:30:00+00:00,2026-09-26T11:46:34+00:00,2026-09-18 11:44:45+00:00,Estêvão,Chelsea,MID,6.3,2.696,2.688,0.69,0.8,1.0,0.8,available,1.0
5,2026-09-18T17:30:00+00:00,2026-09-26T11:46:34+00:00,2026-09-18 11:44:45+00:00,Fabian Schär,Newcastle,DEF,4.9,5.411,5.437,0.79,0.2,1.0,0.2,available,1.0
5,2026-09-18T17:30:00+00:00,2026-09-26T11:46:34+00:00,2026-09-18 11:44:45+00:00,Ibrahim Sangaré,Nott'm Forest,MID,4.9,4.669,4.673,0.85,0.8,1.5,0.8,available,1.0
5,2026-09-18T17:30:00+00:00,2026-09-26T11:46:34+00:00,2026-09-18 11:44:45+00:00,Igor Jesus,Nott'm Forest,FWD,5.8,4.133,4.139,0.79,2.8,2.8,2.8,available,1.0
5,2026-09-18T17:30:00+00:00,2026-09-26T11:46:34+00:00,2026-09-18 11:44:45+00:00,Ismaïla Sarr,Crystal Palace,MID,6.2,4.475,4.492,0.7,0.0,0.0,0.0,available,1.0
5,2026-09-18T17:30:00+00:00,2026-09-26T11:46:34+00:00,2026-09-18 11:44:45+00:00,Jacob Murphy,Newcastle,MID,5.9,2.485,2.516,0.59,0.5,0.5,0.5,available,1.0
5,2026-09-18T17:30:00+00:00,2026-09-26T11:46:34+00:00,2026-09-18 11:44:45+00:00,Jake O'Brien,Everton,DEF,4.9,5.162,5.15,0.99,0.2,1.0,0.2,available,1.0
5,2026-09-18T17:30:00+00:00,2026-09-26T11:46:34+00:00,2026-09-18 11:44:45+00:00,James Maddison,Spurs,MID,6.3,4.356,4.349,0.48,0.5,1.0,0.5,available,1.0
5,2026-09-18T17:30:00+00:00,2026-09-26T11:46:34+00:00,2026-09-18 11:44:45+00:00,Joachim Andersen,Fulham,DEF,5.0,5.395,5.399,1.0,0.5,1.0,0.5,available,1.0
5,2026-09-18T17:30:00+00:00,2026-09-26T11:46:34+00:00,2026-09-18 11:44:45+00:00,John Egan,Hull City,DEF,4.1,5.14,5.152,1.0,6.2,6.2,6.2,available,1.0
5,2026-09-18T17:30:00+00:00,2026-09-26T11:46:34+00:00,2026-09-18 11:44:45+00:00,Jérémy Doku,Man City,MID,7.4,8.003,8.118,0.0,0.0,0.0,0.0,injured,1.0
5,2026-09-18T17:30:00+00:00,2026-09-26T11:46:34+00:00,2026-09-18 11:44:45+00:00,Lewis Cook,Bournemouth,MID,5.0,4.559,4.556,0.69,1.8,1.8,1.8,available,1.0
5,2026-09-18T17:30:00+00:00,2026-09-26T11:46:34+00:00,2026-09-18 11:44:45+00:00,Liam Delap,Nott'm Forest,FWD,5.5,3.327,3.333,0.54,2.0,2.7,2.0,available,1.0
5,2026-09-18T17:30:00+00:00,2026-09-26T11:46:34+00:00,2026-09-18 11:44:45+00:00,Loum Tchaouna,Coventry City,MID,5.4,3.286,3.339,0.68,1.0,1.3,1.0,available,1.0
5,2026-09-18T17:30:00+00:00,2026-09-26T11:46:34+00:00,2026-09-18 11:44:45+00:00,Luca Netz,Nott'm Forest,DEF,4.4,4.58,4.584,0.62,0.5,1.0,0.5,available,1.0
5,2026-09-18T17:30:00+00:00,2026-09-26T11:46:34+00:00,2026-09-18 11:44:45+00:00,Mason Mount,Man Utd,MID,5.4,2.861,2.849,0.62,0.0,0.0,0.0,available,1.0
5,2026-09-18T17:30:00+00:00,2026-09-26T11:46:34+00:00,2026-09-18 11:44:45+00:00,Mateus Fernandes,Spurs,MID,5.8,5.16,5.156,0.98,1.5,1.5,1.5,available,1.0
5,2026-09-18T17:30:00+00:00,2026-09-26T11:46:34+00:00,2026-09-18 11:44:45+00:00,Matheus Nunes,Man City,DEF,5.9,5.211,5.226,0.98,2.5,5.0,2.5,available,1.0
5,2026-09-18T17:30:00+00:00,2026-09-26T11:46:34+00:00,2026-09-18 11:44:45+00:00,Micky van de Ven,Spurs,DEF,5.0,4.561,4.558,1.0,3.8,5.0,3.8,available,1.0
5,2026-09-18T17:30:00+00:00,2026-09-26T11:46:34+00:00,2026-09-18 11:44:45+00:00,Nico O'Reilly,Man City,DEF,6.4,5.066,5.083,0.94,1.2,1.7,1.2,available,1.0
5,2026-09-18T17:30:00+00:00,2026-09-26T11:46:34+00:00,2026-09-18 11:44:45+00:00,Pedro Porro,Spurs,DEF,5.4,5.953,5.948,0.98,2.0,4.0,2.0,available,1.0
5,2026-09-18T17:30:00+00:00,2026-09-26T11:46:34+00:00,2026-09-18 11:44:45+00:00,Riccardo Calafiori,Arsenal,DEF,5.8,4.774,4.77,0.85,7.0,7.0,7.0,available,1.0
5,2026-09-18T17:30:00+00:00,2026-09-26T11:46:34+00:00,2026-09-18 11:44:45+00:00,Ross Barkley,Aston Villa,MID,5.0,2.683,2.689,0.49,2.2,2.2,2.2,available,1.0
5,2026-09-18T17:30:00+00:00,2026-09-26T11:46:34+00:00,2026-09-18 11:44:45+00:00,Ryan Gravenberch,Liverpool,MID,5.9,4.819,4.811,0.86,2.0,2.0,2.0,available,1.0
5,2026-09-18T17:30:00+00:00,2026-09-26T11:46:34+00:00,2026-09-18 11:44:45+00:00,Takehiro Tomiyasu,Crystal Palace,DEF,4.4,4.54,4.545,0.6,0.5,0.7,0.5,available,1.0
5,2026-09-18T17:30:00+00:00,2026-09-26T11:46:34+00:00,2026-09-18 11:44:45+00:00,Tim Iroegbunam,Hull City,MID,5.0,3.847,3.859,0.62,0.2,0.5,0.2,available,1.0
5,2026-09-18T17:30:00+00:00,2026-09-26T11:46:34+00:00,2026-09-18 11:44:45+00:00,Timothy Castagne,Fulham,DEF,4.5,5.227,5.231,0.93,4.8,4.8,4.8,available,1.0
5,2026-09-18T17:30:00+00:00,2026-09-26T11:46:34+00:00,2026-09-18 11:44:45+00:00,Trai Hume,Sunderland,DEF,4.4,5.4,5.408,0.85,2.2,3.0,2.2,available,1.0
5,2026-09-18T17:30:00+00:00,2026-09-26T11:46:34+00:00,2026-09-18 11:44:45+00:00,Tyler Dibling,Everton,MID,5.4,2.564,2.552,0.54,0.0,0.0,0.0,available,1.0
5,2026-09-18T17:30:00+00:00,2026-09-26T11:46:34+00:00,2026-09-18 11:44:45+00:00,Victor Lindelöf,Aston Villa,DEF,4.5,3.478,3.482,0.75,1.8,1.8,1.8,available,1.0
5,2026-09-18T17:30:00+00:00,2026-09-26T11:46:34+00:00,2026-09-18 11:44:45+00:00,Viktor Gyökeres,Arsenal,FWD,7.2,2.541,2.534,0.54,0.2,1.0,0.2,available,1.0
5,2026-09-18T17:30:00+00:00,2026-09-26T11:46:34+00:00,2026-09-18 11:44:45+00:00,Abdukodir Khusanov,Man City,DEF,5.4,4.802,4.816,0.89,2.2,3.0,2.2,available,0.0
5,2026-09-18T17:30:00+00:00,2026-09-26T11:46:34+00:00,2026-09-18 11:44:45+00:00,Alex Murphy,Newcastle,DEF,4.0,3.496,3.517,0.0,0.0,0.0,0.0,unavailable,0.0
5,2026-09-18T17:30:00+00:00,2026-09-26T11:46:34+00:00,2026-09-18 11:44:45+00:00,Alex Palmer,Ipswich Town,GKP,4.0,3.215,3.212,1.0,0.0,0.0,0.0,available,0.0
5,2026-09-18T17:30:00+00:00,2026-09-26T11:46:34+00:00,2026-09-18 11:44:45+00:00,Altay Bayındır,Man Utd,GKP,4.5,3.148,3.139,0.0,0.0,0.0,0.0,unavailable,0.0
5,2026-09-18T17:30:00+00:00,2026-09-26T11:46:34+00:00,2026-09-18 11:44:45+00:00,Amad Diallo,Man Utd,MID,5.7,2.594,2.576,0.0,0.0,0.0,0.0,injured,0.0
5,2026-09-18T17:30:00+00:00,2026-09-26T11:46:34+00:00,2026-09-18 11:44:45+00:00,Amadou Onana,Aston Villa,MID,4.9,4.736,4.74,0.0,0.0,0.0,0.0,injured,0.0
5,2026-09-18T17:30:00+00:00,2026-09-26T11:46:34+00:00,2026-09-18 11:44:45+00:00,Axel Disasi,Crystal Palace,DEF,4.5,4.707,4.712,0.0,0.0,0.3,0.2,suspended,0.0
5,2026-09-18T17:30:00+00:00,2026-09-26T11:46:34+00:00,2026-09-18 11:44:45+00:00,Ayden Heaven,Man Utd,DEF,4.4,5.16,5.148,0.81,0.2,1.0,0.2,available,0.0
5,2026-09-18T17:30:00+00:00,2026-09-26T11:46:34+00:00,2026-09-18 11:44:45+00:00,Bafodé Diakité,Bournemouth,DEF,5.0,4.341,4.338,0.86,0.0,0.0,0.0,available,0.0
5,2026-09-18T17:30:00+00:00,2026-09-26T11:46:34+00:00,2026-09-18 11:44:45+00:00,Ben Davies,Spurs,DEF,4.0,4.883,4.88,0.56,0.0,0.0,0.0,available,0.0
5,2026-09-18T17:30:00+00:00,2026-09-26T11:46:34+00:00,2026-09-18 11:44:45+00:00,Ben Johnson,Ipswich Town,DEF,4.0,4.186,4.183,0.0,0.0,0.0,0.0,unavailable,0.0
5,2026-09-18T17:30:00+00:00,2026-09-26T11:46:34+00:00,2026-09-18 11:44:45+00:00,Benjamin Šeško,Man Utd,FWD,7.0,3.512,3.468,0.59,2.0,2.0,2.0,available,0.0
5,2026-09-18T17:30:00+00:00,2026-09-26T11:46:34+00:00,2026-09-18 11:44:45+00:00,Beto,Everton,FWD,5.4,5.076,5.047,0.0,0.0,1.0,0.5,unavailable,0.0
5,2026-09-18T17:30:00+00:00,2026-09-26T11:46:34+00:00,2026-09-18 11:44:45+00:00,Borna Sosa,Crystal Palace,DEF,4.5,2.955,2.959,0.0,0.0,0.0,0.0,unavailable,0.0
5,2026-09-18T17:30:00+00:00,2026-09-26T11:46:34+00:00,2026-09-18 11:44:45+00:00,Callum Hudson-Odoi,Nott'm Forest,MID,5.8,2.373,2.379,0.77,0.2,1.0,0.2,available,0.0
5,2026-09-18T17:30:00+00:00,2026-09-26T11:46:34+00:00,2026-09-18 11:44:45+00:00,Carlos Baleba,Man Utd,MID,4.9,4.216,4.201,0.0,0.0,0.0,0.0,injured,0.0
5,2026-09-18T17:30:00+00:00,2026-09-26T11:46:34+00:00,2026-09-18 11:44:45+00:00,Chadi Riad,Crystal Palace,DEF,4.4,4.788,4.792,0.0,0.0,1.0,0.2,injured,0.0
5,2026-09-18T17:30:00+00:00,2026-09-26T11:46:34+00:00,2026-09-18 11:44:45+00:00,Chemsdine Talbi,Sunderland,MID,5.3,3.294,3.304,0.74,0.2,1.0,0.2,available,0.0
5,2026-09-18T17:30:00+00:00,2026-09-26T11:46:34+00:00,2026-09-18 11:44:45+00:00,Chiedozie Ogbene,Ipswich Town,MID,4.9,3.127,3.123,0.0,0.0,0.0,0.0,unavailable,0.0
5,2026-09-18T17:30:00+00:00,2026-09-26T11:46:34+00:00,2026-09-18 11:44:45+00:00,Chris Rigg,Sunderland,MID,4.9,3.61,3.616,0.97,0.5,1.0,0.5,available,0.0
5,2026-09-18T17:30:00+00:00,2026-09-26T11:46:34+00:00,2026-09-18 11:44:45+00:00,Conor Bradley,Liverpool,DEF,5.0,5.17,5.166,0.0,0.0,0.0,0.0,injured,0.0
5,2026-09-18T17:30:00+00:00,2026-09-26T11:46:34+00:00,2026-09-18 11:44:45+00:00,Cristhian Mosquera,Arsenal,DEF,5.3,4.058,4.055,0.43,3.0,6.0,3.0,available,0.0
5,2026-09-18T17:30:00+00:00,2026-09-26T11:46:34+00:00,2026-09-18 11:44:45+00:00,Cristian Romero,Spurs,DEF,5.0,5.775,5.772,0.0,0.0,0.0,0.0,unavailable,0.0
5,2026-09-18T17:30:00+00:00,2026-09-26T11:46:34+00:00,2026-09-18 11:44:45+00:00,Curtis Jones,Liverpool,MID,5.5,4.553,4.548,0.0,0.0,0.0,0.0,unavailable,0.0
5,2026-09-18T17:30:00+00:00,2026-09-26T11:46:34+00:00,2026-09-18 11:44:45+00:00,Dan Burn,Newcastle,DEF,4.9,5.126,5.148,0.0,0.0,0.0,0.0,injured,0.0
5,2026-09-18T17:30:00+00:00,2026-09-26T11:46:34+00:00,2026-09-18 11:44:45+00:00,Dean Henderson,Crystal Palace,GKP,5.0,3.279,3.283,0.0,0.0,1.7,1.2,injured,0.0
5,2026-09-18T17:30:00+00:00,2026-09-26T11:46:34+00:00,2026-09-18 11:44:45+00:00,Dejan Kulusevski,Spurs,MID,6.5,3.72,3.714,0.0,0.0,0.0,0.0,injured,0.0
5,2026-09-18T17:30:00+00:00,2026-09-26T11:46:34+00:00,2026-09-18 11:44:45+00:00,Destiny Udogie,Spurs,DEF,4.4,4.974,4.971,0.87,1.8,2.3,1.8,available,0.0
5,2026-09-18T17:30:00+00:00,2026-09-26T11:46:34+00:00,2026-09-18 11:44:45+00:00,Diego Coppola,Brighton,DEF,4.5,4.379,4.344,0.68,0.0,0.0,0.0,available,0.0
5,2026-09-18T17:30:00+00:00,2026-09-26T11:46:34+00:00,2026-09-18 11:44:45+00:00,Dilane Bakwa,Nott'm Forest,MID,5.5,2.352,2.358,0.0,0.0,0.0,0.0,unavailable,0.0
5,2026-09-18T17:30:00+00:00,2026-09-26T11:46:34+00:00,2026-09-18 11:44:45+00:00,Dwight McNeil,Crystal Palace,MID,5.4,4.305,4.311,0.87,0.8,1.5,0.8,available,0.0
5,2026-09-18T17:30:00+00:00,2026-09-26T11:46:34+00:00,2026-09-18 11:44:45+00:00,Emile Smith Rowe,Fulham,MID,5.4,4.284,4.289,0.84,0.8,1.0,0.8,available,0.0
5,2026-09-18T17:30:00+00:00,2026-09-26T11:46:34+00:00,2026-09-18 11:44:45+00:00,Ethan Nwaneri,Arsenal,MID,5.4,2.016,2.012,0.0,0.0,0.0,0.0,unavailable,0.0
5,2026-09-18T17:30:00+00:00,2026-09-26T11:46:34+00:00,2026-09-18 11:44:45+00:00,Evann Guessand,Crystal Palace,MID,5.4,3.173,3.18,0.56,0.5,1.0,0.5,available,0.0
5,2026-09-18T17:30:00+00:00,2026-09-26T11:46:34+00:00,2026-09-18 11:44:45+00:00,Fraser Forster,Bournemouth,GKP,4.0,3.142,3.14,1.0,0.0,0.0,0.0,available,0.0
5,2026-09-18T17:30:00+00:00,2026-09-26T11:46:34+00:00,2026-09-18 11:44:45+00:00,Freddie Woodman,Liverpool,GKP,4.0,3.131,3.127,0.68,0.0,0.0,0.0,available,0.0
5,2026-09-18T17:30:00+00:00,2026-09-26T11:46:34+00:00,2026-09-18 11:44:45+00:00,Giorgi Mamardashvili,Liverpool,GKP,4.9,3.15,3.146,1.0,0.0,0.0,0.0,available,0.0
5,2026-09-18T17:30:00+00:00,2026-09-26T11:46:34+00:00,2026-09-18 11:44:45+00:00,Guglielmo Vicario,Spurs,GKP,4.5,3.133,3.131,0.0,0.0,0.0,0.0,unavailable,0.0
5,2026-09-18T17:30:00+00:00,2026-09-26T11:46:34+00:00,2026-09-18 11:44:45+00:00,Gustavo Hamer,Coventry City,MID,5.4,4.641,4.735,0.98,0.8,1.0,0.8,available,0.0
5,2026-09-18T17:30:00+00:00,2026-09-26T11:46:34+00:00,2026-09-18 11:44:45+00:00,Habib Diarra,Sunderland,MID,5.4,3.17,3.181,0.0,0.0,2.5,1.2,injured,0.0
5,2026-09-18T17:30:00+00:00,2026-09-26T11:46:34+00:00,2026-09-18 11:44:45+00:00,Harry Amass,Man Utd,DEF,4.0,4.881,4.866,0.75,0.0,0.0,0.0,available,0.0
5,2026-09-18T17:30:00+00:00,2026-09-26T11:46:34+00:00,2026-09-18 11:44:45+00:00,Harry Wilson,Leeds,MID,6.2,4.351,4.271,0.85,1.2,1.2,1.2,available,0.0
5,2026-09-18T17:30:00+00:00,2026-09-26T11:46:34+00:00,2026-09-18 11:44:45+00:00,Hugo Ekitiké,Liverpool,FWD,7.4,7.267,7.234,0.0,0.0,0.0,0.0,injured,0.0
5,2026-09-18T17:30:00+00:00,2026-09-26T11:46:34+00:00,2026-09-18 11:44:45+00:00,Hákon Rafn Valdimarsson,Brentford,GKP,4.5,3.398,3.388,0.3,0.0,0.0,0.0,available,0.0
5,2026-09-18T17:30:00+00:00,2026-09-26T11:46:34+00:00,2026-09-18 11:44:45+00:00,Ian Maatsen,Aston Villa,DEF,4.5,3.984,3.988,0.15,0.6,2.2,2.2,doubtful,0.0
5,2026-09-18T17:30:00+00:00,2026-09-26T11:46:34+00:00,2026-09-18 11:44:45+00:00,Ilia Gruev,Leeds,MID,5.0,2.174,2.142,0.16,0.0,0.0,0.0,doubtful,0.0
5,2026-09-18T17:30:00+00:00,2026-09-26T11:46:34+00:00,2026-09-18 11:44:45+00:00,Illan Meslier,Arsenal,GKP,4.9,3.213,3.21,1.0,0.0,0.0,0.0,available,0.0
5,2026-09-18T17:30:00+00:00,2026-09-26T11:46:34+00:00,2026-09-18 11:44:45+00:00,Jack Hinshelwood,Brighton,MID,5.9,3.408,3.342,0.0,0.0,16.0,4.0,injured,0.0
5,2026-09-18T17:30:00+00:00,2026-09-26T11:46:34+00:00,2026-09-18 11:44:45+00:00,Jack Taylor,Ipswich Town,MID,4.5,2.174,2.171,0.0,0.0,0.0,0.0,injured,0.0
5,2026-09-18T17:30:00+00:00,2026-09-26T11:46:34+00:00,2026-09-18 11:44:45+00:00,Jacob Greaves,Ipswich Town,DEF,4.0,5.593,5.59,1.0,0.8,0.8,0.8,available,0.0
5,2026-09-18T17:30:00+00:00,2026-09-26T11:46:34+00:00,2026-09-18 11:44:45+00:00,Jacob Ramsey,Newcastle,MID,4.9,3.336,3.361,0.0,0.0,2.3,1.8,injured,0.0
5,2026-09-18T17:30:00+00:00,2026-09-26T11:46:34+00:00,2026-09-18 11:44:45+00:00,Jaka Bijol,Leeds,DEF,5.0,4.794,4.764,0.93,3.0,4.0,3.0,available,0.0
5,2026-09-18T17:30:00+00:00,2026-09-26T11:46:34+00:00,2026-09-18 11:44:45+00:00,Jason Steele,Brighton,GKP,4.0,2.963,2.935,1.0,0.0,0.0,0.0,available,0.0
5,2026-09-18T17:30:00+00:00,2026-09-26T11:46:34+00:00,2026-09-18 11:44:45+00:00,Jeremie Frimpong,Liverpool,DEF,5.3,3.186,3.179,0.6,0.5,0.7,0.5,available,0.0
5,2026-09-18T17:30:00+00:00,2026-09-26T11:46:34+00:00,2026-09-18 11:44:45+00:00,Joe Rodon,Leeds,DEF,4.4,4.474,4.444,0.0,0.0,3.5,1.8,injured,0.0
5,2026-09-18T17:30:00+00:00,2026-09-26T11:46:34+00:00,2026-09-18 11:44:45+00:00,Joelinton,Newcastle,MID,5.4,5.075,5.096,0.0,0.0,0.0,0.0,injured,0.0
5,2026-09-18T17:30:00+00:00,2026-09-26T11:46:34+00:00,2026-09-18 11:44:45+00:00,Jorrel Hato,Chelsea,DEF,4.5,5.278,5.274,0.83,2.0,2.0,2.0,available,0.0
5,2026-09-18T17:30:00+00:00,2026-09-26T11:46:34+00:00,2026-09-18 11:44:45+00:00,João Pedro,Chelsea,FWD,7.8,6.171,6.154,0.71,6.1,8.2,8.2,doubtful,0.0
5,2026-09-18T17:30:00+00:00,2026-09-26T11:46:34+00:00,2026-09-18 11:44:45+00:00,Jurriën Timber,Arsenal,DEF,6.5,5.278,5.274,0.97,0.2,1.0,0.2,available,0.0
5,2026-09-18T17:30:00+00:00,2026-09-26T11:46:34+00:00,2026-09-18 11:44:45+00:00,Justin Devenny,Crystal Palace,MID,5.0,4.197,4.202,0.0,0.0,0.0,0.0,unavailable,0.0
5,2026-09-18T17:30:00+00:00,2026-09-26T11:46:34+00:00,2026-09-18 11:44:45+00:00,Justin Kluivert,Bournemouth,MID,6.0,2.773,2.766,0.58,3.8,3.8,3.8,available,0.0
5,2026-09-18T17:30:00+00:00,2026-09-26T11:46:34+00:00,2026-09-18 11:44:45+00:00,Kalvin Phillips,Man City,MID,5.0,4.333,4.346,0.0,0.0,0.0,0.0,unavailable,0.0
5,2026-09-18T17:30:00+00:00,2026-09-26T11:46:34+00:00,2026-09-18 11:44:45+00:00,Karl Darlow,Man Utd,GKP,4.5,3.143,3.134,1.0,0.0,0.0,0.0,available,0.0
5,2026-09-18T17:30:00+00:00,2026-09-26T11:46:34+00:00,2026-09-18 11:44:45+00:00,Kasey McAteer,Ipswich Town,MID,4.5,4.378,4.374,0.68,0.8,1.0,0.8,available,0.0
5,2026-09-18T17:30:00+00:00,2026-09-26T11:46:34+00:00,2026-09-18 11:44:45+00:00,Kenny Tete,Fulham,DEF,4.4,5.503,5.507,0.86,0.0,0.0,0.0,available,0.0
5,2026-09-18T17:30:00+00:00,2026-09-26T11:46:34+00:00,2026-09-18 11:44:45+00:00,Kevin Danso,Sunderland,DEF,5.0,5.738,5.744,0.92,0.8,1.5,0.8,available,0.0
5,2026-09-18T17:30:00+00:00,2026-09-26T11:46:34+00:00,2026-09-18 11:44:45+00:00,Lamare Bogarde,Aston Villa,MID,5.0,3.787,3.79,0.55,0.2,1.0,0.2,available,0.0
5,2026-09-18T17:30:00+00:00,2026-09-26T11:46:34+00:00,2026-09-18 11:44:45+00:00,Leny Yoro,Man Utd,DEF,4.9,4.64,4.629,0.73,0.5,1.0,0.5,available,0.0
5,2026-09-18T17:30:00+00:00,2026-09-26T11:46:34+00:00,2026-09-18 11:44:45+00:00,Lewis Dunk,Brighton,DEF,4.5,4.883,4.842,0.99,5.5,5.5,5.5,available,0.0
5,2026-09-18T17:30:00+00:00,2026-09-26T11:46:34+00:00,2026-09-18 11:44:45+00:00,Lisandro Martínez,Man Utd,DEF,5.0,4.836,4.825,0.92,1.5,2.0,1.5,available,0.0
5,2026-09-18T17:30:00+00:00,2026-09-26T11:46:34+00:00,2026-09-18 11:44:45+00:00,Lucas Digne,Aston Villa,DEF,4.5,3.82,3.825,0.0,0.0,0.0,0.0,unavailable,0.0
5,2026-09-18T17:30:00+00:00,2026-09-26T11:46:34+00:00,2026-09-18 11:44:45+00:00,Luke O'Nien,Sunderland,DEF,4.0,4.096,4.101,0.56,0.2,1.0,0.2,available,0.0
5,2026-09-18T17:30:00+00:00,2026-09-26T11:46:34+00:00,2026-09-18 11:44:45+00:00,Luke Woolfenden,Coventry City,DEF,4.0,4.311,4.339,0.0,0.0,0.0,0.0,injured,0.0
5,2026-09-18T17:30:00+00:00,2026-09-26T11:46:34+00:00,2026-09-18 11:44:45+00:00,Malo Gusto,Chelsea,DEF,5.0,4.822,4.815,0.9,1.0,1.0,1.0,available,0.0
5,2026-09-18T17:30:00+00:00,2026-09-26T11:46:34+00:00,2026-09-18 11:44:45+00:00,Mamadou Sarr,Chelsea,DEF,4.5,3.659,3.655,0.0,0.0,0.0,0.0,unavailable,0.0
5,2026-09-18T17:30:00+00:00,2026-09-26T11:46:34+00:00,2026-09-18 11:44:45+00:00,Marco Bizot,Aston Villa,GKP,4.5,3.193,3.196,0.61,0.2,1.0,0.2,doubtful,0.0
5,2026-09-18T17:30:00+00:00,2026-09-26T11:46:34+00:00,2026-09-18 11:44:45+00:00,Mark Travers,Everton,GKP,5.0,3.144,3.135,1.0,0.0,0.0,0.0,available,0.0
5,2026-09-18T17:30:00+00:00,2026-09-26T11:46:34+00:00,2026-09-18 11:44:45+00:00,Martin Dúbravka,Spurs,GKP,4.0,3.135,3.133,1.0,0.0,0.0,0.0,available,0.0
5,2026-09-18T17:30:00+00:00,2026-09-26T11:46:34+00:00,2026-09-18 11:44:45+00:00,Mathias Jensen,Brentford,MID,5.4,4.784,4.766,0.0,0.0,6.0,1.5,injured,0.0
5,2026-09-18T17:30:00+00:00,2026-09-26T11:46:34+00:00,2026-09-18 11:44:45+00:00,Mathys Tel,Spurs,MID,5.8,5.215,5.207,0.54,2.0,2.0,2.0,available,0.0
5,2026-09-18T17:30:00+00:00,2026-09-26T11:46:34+00:00,2026-09-18 11:44:45+00:00,Mats Wieffer,Brighton,DEF,4.9,5.062,5.025,0.0,0.0,3.5,1.8,injured,0.0
5,2026-09-18T17:30:00+00:00,2026-09-26T11:46:34+00:00,2026-09-18 11:44:45+00:00,Matt Targett,Hull City,DEF,4.0,2.522,2.534,0.27,0.2,1.0,0.2,doubtful,0.0
5,2026-09-18T17:30:00+00:00,2026-09-26T11:46:34+00:00,2026-09-18 11:44:45+00:00,Matthijs de Ligt,Man Utd,DEF,5.0,5.426,5.414,0.0,0.0,0.0,0.0,injured,0.0
5,2026-09-18T17:30:00+00:00,2026-09-26T11:46:34+00:00,2026-09-18 11:44:45+00:00,Max Alleyne,Man City,DEF,5.0,5.388,5.401,0.0,0.0,0.0,0.0,unavailable,0.0
5,2026-09-18T17:30:00+00:00,2026-09-26T11:46:34+00:00,2026-09-18 11:44:45+00:00,Melker Ellborg,Sunderland,GKP,4.5,3.298,3.302,1.0,0.0,0.0,0.0,available,0.0
5,2026-09-18T17:30:00+00:00,2026-09-26T11:46:34+00:00,2026-09-18 11:44:45+00:00,Merlin Röhl,Everton,MID,4.9,4.34,4.327,0.46,1.1,2.0,1.5,doubtful,0.0
5,2026-09-18T17:30:00+00:00,2026-09-26T11:46:34+00:00,2026-09-18 11:44:45+00:00,Michael Keane,Everton,DEF,4.8,5.312,5.3,0.85,0.0,0.0,0.0,available,0.0
5,2026-09-18T17:30:00+00:00,2026-09-26T11:46:34+00:00,2026-09-18 11:44:45+00:00,Morato,Nott'm Forest,DEF,5.0,4.738,4.741,0.0,0.0,0.0,0.0,unavailable,0.0
5,2026-09-18T17:30:00+00:00,2026-09-26T11:46:34+00:00,2026-09-18 11:44:45+00:00,Myles Lewis-Skelly,Arsenal,MID,5.5,3.63,3.627,0.46,2.2,2.2,2.2,available,0.0
5,2026-09-18T17:30:00+00:00,2026-09-26T11:46:34+00:00,2026-09-18 11:44:45+00:00,Nathan Collins,Brentford,DEF,5.4,5.003,4.99,0.0,0.0,3.3,2.5,injured,0.0
5,2026-09-18T17:30:00+00:00,2026-09-26T11:46:34+00:00,2026-09-18 11:44:45+00:00,Nathan Patterson,Everton,DEF,4.5,4.762,4.751,0.0,0.0,0.0,0.0,unavailable,0.0
5,2026-09-18T17:30:00+00:00,2026-09-26T11:46:34+00:00,2026-09-18 11:44:45+00:00,Nick Pope,Newcastle,GKP,4.9,3.351,3.367,1.0,0.0,0.0,0.0,available,0.0
5,2026-09-18T17:30:00+00:00,2026-09-26T11:46:34+00:00,2026-09-18 11:44:45+00:00,Nicolò Savona,Nott'm Forest,DEF,4.5,4.159,4.163,0.0,0.0,0.0,0.0,injured,0.0
5,2026-09-18T17:30:00+00:00,2026-09-26T11:46:34+00:00,2026-09-18 11:44:45+00:00,Nikola Milenković,Nott'm Forest,DEF,5.5,4.657,4.661,0.0,0.0,4.0,3.0,injured,0.0
5,2026-09-18T17:30:00+00:00,2026-09-26T11:46:34+00:00,2026-09-18 11:44:45+00:00,Noni Madueke,Arsenal,MID,6.2,3.204,3.199,0.61,0.5,1.0,0.5,available,0.0
5,2026-09-18T17:30:00+00:00,2026-09-26T11:46:34+00:00,2026-09-18 11:44:45+00:00,Nordi Mukiele,Sunderland,DEF,5.4,5.544,5.551,1.0,3.2,4.3,3.2,available,0.0
5,2026-09-18T17:30:00+00:00,2026-09-26T11:46:34+00:00,2026-09-18 11:44:45+00:00,Noussair Mazraoui,Man Utd,DEF,4.4,4.924,4.913,0.7,0.8,1.0,0.8,available,0.0
5,2026-09-18T17:30:00+00:00,2026-09-26T11:46:34+00:00,2026-09-18 11:44:45+00:00,Ola Aina,Nott'm Forest,DEF,4.5,5.525,5.529,1.0,2.0,2.0,2.0,available,0.0
5,2026-09-18T17:30:00+00:00,2026-09-26T11:46:34+00:00,2026-09-18 11:44:45+00:00,Ollie Watkins,Aston Villa,FWD,7.8,4.648,4.662,0.0,0.0,0.0,0.0,unavailable,0.0
5,2026-09-18T17:30:00+00:00,2026-09-26T11:46:34+00:00,2026-09-18 11:44:45+00:00,Omar Alderete,Sunderland,DEF,4.9,5.418,5.424,0.99,0.2,1.0,0.2,available,0.0
5,2026-09-18T17:30:00+00:00,2026-09-26T11:46:34+00:00,2026-09-18 11:44:45+00:00,Omari Hutchinson,Nott'm Forest,MID,5.4,2.943,2.948,0.0,0.0,0.0,0.0,unavailable,0.0
5,2026-09-18T17:30:00+00:00,2026-09-26T11:46:34+00:00,2026-09-18 11:44:45+00:00,Pape Matar Sarr,Spurs,MID,4.9,4.932,4.928,0.0,0.0,0.0,0.0,unavailable,0.0
5,2026-09-18T17:30:00+00:00,2026-09-26T11:46:34+00:00,2026-09-18 11:44:45+00:00,Pau Torres,Aston Villa,DEF,4.5,4.271,4.275,0.72,0.6,1.0,0.8,doubtful,0.0
5,2026-09-18T17:30:00+00:00,2026-09-26T11:46:34+00:00,2026-09-18 11:44:45+00:00,Piero Hincapié,Arsenal,DEF,5.3,5.561,5.557,0.69,0.5,1.0,0.5,available,0.0
5,2026-09-18T17:30:00+00:00,2026-09-26T11:46:34+00:00,2026-09-18 11:44:45+00:00,Rayan Aït-Nouri,Man City,DEF,5.3,5.879,5.901,0.82,0.0,0.0,0.0,available,0.0
5,2026-09-18T17:30:00+00:00,2026-09-26T11:46:34+00:00,2026-09-18 11:44:45+00:00,Reece James,Chelsea,DEF,5.4,4.644,4.639,0.59,0.6,0.8,0.8,doubtful,0.0
5,2026-09-18T17:30:00+00:00,2026-09-26T11:46:34+00:00,2026-09-18 11:44:45+00:00,Reinildo Mandava,Sunderland,DEF,4.5,5.267,5.273,0.0,0.0,1.8,1.8,suspended,0.0
5,2026-09-18T17:30:00+00:00,2026-09-26T11:46:34+00:00,2026-09-18 11:44:45+00:00,Richarlison,Spurs,FWD,5.9,6.066,6.055,0.0,0.0,2.0,0.5,unavailable,0.0
5,2026-09-18T17:30:00+00:00,2026-09-26T11:46:34+00:00,2026-09-18 11:44:45+00:00,Rico Henry,Brentford,DEF,4.4,4.649,4.636,0.83,0.2,1.0,0.2,available,0.0
5,2026-09-18T17:30:00+00:00,2026-09-26T11:46:34+00:00,2026-09-18 11:44:45+00:00,Rio Ngumoha,Liverpool,MID,5.8,2.997,2.989,0.45,1.0,1.3,1.0,available,0.0
5,2026-09-18T17:30:00+00:00,2026-09-26T11:46:34+00:00,2026-09-18 11:44:45+00:00,Robin Roefs,Sunderland,GKP,4.9,3.304,3.308,1.0,2.8,2.8,2.8,available,0.0
5,2026-09-18T17:30:00+00:00,2026-09-26T11:46:34+00:00,2026-09-18 11:44:45+00:00,Rodrigo,Man City,MID,6.5,4.198,4.243,0.0,0.0,0.0,0.0,unavailable,0.0
5,2026-09-18T17:30:00+00:00,2026-09-26T11:46:34+00:00,2026-09-18 11:44:45+00:00,Ryan Sessegnon,Fulham,DEF,4.4,5.243,5.247,0.51,0.6,1.0,0.8,doubtful,0.0
5,2026-09-18T17:30:00+00:00,2026-09-26T11:46:34+00:00,2026-09-18 11:44:45+00:00,Sebastiaan Bornauw,Leeds,DEF,4.5,4.616,4.589,0.0,0.0,0.0,0.0,unavailable,0.0
5,2026-09-18T17:30:00+00:00,2026-09-26T11:46:34+00:00,2026-09-18 11:44:45+00:00,Sepp van den Berg,Brentford,DEF,4.9,5.742,5.728,0.0,0.0,0.0,0.0,injured,0.0
5,2026-09-18T17:30:00+00:00,2026-09-26T11:46:34+00:00,2026-09-18 11:44:45+00:00,Simon Adingra,Sunderland,MID,4.9,3.612,3.619,0.0,0.0,0.0,0.0,unavailable,0.0
5,2026-09-18T17:30:00+00:00,2026-09-26T11:46:34+00:00,2026-09-18 11:44:45+00:00,Taylor Harwood-Bellis,Aston Villa,DEF,4.5,4.224,4.228,0.99,0.0,0.0,0.0,available,0.0
5,2026-09-18T17:30:00+00:00,2026-09-26T11:46:34+00:00,2026-09-18 11:44:45+00:00,Tetê,Fulham,DEF,4.4,4.233,4.242,0.69,0.0,0.0,0.0,available,0.0
5,2026-09-18T17:30:00+00:00,2026-09-26T11:46:34+00:00,2026-09-18 11:44:45+00:00,Tom Cairney,Fulham,MID,4.9,1.946,1.95,0.0,0.0,0.0,0.0,injured,0.0
5,2026-09-18T17:30:00+00:00,2026-09-26T11:46:34+00:00,2026-09-18 11:44:45+00:00,Trevoh Chalobah,Chelsea,DEF,5.5,4.576,4.571,0.0,0.0,0.0,0.0,unavailable,0.0
5,2026-09-18T17:30:00+00:00,2026-09-26T11:46:34+00:00,2026-09-18 11:44:45+00:00,Tyler Fredricson,Man Utd,DEF,4.0,3.371,3.36,0.0,0.0,0.0,0.0,unavailable,0.0
5,2026-09-18T17:30:00+00:00,2026-09-26T11:46:34+00:00,2026-09-18 11:44:45+00:00,Veljko Milosavljević,Bournemouth,DEF,4.9,4.618,4.615,0.0,0.0,0.0,0.0,injured,0.0
5,2026-09-18T17:30:00+00:00,2026-09-26T11:46:34+00:00,2026-09-18 11:44:45+00:00,Wes Burns,Ipswich Town,MID,5.0,3.83,3.827,0.0,0.0,0.0,0.0,unavailable,0.0
5,2026-09-18T17:30:00+00:00,2026-09-26T11:46:34+00:00,2026-09-18 11:44:45+00:00,Will Hughes,Crystal Palace,MID,4.4,2.77,2.774,0.74,0.5,1.0,0.5,available,0.0
5,2026-09-18T17:30:00+00:00,2026-09-26T11:46:34+00:00,2026-09-18 11:44:45+00:00,William Osula,Newcastle,FWD,5.9,4.013,4.052,0.0,0.0,4.0,1.0,injured,0.0
5,2026-09-18T17:30:00+00:00,2026-09-26T11:46:34+00:00,2026-09-18 11:44:45+00:00,William Saliba,Arsenal,DEF,5.9,5.293,5.289,0.0,0.0,0.0,0.0,injured,0.0
5,2026-09-18T17:30:00+00:00,2026-09-26T11:46:34+00:00,2026-09-18 11:44:45+00:00,Wilson Odobert,Spurs,MID,5.5,3.028,3.02,0.0,0.0,0.0,0.0,injured,0.0
5,2026-09-18T17:30:00+00:00,2026-09-26T11:46:34+00:00,2026-09-18 11:44:45+00:00,Yankuba Minteh,Brighton,MID,5.9,5.308,5.231,0.0,0.0,0.0,0.0,injured,0.0
5,2026-09-18T17:30:00+00:00,2026-09-26T11:46:34+00:00,2026-09-18 11:44:45+00:00,Zach Abbott,Nott'm Forest,DEF,4.0,4.845,4.848,0.0,0.0,0.0,0.0,unavailable,0.0
5,2026-09-18T17:30:00+00:00,2026-09-26T11:46:34+00:00,2026-09-18 11:44:45+00:00,Zian Flemming,Ipswich Town,FWD,5.5,5.89,5.878,0.91,3.0,3.0,3.0,available,0.0
