source,generated_at,match_date,league,home_team,away_team,market,side,model_prob,fair_odds,entry_odds,closing_odds,clv_pct,result,pnl,notes
live,2026-09-22 13:22,2026-09-26,League One,Bradford City,Barnsley,ht_under15,UNDER,0.7799,1.28,,,,,,
live,2026-09-22 13:22,2026-09-26,League One,Notts County,Blackpool,ht_under15,UNDER,0.782,1.28,,,,,,
live,2026-09-22 13:22,2026-09-26,League One,Milton Keynes Dons,Bromley FC,ht_under15,UNDER,0.7572,1.32,,,,,,
live,2026-09-22 13:22,2026-09-26,League One,Plymouth Argyle,Burton Albion,ht_under15,UNDER,0.7797,1.28,,,,WIN,0.28,settled_at_fair_odds_no_market_price
live,2026-09-22 13:22,2026-09-26,League One,Wycombe Wanderers,Reading,ht_under15,UNDER,0.7674,1.3,,,,WIN,0.3,settled_at_fair_odds_no_market_price
live,2026-09-22 13:22,2026-09-26,League One,Stevenage,Sheffield Wednesday,ht_under15,UNDER,0.8232,1.21,,,,,,
live,2026-09-22 13:22,2026-09-26,League Two,Crawley Town,Barnet,ht_under15,UNDER,0.7544,1.33,,,,,,
live,2026-09-22 13:22,2026-09-26,League Two,Swindon Town,Accrington Stanley,ht_under15,UNDER,0.8501,1.18,,,,LOSS,-1.0,settled_at_fair_odds_no_market_price
live,2026-09-22 13:22,2026-09-26,League Two,Bristol Rovers,Exeter City,ht_under15,UNDER,0.8327,1.2,1.5,1.44,4.17,WIN,0.5,
live,2026-09-22 13:22,2026-09-26,League Two,Cheltenham Town,Chesterfield FC,ht_under15,UNDER,0.762,1.31,,,,LOSS,-1.0,settled_at_fair_odds_no_market_price
live,2026-09-22 13:22,2026-09-26,League Two,Shrewsbury Town,Colchester United,ht_under15,UNDER,0.8496,1.18,,,,LOSS,-1.0,settled_at_fair_odds_no_market_price
live,2026-09-22 13:22,2026-09-26,League Two,Rotherham United,Crewe Alexandra,ht_under15,UNDER,0.8136,1.23,,,,LOSS,-1.0,settled_at_fair_odds_no_market_price
live,2026-09-22 13:22,2026-09-26,League Two,Fleetwood Town,Rochdale,ht_under15,UNDER,0.8255,1.21,1.4,1.4,0.0,LOSS,-1.0,
live,2026-09-22 13:22,2026-09-26,League Two,Newport County,Grimsby Town,ht_under15,UNDER,0.8404,1.19,,,,WIN,0.19,settled_at_fair_odds_no_market_price
live,2026-09-22 13:22,2026-09-26,League Two,Tranmere Rovers,Walsall,ht_under15,UNDER,0.8401,1.19,1.36,1.44,-5.56,WIN,0.36,
live,2026-09-22 13:22,2026-09-26,League Two,Oldham Athletic,Salford City,ht_under15,UNDER,0.7984,1.25,,,,LOSS,-1.0,settled_at_fair_odds_no_market_price
live,2026-09-22 13:22,2026-09-26,La Liga 2,AD Ceuta FC,Real Sociedad B,ht_under15,UNDER,0.7509,1.33,,,,WIN,0.33,settled_at_fair_odds_no_market_price
live,2026-09-22 13:22,2026-09-26,La Liga 2,Granada CF,Andorra CF,ht_under15,UNDER,0.7967,1.26,,,,LOSS,-1.0,settled_at_fair_odds_no_market_price
live,2026-09-22 13:22,2026-09-26,La Liga 2,Celta Fortuna,Sabadell FC,ht_under15,UNDER,0.7649,1.31,,,,,,
live,2026-09-22 13:22,2026-09-27,La Liga 2,Mallorca,Almería,ht_under15,UNDER,0.7984,1.25,1.36,1.4,-2.86,WIN,0.36,
live,2026-09-22 13:22,2026-09-27,La Liga 2,Burgos CF,CD Eldense,ht_under15,UNDER,0.7612,1.31,,,,WIN,0.31,settled_at_fair_odds_no_market_price
live,2026-09-22 13:22,2026-09-27,La Liga 2,Oviedo,Sporting Gijón,ht_under15,UNDER,0.7566,1.32,1.3,1.28,1.56,WIN,0.3,
live,2026-09-22 13:22,2026-09-28,La Liga 2,Leganés,CD Castellón,ht_under15,UNDER,0.7989,1.25,,,,,,
live,2026-09-23 09:56,2026-09-26,League One,Mansfield Town,Leyton Orient,ht_under15,UNDER,0.769,1.3,,,,,,
live,2026-09-23 09:56,2026-09-26,League One,Stockport County FC,Peterborough United,ht_under15,UNDER,0.7559,1.32,,,,WIN,0.32,settled_at_fair_odds_no_market_price
live,2026-09-23 09:56,2026-09-27,La Liga 2,SD Eibar,Las Palmas,ht_over15,OVER,0.7119,1.4,,,,WIN,0.4,settled_at_fair_odds_no_market_price
live,2026-09-24 04:40,2026-09-26,League Two,York City,Gillingham,ht_under15,UNDER,0.7553,1.32,,,,WIN,0.32,settled_at_fair_odds_no_market_price
live,2026-09-24 09:57,2026-09-26,League One,Cambridge United,Wimbledon,ht_under15,UNDER,0.778,1.29,,,,WIN,0.29,settled_at_fair_odds_no_market_price
live,2026-09-24 09:57,2026-09-26,League One,Wycombe Wanderers,Reading,ht_over05,OVER,0.7829,1.28,,,,LOSS,-1.0,settled_at_fair_odds_no_market_price
live,2026-09-24 09:57,2026-09-26,League Two,Crawley Town,Barnet,ht_over05,OVER,0.8392,1.19,,,,,,
live,2026-09-24 09:57,2026-09-26,League Two,Bristol Rovers,Exeter City,ht_under05,UNDER,0.7523,1.33,3.25,3.25,0.0,WIN,2.25,
live,2026-09-24 09:57,2026-09-26,League Two,Cheltenham Town,Chesterfield FC,ht_over05,OVER,0.7734,1.29,,,,WIN,0.29,settled_at_fair_odds_no_market_price
live,2026-09-24 09:57,2026-09-26,League Two,Shrewsbury Town,Colchester United,ht_over05,OVER,0.815,1.23,,,,WIN,0.23,settled_at_fair_odds_no_market_price
live,2026-09-24 09:57,2026-09-26,League Two,Fleetwood Town,Rochdale,ht_over05,OVER,0.7655,1.31,1.36,1.4,-2.86,WIN,0.36,
live,2026-09-24 09:57,2026-09-26,League Two,York City,Gillingham,ht_over05,OVER,0.8605,1.16,,,,WIN,0.16,settled_at_fair_odds_no_market_price
live,2026-09-24 09:57,2026-09-26,League Two,Oldham Athletic,Salford City,ht_under05,UNDER,0.7451,1.34,,,,LOSS,-1.0,settled_at_fair_odds_no_market_price
live,2026-09-24 09:57,2026-09-26,La Liga 2,Celta Fortuna,Sabadell FC,ht_under05,UNDER,0.7793,1.28,,,,,,
live,2026-09-24 09:57,2026-09-26,La Liga 2,Tenerife,Cádiz CF,ht_under15,UNDER,0.7501,1.33,,,,WIN,0.33,settled_at_fair_odds_no_market_price
live,2026-09-24 09:57,2026-09-27,La Liga 2,SD Eibar,Las Palmas,ht_over05,OVER,0.8194,1.22,,,,WIN,0.22,settled_at_fair_odds_no_market_price
live,2026-09-24 13:32,2026-09-26,League Two,Newport County,Grimsby Town,ht_over05,OVER,0.7707,1.3,,,,LOSS,-1.0,settled_at_fair_odds_no_market_price
live,2026-09-24 17:58,2026-09-26,League Two,Tranmere Rovers,Walsall,ht_over05,OVER,0.7713,1.3,1.4,1.36,2.94,LOSS,-1.0,
live,2026-09-25 10:11,2026-09-26,League One,Cambridge United,Wimbledon,ht_under05,UNDER,0.7519,1.33,,,,LOSS,-1.0,settled_at_fair_odds_no_market_price
live,2026-09-25 10:11,2026-09-25,La Liga 2,Girona FC,Albacete,ht_over15,OVER,0.8039,1.24,,,,WIN,0.24,settled_at_fair_odds_no_market_price
live,2026-09-25 18:09,2026-09-26,League Two,Swindon Town,Accrington Stanley,ht_under05,UNDER,0.7289,1.37,,,,LOSS,-1.0,settled_at_fair_odds_no_market_price
live,2026-09-25 21:36,2026-09-26,League One,Plymouth Argyle,Burton Albion,ht_under05,UNDER,0.7194,1.39,,,,WIN,0.39,settled_at_fair_odds_no_market_price
live,2026-09-25 21:36,2026-09-26,League One,Stockport County FC,Peterborough United,ht_under05,UNDER,0.7196,1.39,,,,WIN,0.39,settled_at_fair_odds_no_market_price
live,2026-09-25 21:36,2026-09-27,La Liga 2,Oviedo,Sporting Gijón,ht_under05,UNDER,0.793,1.26,2.5,2.5,0.0,LOSS,-1.0,
live,2026-09-26 04:52,2026-09-26,League Two,Rotherham United,Crewe Alexandra,ht_over05,OVER,0.7527,1.33,,,,WIN,0.33,settled_at_fair_odds_no_market_price
live,2026-09-26 13:03,2026-10-03,La Liga 2,Albacete,SD Eibar,ht_over05,OVER,0.7886,1.27,,,,,,
live,2026-09-26 17:09,2026-10-03,League One,Barnsley,Milton Keynes Dons,ht_over05,OVER,0.7827,1.28,,,,,,
live,2026-09-26 17:09,2026-10-03,League One,Blackpool,Leicester City,ht_over05,OVER,0.7771,1.29,,,,,,
live,2026-09-26 17:09,2026-10-03,League One,Reading,Bradford City,ht_over05,OVER,0.7531,1.33,,,,,,
live,2026-09-26 17:09,2026-10-03,League One,Bromley FC,Wycombe Wanderers,ht_over05,OVER,0.7614,1.31,,,,,,
live,2026-09-26 17:09,2026-10-03,League One,Burton Albion,Huddersfield Town,ht_under05,UNDER,0.7153,1.4,,,,,,
live,2026-09-26 17:09,2026-10-03,League One,Sheffield Wednesday,Cambridge United,ht_under05,UNDER,0.9167,1.09,,,,,,
live,2026-09-26 17:09,2026-10-03,League One,Leyton Orient,Plymouth Argyle,ht_over05,OVER,0.8031,1.25,,,,,,
live,2026-09-26 17:09,2026-10-03,League One,Wigan Athletic,Mansfield Town,ht_under05,UNDER,0.8662,1.15,,,,,,
live,2026-09-26 17:09,2026-10-03,League Two,Accrington Stanley,Cheltenham Town,ht_over05,OVER,0.8039,1.24,,,,,,
live,2026-09-26 17:09,2026-10-03,League Two,Crewe Alexandra,Bristol Rovers,ht_under05,UNDER,0.8757,1.14,,,,,,
live,2026-09-26 17:09,2026-10-03,League Two,Colchester United,Port Vale,ht_over05,OVER,0.8577,1.17,,,,,,
live,2026-09-26 17:09,2026-10-03,League Two,Walsall,Crawley Town,ht_over05,OVER,0.8416,1.19,,,,,,
live,2026-09-26 17:09,2026-10-03,League Two,Exeter City,Rotherham United,ht_under05,UNDER,0.7124,1.4,,,,,,
live,2026-09-26 17:09,2026-10-03,League Two,Salford City,Fleetwood Town,ht_under15,UNDER,0.8167,1.22,,,,,,
live,2026-09-26 17:09,2026-10-03,League Two,Gillingham,Newport County,ht_over05,OVER,0.7676,1.3,,,,,,
live,2026-09-26 17:09,2026-10-03,League Two,Grimsby Town,Shrewsbury Town,ht_over05,OVER,0.8389,1.19,,,,,,
live,2026-09-26 17:09,2026-10-03,League Two,Rochdale,Swindon Town,ht_under05,UNDER,0.7362,1.36,,,,,,
live,2026-09-26 17:09,2026-10-03,La Liga 2,Sabadell FC,Andorra CF,ht_over05,OVER,0.7645,1.31,,,,,,
live,2026-09-27 13:56,2026-10-04,La Liga 2,Real Sociedad B,Granada CF,ht_over05,OVER,0.8009,1.25,,,,,,
live,2026-09-27 18:21,2026-10-03,League Two,Northampton Town,Oldham Athletic,ht_over05,OVER,0.8158,1.23,,,,,,
live,2026-09-27 18:21,2026-10-04,La Liga 2,Sporting Gijón,Celta Fortuna,ht_under05,UNDER,0.9278,1.08,,,,,,
live,2026-09-27 21:31,2026-10-04,La Liga 2,Girona FC,Mallorca,ht_over05,OVER,0.7822,1.28,,,,,,
live,2026-09-27 23:59,2026-10-03,League Two,Rochdale,Swindon Town,ht_under15,UNDER,0.7893,1.27,,,,,,
live,2026-09-28 13:47,2026-10-03,League One,Wimbledon,Stevenage,ht_over05,OVER,0.7551,1.32,,,,,,
live,2026-09-28 13:47,2026-10-03,League Two,Exeter City,Rotherham United,ht_under15,UNDER,0.8155,1.23,,,,,,
live,2026-09-28 13:47,2026-10-03,La Liga 2,Sabadell FC,Andorra CF,ht_over15,OVER,0.6603,1.51,,,,,,
live,2026-09-28 13:47,2026-10-04,La Liga 2,CD Castellón,AD Ceuta FC,ht_under15,UNDER,0.7898,1.27,,,,,,
