first_seen,match_date,league,home_team,away_team,p_ht_over05,p_ht_over15,odds_ht_over05,odds_ht_under05,odds_ht_over15,odds_ht_under15,would_tip,tip_market,ht_home_goals,ht_away_goals,ht_total_goals,ht_over05,ht_over15
2026-09-29 09:08,2026-10-03,League One,Barnsley,Milton Keynes Dons,0.8636,0.728,,,,,True,ht_over05,,,,,
2026-09-29 09:08,2026-10-03,League One,Blackpool,Leicester City,0.7562,0.6504,,,,,True,ht_over05,,,,,
2026-09-29 09:08,2026-10-03,League One,Reading,Bradford City,0.7419,0.4521,,,,,False,,,,,,
2026-09-29 09:08,2026-10-03,League One,Bromley FC,Wycombe Wanderers,0.7266,0.5271,,,,,False,,,,,,
2026-09-29 09:08,2026-10-03,League One,Burton Albion,Huddersfield Town,0.1666,0.1756,,,,,True,ht_under05,,,,,
2026-09-29 09:08,2026-10-03,League One,Luton,Doncaster Rovers,0.7614,0.4348,,,,,True,ht_over05,,,,,
2026-09-29 09:08,2026-10-03,League One,Leyton Orient,Plymouth Argyle,0.8002,0.7538,,,,,True,ht_over05,,,,,
2026-09-29 09:08,2026-10-03,League One,Wigan Athletic,Mansfield Town,0.1678,0.1306,,,,,True,ht_under05,,,,,
2026-09-29 09:08,2026-10-03,League One,Peterborough United,Notts County,0.6527,0.3577,,,,,False,,,,,,
2026-09-29 09:08,2026-10-03,League One,Wimbledon,Stevenage,0.7645,0.5069,,,,,True,ht_over05,,,,,
2026-09-29 09:08,2026-10-03,League Two,Chesterfield FC,Tranmere Rovers,0.7458,0.4268,,,,,False,,,,,,
2026-09-29 09:08,2026-10-03,League Two,Accrington Stanley,Cheltenham Town,0.8028,0.4707,,,,,True,ht_over05,,,,,
2026-09-29 09:08,2026-10-03,League Two,Crewe Alexandra,Bristol Rovers,0.2951,0.1779,,,,,True,ht_under05,,,,,
2026-09-29 09:08,2026-10-03,League Two,Colchester United,Port Vale,0.8808,0.6816,,,,,True,ht_over05,,,,,
2026-09-29 09:08,2026-10-03,League Two,Exeter City,Rotherham United,0.223,0.1675,,,,,True,ht_under05,,,,,
2026-09-29 09:08,2026-10-03,League Two,Salford City,Fleetwood Town,0.1776,0.1458,1.33,3.25,2.5,1.5,True,ht_under05,,,,,
2026-09-29 09:08,2026-10-03,League Two,Gillingham,Newport County,0.7129,0.3098,1.36,3.0,2.75,1.4,False,,,,,,
2026-09-29 09:08,2026-10-03,League Two,Grimsby Town,Shrewsbury Town,0.8278,0.5466,,,,,True,ht_over05,,,,,
2026-09-29 09:08,2026-10-03,League Two,Northampton Town,Oldham Athletic,0.8117,0.511,,,,,True,ht_over05,,,,,
2026-09-29 09:08,2026-10-03,League Two,Rochdale,Swindon Town,0.4302,0.2549,1.33,3.25,2.62,1.44,False,,,,,,
2026-09-29 09:08,2026-10-02,La Liga 2,CD Eldense,Oviedo,0.7479,0.4627,,,,,False,,,,,,
2026-09-29 09:08,2026-10-03,La Liga 2,Albacete,SD Eibar,0.7094,0.4696,,,,,False,,,,,,
2026-09-29 09:08,2026-10-03,La Liga 2,Almería,Burgos CF,0.5782,0.3382,,,,,False,,,,,,
2026-09-29 09:08,2026-10-03,La Liga 2,Sabadell FC,Andorra CF,0.7088,0.6484,,,,,True,ht_over15,,,,,
2026-09-29 09:08,2026-10-03,La Liga 2,Cádiz CF,Leganés,0.7204,0.3385,,,,,False,,,,,,
2026-09-29 09:08,2026-10-04,La Liga 2,Real Sociedad B,Granada CF,0.7749,0.5917,,,,,True,ht_over05,,,,,
2026-09-29 09:08,2026-10-04,La Liga 2,Sporting Gijón,Celta Fortuna,0.0831,0.1058,,,,,True,ht_under05,,,,,
2026-09-29 09:08,2026-10-04,La Liga 2,CD Castellón,AD Ceuta FC,0.2474,0.1981,,,,,True,ht_under05,,,,,
2026-09-29 09:08,2026-10-04,La Liga 2,Las Palmas,Real Valladolid CF,0.7319,0.4507,,,,,False,,,,,,
2026-09-29 09:08,2026-10-04,La Liga 2,Girona FC,Mallorca,0.7823,0.6555,,,,,True,ht_over05,,,,,
2026-09-29 09:08,2026-10-05,La Liga 2,Córdoba,Tenerife,0.7339,0.5815,1.36,3.0,2.75,1.4,False,,,,,,
2026-09-29 12:45,2026-10-03,League Two,Walsall,Crawley Town,0.7086,0.3662,,,,,False,,,,,,
2026-10-02 19:40,2026-10-09,Championship,West Ham United,Queens Park Rangers,0.7013,0.3632,,,,,False,,,,,,
2026-10-02 19:40,2026-10-09,Bundesliga 2,1. FC Heidenheim,1. FC Kaiserslautern,0.6974,0.3787,,,,,False,,,,,,
2026-10-02 19:40,2026-10-09,Bundesliga 2,Eintracht Braunschweig,Holstein Kiel,0.7326,0.3876,,,,,False,,,,,,
2026-10-02 19:40,2026-10-09,Ligue 2,USL Dunkerque,Annecy FC,0.7054,0.3408,,,,,False,,,,,,
2026-10-02 19:40,2026-10-09,Ligue 2,Sochaux,Boulogne,0.7142,0.3499,,,,,False,,,,,,
2026-10-02 19:40,2026-10-09,Ligue 2,Montpellier,Grenoble,0.7199,0.3495,,,,,False,,,,,,
2026-10-02 19:40,2026-10-09,Ligue 2,Nancy,Guingamp,0.7035,0.3597,,,,,False,,,,,,
2026-10-02 19:40,2026-10-09,Ligue 2,Pau FC,Stade Lavallois,0.6995,0.3147,,,,,False,,,,,,
2026-10-02 19:40,2026-10-09,Serie B,Avellino,Sampdoria,0.6879,0.3457,,,,,False,,,,,,
2026-10-03 13:22,2026-10-10,Championship,West Bromwich Albion,Birmingham City,0.7066,0.3415,,,,,False,,,,,,
2026-10-03 13:22,2026-10-10,Championship,Charlton Athletic,Bristol City,0.6837,0.3504,,,,,False,,,,,,
2026-10-03 13:22,2026-10-10,Championship,Swansea City,Norwich City,0.7235,0.3757,,,,,False,,,,,,
2026-10-03 13:22,2026-10-10,League One,Notts County,Oxford United,0.684,0.3451,1.36,3.0,2.75,1.4,False,,,,,,
2026-10-03 13:22,2026-10-10,League One,Plymouth Argyle,Wimbledon,0.71,0.3674,,,,,False,,,,,,
2026-10-03 13:22,2026-10-10,Bundesliga 2,1. FC Magdeburg,Hannover 96,0.6989,0.3587,,,,,False,,,,,,
2026-10-03 13:22,2026-10-10,Bundesliga 2,VfL Osnabrück,Dynamo Dresden,0.7041,0.3511,,,,,False,,,,,,
2026-10-03 13:22,2026-10-10,Bundesliga 2,SV Darmstadt 98,FC Energie Cottbus,0.6992,0.3643,,,,,False,,,,,,
2026-10-03 13:22,2026-10-10,Ligue 2,Clermont,Red Star,0.7049,0.3408,,,,,False,,,,,,
2026-10-03 13:22,2026-10-10,Ligue 2,Nantes,Stade de Reims,0.6928,0.3449,,,,,False,,,,,,
2026-10-03 13:22,2026-10-10,Serie B,Südtirol,Ascoli,0.7013,0.3446,,,,,False,,,,,,
2026-10-03 13:22,2026-10-10,Serie B,Benevento,Cesena FC,0.6821,0.337,,,,,False,,,,,,
2026-10-03 13:22,2026-10-10,Serie B,Empoli,Palermo,0.7228,0.3842,,,,,False,,,,,,
2026-10-03 13:22,2026-10-10,Serie B,Virtus Entella,Juve Stabia,0.6919,0.3567,,,,,False,,,,,,
