league,market,model_type,production_valuable,production_marksman,production_sniper,production_sniper_source,approved_optimizer_applied,league_cap_applied,regime_id,marksman_disabled,backtest_n,live_n,live_only,live_evaluable_from,live_note,live_matchdays,live_pnl,live_roi,live_hit,live_break_even,live_excess_hit,live_mean_price,live_ci_lo,live_ci_hi,live_clv_n,live_mean_clv,live_median_clv,live_positive_clv_rate,live_clv_ci_lo,live_clv_ci_hi,roi_live,concentration,evidence_grade,reason,windows,fit_curve,edge_roi_monotonicity,candidate_sniper,fit_roi,fit_n,candidate_marksman,candidate_valuable,validation_n,roi_validation,holdout_n,roi_holdout,live_status,live_n_at_candidate
Argentina Primera Division,btts,new_format,0.04,0.08,0.1,pipeline.py fixed side-market global,False,False,e9eb19799af2,False,0,56,True,0.1,"no backtest for this cell; graded on live bets only, and only at or above the production gate — the ledger cannot see below it",22.0,24.49,0.4374,0.625,0.44,0.185,2.282,0.1986,0.6988,53.0,-1.9323,-0.91,0.3585,-4.5078,0.1227,0.4374,"{'top_month': '2026-09', 'top_month_share': 0.528, 'top_league': 'Argentina Primera Division', 'top_league_share': 1.0, 'top5_winners_share': 0.318, 'roi_excl_top5': 0.3276}",FORWARD_TEST,live-only: positive with a matchday-block CI excluding zero. Not CONFIRMED — no preregistered forward window.,,,,,,,,,,,,,,
Argentina Primera Division,ou25,new_format,0.03,0.08,0.12,config.SNIPER_THRESHOLD (global),False,False,e9eb19799af2,False,574,64,,,,,,,,,,,,,,,,,,,,,EDGE_NOT_RANKING_OUTCOMES,ROI falls as the threshold rises (corr -0.83). No threshold repairs an edge measure that does not rank outcomes.,"{'fit': ['2024-02-25', '2025-11-08', 287], 'validation': ['2025-11-09', '2026-03-15', 116], 'holdout': ['2026-03-16', '2026-10-06', 171]}","[{'threshold': 0.02, 'n': 256, 'roi': 0.0969}, {'threshold': 0.03, 'n': 246, 'roi': 0.1009}, {'threshold': 0.04, 'n': 232, 'roi': 0.1069}, {'threshold': 0.05, 'n': 225, 'roi': 0.1304}, {'threshold': 0.06, 'n': 221, 'roi': 0.1213}, {'threshold': 0.07, 'n': 214, 'roi': 0.1135}, {'threshold': 0.08, 'n': 209, 'roi': 0.1077}, {'threshold': 0.09, 'n': 200, 'roi': 0.1458}, {'threshold': 0.1, 'n': 197, 'roi': 0.1266}, {'threshold': 0.11, 'n': 187, 'roi': 0.1332}, {'threshold': 0.12, 'n': 180, 'roi': 0.1236}, {'threshold': 0.13, 'n': 170, 'roi': 0.1214}, {'threshold': 0.14, 'n': 157, 'roi': 0.1348}, {'threshold': 0.15, 'n': 143, 'roi': 0.0841}, {'threshold': 0.16, 'n': 129, 'roi': 0.0381}, {'threshold': 0.17, 'n': 109, 'roi': -0.0204}, {'threshold': 0.18, 'n': 101, 'roi': -0.0281}, {'threshold': 0.19, 'n': 88, 'roi': -0.0599}, {'threshold': 0.2, 'n': 78, 'roi': -0.0554}, {'threshold': 0.21, 'n': 63, 'roi': -0.1173}, {'threshold': 0.22, 'n': 51, 'roi': -0.0849}, {'threshold': 0.23, 'n': 40, 'roi': -0.1582}]",-0.826,,,,,,,,,,,
Argentina Primera Division,over15,new_format,0.04,0.08,0.1,pipeline.py fixed side-market global,False,False,e9eb19799af2,False,0,69,True,0.1,"no backtest for this cell; graded on live bets only, and only at or above the production gate — the ledger cannot see below it",32.0,3.83,0.0555,0.6667,0.6322,0.0345,1.584,-0.1005,0.2124,69.0,1.1158,0.65,0.5507,-0.209,2.2447,0.0555,"{'top_month': '2026-08', 'top_month_share': 0.504, 'top_league': 'Argentina Primera Division', 'top_league_share': 1.0, 'top5_winners_share': 0.937, 'roi_excl_top5': 0.0037}",CANDIDATE,live-only: positive but the CI spans zero,,,,,,,,,,,,,,
Austrian Bundesliga,btts,new_format,0.04,0.08,0.1,pipeline.py fixed side-market global,False,False,e9eb19799af2,False,0,2,,,,,,,,,,,,,,,,,,,,,NO_DATA,0 backtest rows and 2 live bets — neither is enough,,,,,,,,,,,,,,
Austrian Bundesliga,ou25,new_format,0.03,0.08,0.12,config.SNIPER_THRESHOLD (global),False,False,e9eb19799af2,False,283,21,,,"candidate 0.10 is BELOW the production gate 0.12; fixtures under the live floor never entered the ledger, so the ledger cannot evaluate lowering the bar",,,,,,,,,,,,,,,,,,CANDIDATE,survives at least one out-of-sample window; live CI spans zero or is thin,"{'fit': ['2024-02-25', '2025-11-09', 143], 'validation': ['2025-11-22', '2026-03-13', 55], 'holdout': ['2026-03-14', '2026-09-20', 85]}","[{'threshold': 0.02, 'n': 115, 'roi': 0.0338}, {'threshold': 0.03, 'n': 107, 'roi': 0.0364}, {'threshold': 0.04, 'n': 96, 'roi': 0.0405}, {'threshold': 0.05, 'n': 90, 'roi': 0.061}, {'threshold': 0.06, 'n': 81, 'roi': 0.122}, {'threshold': 0.07, 'n': 73, 'roi': 0.2145}, {'threshold': 0.08, 'n': 60, 'roi': 0.4427}, {'threshold': 0.09, 'n': 54, 'roi': 0.4411}, {'threshold': 0.1, 'n': 42, 'roi': 0.4926}]",0.933,0.1,0.4926,42.0,0.075,0.04,19.0,0.2647,15.0,,LEDGER_CENSORED,
Brazil Serie A,btts,new_format,0.04,0.08,0.1,pipeline.py fixed side-market global,False,False,e9eb19799af2,False,0,7,True,0.1,"no backtest for this cell; graded on live bets only, and only at or above the production gate — the ledger cannot see below it",7.0,1.65,0.2357,0.5714,0.4752,0.0962,2.107,-0.3871,0.8686,7.0,-7.6857,0.0,0.4286,-27.1737,3.2157,0.2357,,INSUFFICIENT,only 7 live bets at or above the production gate,,,,,,,,,,,,,,
Brazil Serie A,ou25,new_format,0.03,0.08,0.12,config.SNIPER_THRESHOLD (global),False,False,e9eb19799af2,False,588,38,,,,,,,,,,,,,,,,,,,,,EDGE_NOT_RANKING_OUTCOMES,ROI falls as the threshold rises (corr -0.09). No threshold repairs an edge measure that does not rank outcomes.,"{'fit': ['2024-04-14', '2025-11-08', 295], 'validation': ['2025-11-09', '2026-03-22', 120], 'holdout': ['2026-03-29', '2026-09-20', 173]}","[{'threshold': 0.02, 'n': 268, 'roi': 0.1099}, {'threshold': 0.03, 'n': 250, 'roi': 0.1178}, {'threshold': 0.04, 'n': 234, 'roi': 0.1259}, {'threshold': 0.05, 'n': 225, 'roi': 0.1021}, {'threshold': 0.06, 'n': 213, 'roi': 0.0915}, {'threshold': 0.07, 'n': 196, 'roi': 0.0856}, {'threshold': 0.08, 'n': 181, 'roi': 0.0759}, {'threshold': 0.09, 'n': 160, 'roi': 0.0662}, {'threshold': 0.1, 'n': 150, 'roi': 0.0776}, {'threshold': 0.11, 'n': 135, 'roi': 0.0719}, {'threshold': 0.12, 'n': 115, 'roi': 0.01}, {'threshold': 0.13, 'n': 101, 'roi': -0.0606}, {'threshold': 0.14, 'n': 80, 'roi': 0.0338}, {'threshold': 0.15, 'n': 64, 'roi': 0.0133}, {'threshold': 0.16, 'n': 53, 'roi': 0.1274}, {'threshold': 0.17, 'n': 41, 'roi': 0.2629}]",-0.088,,,,,,,,,,,
Brazil Serie A,over15,new_format,0.04,0.08,0.1,pipeline.py fixed side-market global,False,False,e9eb19799af2,False,0,3,,,,,,,,,,,,,,,,,,,,,NO_DATA,0 backtest rows and 3 live bets — neither is enough,,,,,,,,,,,,,,
Bundesliga 2,btts,standard,0.04,0.04,0.06,best_params_side_markets[btts][Bundesliga 2] (approved),True,False,e9eb19799af2,False,149,0,,,"candidate 0.03 is BELOW the production gate 0.06; fixtures under the live floor never entered the ledger, so the ledger cannot evaluate lowering the bar",,,,,,,,,,,,,,,,,,NEGATIVE_SIGNAL,negative in every out-of-sample window,"{'fit': ['2023-08-26', '2024-02-11', 75], 'validation': ['2024-02-16', '2024-04-26', 29], 'holdout': ['2024-04-28', '2024-10-18', 45]}","[{'threshold': 0.02, 'n': 42, 'roi': 0.2508}, {'threshold': 0.03, 'n': 40, 'roi': 0.2634}]",,0.03,0.2634,40.0,0.022,0.02,15.0,-0.0137,16.0,,LEDGER_CENSORED,
Bundesliga 2,ou25,standard,0.03,0.12,0.12,"config.LEAGUE_SNIPER_THRESHOLDS (calibrated 0.20, CAPPED to 0.12 by LEAGUE_SNIPER_CAP=0.12)",False,True,e9eb19799af2,True,1965,27,,,,,,,,,,,,,,,,,,,,,EDGE_NOT_RANKING_OUTCOMES,ROI falls as the threshold rises (corr -0.74). No threshold repairs an edge measure that does not rank outcomes.,"{'fit': ['2020-10-21', '2023-11-04', 983], 'validation': ['2023-11-05', '2024-12-20', 393], 'holdout': ['2024-12-21', '2026-09-20', 589]}","[{'threshold': 0.02, 'n': 788, 'roi': -0.13}, {'threshold': 0.03, 'n': 753, 'roi': -0.136}, {'threshold': 0.04, 'n': 705, 'roi': -0.1453}, {'threshold': 0.05, 'n': 647, 'roi': -0.1381}, {'threshold': 0.06, 'n': 568, 'roi': -0.1535}, {'threshold': 0.07, 'n': 498, 'roi': -0.1241}, {'threshold': 0.08, 'n': 431, 'roi': -0.1291}, {'threshold': 0.09, 'n': 378, 'roi': -0.1415}, {'threshold': 0.1, 'n': 327, 'roi': -0.1731}, {'threshold': 0.11, 'n': 266, 'roi': -0.162}, {'threshold': 0.12, 'n': 221, 'roi': -0.1671}, {'threshold': 0.13, 'n': 172, 'roi': -0.1752}, {'threshold': 0.14, 'n': 135, 'roi': -0.1744}, {'threshold': 0.15, 'n': 106, 'roi': -0.1792}, {'threshold': 0.16, 'n': 90, 'roi': -0.2433}, {'threshold': 0.17, 'n': 68, 'roi': -0.3056}, {'threshold': 0.18, 'n': 51, 'roi': -0.3231}, {'threshold': 0.19, 'n': 42, 'roi': -0.1781}]",-0.744,,,,,,,,,,,
Bundesliga 2,over15,standard,0.04,0.08,0.1,pipeline.py fixed side-market global,False,False,e9eb19799af2,False,7,0,,,,,,,,,,,,,,,,,,,,,INSUFFICIENT,7 backtest rows and 0 live bets — neither is enough,,,,,,,,,,,,,,
Bundesliga 2,over35,standard,0.04,0.08,0.1,pipeline.py fixed side-market global,False,False,e9eb19799af2,False,14,0,,,,,,,,,,,,,,,,,,,,,INSUFFICIENT,14 backtest rows and 0 live bets — neither is enough,,,,,,,,,,,,,,
Championship,btts,standard,0.04,0.07,0.09,best_params_side_markets[btts][Championship] (approved),True,False,e9eb19799af2,False,200,12,,,"candidate 0.04 is BELOW the production gate 0.09; fixtures under the live floor never entered the ledger, so the ledger cannot evaluate lowering the bar",,,,,,,,,,,,,,,,,,CANDIDATE,survives at least one out-of-sample window; live CI spans zero or is thin,"{'fit': ['2023-08-26', '2023-12-13', 102], 'validation': ['2023-12-16', '2024-03-02', 41], 'holdout': ['2024-03-06', '2024-10-18', 57]}","[{'threshold': 0.02, 'n': 57, 'roi': 0.0217}, {'threshold': 0.03, 'n': 51, 'roi': 0.0243}, {'threshold': 0.04, 'n': 43, 'roi': 0.0288}]",0.988,0.04,0.0288,43.0,0.03,0.02,20.0,0.3062,22.0,-0.2743,LEDGER_CENSORED,
Championship,ou25,standard,0.03,0.08,0.12,"config.LEAGUE_SNIPER_THRESHOLDS (calibrated 0.15, CAPPED to 0.12 by LEAGUE_SNIPER_CAP=0.12)",False,True,e9eb19799af2,False,3377,36,,,,,,,,,,,,,,,,,,,,,EDGE_NOT_RANKING_OUTCOMES,ROI falls as the threshold rises (corr -0.77). No threshold repairs an edge measure that does not rank outcomes.,"{'fit': ['2020-10-20', '2023-09-30', 1698], 'validation': ['2023-10-01', '2024-11-26', 670], 'holdout': ['2024-11-27', '2026-09-20', 1009]}","[{'threshold': 0.02, 'n': 794, 'roi': -0.0177}, {'threshold': 0.03, 'n': 605, 'roi': -0.0233}, {'threshold': 0.04, 'n': 463, 'roi': -0.0304}, {'threshold': 0.05, 'n': 347, 'roi': -0.0778}, {'threshold': 0.06, 'n': 257, 'roi': -0.0396}, {'threshold': 0.07, 'n': 195, 'roi': -0.0517}, {'threshold': 0.08, 'n': 148, 'roi': -0.0272}, {'threshold': 0.09, 'n': 110, 'roi': -0.0505}, {'threshold': 0.1, 'n': 74, 'roi': -0.1243}, {'threshold': 0.11, 'n': 54, 'roi': -0.2626}, {'threshold': 0.12, 'n': 41, 'roi': -0.1861}]",-0.77,,,,,,,,,,,
Championship,over15,standard,0.04,0.08,0.1,pipeline.py fixed side-market global,False,False,e9eb19799af2,False,14,0,,,,,,,,,,,,,,,,,,,,,INSUFFICIENT,14 backtest rows and 0 live bets — neither is enough,,,,,,,,,,,,,,
Championship,over35,standard,0.04,0.08,0.1,pipeline.py fixed side-market global,False,False,e9eb19799af2,False,11,0,,,,,,,,,,,,,,,,,,,,,INSUFFICIENT,11 backtest rows and 0 live bets — neither is enough,,,,,,,,,,,,,,
China Super League,ou25,new_format,0.03,0.08,0.12,config.SNIPER_THRESHOLD (global),False,False,e9eb19799af2,False,391,31,,,,,,,,,,,,,,,,,,,,,EDGE_NOT_RANKING_OUTCOMES,ROI falls as the threshold rises (corr -0.92). No threshold repairs an edge measure that does not rank outcomes.,"{'fit': ['2024-03-01', '2025-10-25', 197], 'validation': ['2025-10-26', '2026-04-25', 77], 'holdout': ['2026-04-26', '2026-08-29', 117]}","[{'threshold': 0.02, 'n': 158, 'roi': 0.0052}, {'threshold': 0.03, 'n': 139, 'roi': 0.0059}, {'threshold': 0.04, 'n': 128, 'roi': 0.0064}, {'threshold': 0.05, 'n': 117, 'roi': -0.0356}, {'threshold': 0.06, 'n': 108, 'roi': -0.0516}, {'threshold': 0.07, 'n': 99, 'roi': -0.0771}, {'threshold': 0.08, 'n': 88, 'roi': -0.0184}, {'threshold': 0.09, 'n': 77, 'roi': -0.0568}, {'threshold': 0.1, 'n': 69, 'roi': -0.1174}, {'threshold': 0.11, 'n': 62, 'roi': -0.1815}, {'threshold': 0.12, 'n': 51, 'roi': -0.1647}, {'threshold': 0.13, 'n': 48, 'roi': -0.2273}]",-0.915,,,,,,,,,,,
Denmark Superliga,btts,new_format,0.04,0.08,0.1,pipeline.py fixed side-market global,False,False,e9eb19799af2,False,0,1,,,,,,,,,,,,,,,,,,,,,NO_DATA,0 backtest rows and 1 live bets — neither is enough,,,,,,,,,,,,,,
Denmark Superliga,ou25,new_format,0.03,0.08,0.12,config.SNIPER_THRESHOLD (global),False,False,e9eb19799af2,False,290,25,,,"candidate 0.05 is BELOW the production gate 0.12; fixtures under the live floor never entered the ledger, so the ledger cannot evaluate lowering the bar",,,,,,,,,,,,,,,,,,CANDIDATE,survives at least one out-of-sample window; live CI spans zero or is thin,"{'fit': ['2024-02-25', '2025-11-30', 145], 'validation': ['2025-12-01', '2026-04-19', 60], 'holdout': ['2026-04-20', '2026-09-20', 85]}","[{'threshold': 0.02, 'n': 97, 'roi': -0.0022}, {'threshold': 0.03, 'n': 81, 'roi': -0.0026}, {'threshold': 0.04, 'n': 65, 'roi': -0.0032}, {'threshold': 0.05, 'n': 53, 'roi': 0.0304}, {'threshold': 0.06, 'n': 40, 'roi': 0.011}]",0.647,0.05,0.0304,53.0,0.038,0.02,29.0,-0.2924,61.0,0.0482,LEDGER_CENSORED,
Finland Veikkausliiga,btts,new_format,0.04,0.08,0.1,pipeline.py fixed side-market global,False,False,e9eb19799af2,False,0,3,,,,,,,,,,,,,,,,,,,,,NO_DATA,0 backtest rows and 3 live bets — neither is enough,,,,,,,,,,,,,,
Finland Veikkausliiga,ou25,new_format,0.03,0.08,0.12,config.SNIPER_THRESHOLD (global),False,False,e9eb19799af2,False,288,21,,,"candidate 0.08 is BELOW the production gate 0.12; fixtures under the live floor never entered the ledger, so the ledger cannot evaluate lowering the bar",,,,,,,,,,,,,,,,,,CANDIDATE,survives at least one out-of-sample window; live CI spans zero or is thin,"{'fit': ['2024-04-12', '2025-10-18', 145], 'validation': ['2025-10-19', '2026-05-16', 59], 'holdout': ['2026-05-18', '2026-09-19', 84]}","[{'threshold': 0.02, 'n': 115, 'roi': -0.0335}, {'threshold': 0.03, 'n': 104, 'roi': -0.037}, {'threshold': 0.04, 'n': 89, 'roi': -0.0433}, {'threshold': 0.05, 'n': 77, 'roi': -0.01}, {'threshold': 0.06, 'n': 65, 'roi': 0.0217}, {'threshold': 0.07, 'n': 53, 'roi': 0.0317}, {'threshold': 0.08, 'n': 46, 'roi': 0.1365}]",0.87,0.08,0.1365,46.0,0.06,0.032,26.0,0.0638,33.0,0.2661,LEDGER_CENSORED,
Ireland Premier Division,btts,new_format,0.04,0.08,0.1,pipeline.py fixed side-market global,False,False,e9eb19799af2,False,0,4,,,,,,,,,,,,,,,,,,,,,NO_DATA,0 backtest rows and 4 live bets — neither is enough,,,,,,,,,,,,,,
Ireland Premier Division,ou25,new_format,0.03,0.08,0.12,config.SNIPER_THRESHOLD (global),False,False,e9eb19799af2,False,268,17,,,"candidate 0.07 is BELOW the production gate 0.12; fixtures under the live floor never entered the ledger, so the ledger cannot evaluate lowering the bar",,,,,,,,,,,,,,,,,,CANDIDATE,survives at least one out-of-sample window; live CI spans zero or is thin,"{'fit': ['2024-03-01', '2026-02-06', 135], 'validation': ['2026-02-08', '2026-04-17', 54], 'holdout': ['2026-04-18', '2026-10-02', 79]}","[{'threshold': 0.02, 'n': 104, 'roi': -0.0001}, {'threshold': 0.03, 'n': 90, 'roi': -0.0001}, {'threshold': 0.04, 'n': 80, 'roi': -0.0001}, {'threshold': 0.05, 'n': 67, 'roi': 0.1282}, {'threshold': 0.06, 'n': 55, 'roi': 0.2191}, {'threshold': 0.07, 'n': 48, 'roi': 0.2981}, {'threshold': 0.08, 'n': 44, 'roi': 0.2532}, {'threshold': 0.09, 'n': 42, 'roi': 0.2548}]",0.914,0.07,0.2981,48.0,0.053,0.028,20.0,0.3235,26.0,0.3754,LEDGER_CENSORED,
Japan J-League,btts,new_format,0.04,0.08,0.1,pipeline.py fixed side-market global,False,False,e9eb19799af2,False,0,2,True,0.1,"no backtest for this cell; graded on live bets only, and only at or above the production gate — the ledger cannot see below it",2.0,-2.0,-1.0,0.0,0.4826,-0.4826,2.075,,,,,,,,,-1.0,,INSUFFICIENT,only 2 live bets at or above the production gate,,,,,,,,,,,,,,
Japan J-League,ou25,new_format,0.03,0.08,0.12,config.SNIPER_THRESHOLD (global),False,False,e9eb19799af2,False,244,46,,,"candidate 0.10 is BELOW the production gate 0.12; fixtures under the live floor never entered the ledger, so the ledger cannot evaluate lowering the bar",,,,,,,,,,,,,,,,,,CANDIDATE,survives at least one out-of-sample window; live CI spans zero or is thin,"{'fit': ['2024-02-25', '2025-07-05', 126], 'validation': ['2025-07-19', '2025-08-30', 47], 'holdout': ['2025-08-31', '2025-12-06', 71]}","[{'threshold': 0.02, 'n': 99, 'roi': -0.1101}, {'threshold': 0.03, 'n': 91, 'roi': -0.1198}, {'threshold': 0.04, 'n': 81, 'roi': -0.1346}, {'threshold': 0.05, 'n': 75, 'roi': -0.2265}, {'threshold': 0.06, 'n': 67, 'roi': -0.2031}, {'threshold': 0.07, 'n': 60, 'roi': -0.1102}, {'threshold': 0.08, 'n': 53, 'roi': -0.1225}, {'threshold': 0.09, 'n': 48, 'roi': -0.081}, {'threshold': 0.1, 'n': 41, 'roi': -0.0363}]",0.436,0.1,-0.0363,41.0,0.075,0.04,19.0,0.1379,22.0,-0.0832,LEDGER_CENSORED,
Japan J-League,over15,new_format,0.04,0.08,0.1,pipeline.py fixed side-market global,False,False,e9eb19799af2,False,0,3,,,,,,,,,,,,,,,,,,,,,NO_DATA,0 backtest rows and 3 live bets — neither is enough,,,,,,,,,,,,,,
La Liga 2,btts,standard,0.04,0.08,0.1,pipeline.py fixed side-market global,False,False,e9eb19799af2,False,202,0,,,"candidate 0.05 is BELOW the production gate 0.10; fixtures under the live floor never entered the ledger, so the ledger cannot evaluate lowering the bar",,,,,,,,,,,,,,,,,,CANDIDATE,survives at least one out-of-sample window; live CI spans zero or is thin,"{'fit': ['2023-08-27', '2024-02-11', 101], 'validation': ['2024-02-17', '2024-04-28', 42], 'holdout': ['2024-05-03', '2024-10-14', 59]}","[{'threshold': 0.02, 'n': 55, 'roi': 0.1371}, {'threshold': 0.03, 'n': 52, 'roi': 0.145}, {'threshold': 0.04, 'n': 47, 'roi': 0.1605}, {'threshold': 0.05, 'n': 40, 'roi': 0.1798}]",0.984,0.05,0.1798,40.0,0.038,0.02,17.0,0.046,21.0,-0.0655,LEDGER_CENSORED,
La Liga 2,ou25,standard,0.03,0.08,0.12,"config.LEAGUE_SNIPER_THRESHOLDS (calibrated 0.20, CAPPED to 0.12 by LEAGUE_SNIPER_CAP=0.12)",False,True,e9eb19799af2,False,2828,63,,,,,,,,,,,,,,,,,,,,,EDGE_NOT_RANKING_OUTCOMES,ROI falls as the threshold rises (corr -0.71). No threshold repairs an edge measure that does not rank outcomes.,"{'fit': ['2020-10-21', '2023-10-04', 1416], 'validation': ['2023-10-05', '2024-11-27', 563], 'holdout': ['2024-11-29', '2026-10-05', 849]}","[{'threshold': 0.02, 'n': 946, 'roi': -0.08}, {'threshold': 0.03, 'n': 828, 'roi': -0.0914}, {'threshold': 0.04, 'n': 713, 'roi': -0.1061}, {'threshold': 0.05, 'n': 624, 'roi': -0.0992}, {'threshold': 0.06, 'n': 531, 'roi': -0.0716}, {'threshold': 0.07, 'n': 427, 'roi': -0.0681}, {'threshold': 0.08, 'n': 340, 'roi': -0.0423}, {'threshold': 0.09, 'n': 269, 'roi': -0.1026}, {'threshold': 0.1, 'n': 208, 'roi': -0.1077}, {'threshold': 0.11, 'n': 160, 'roi': -0.1311}, {'threshold': 0.12, 'n': 114, 'roi': -0.2204}, {'threshold': 0.13, 'n': 70, 'roi': -0.1624}, {'threshold': 0.14, 'n': 46, 'roi': -0.3148}]",-0.708,,,,,,,,,,,
La Liga 2,over15,standard,0.04,0.08,0.1,pipeline.py fixed side-market global,False,False,e9eb19799af2,False,17,0,,,,,,,,,,,,,,,,,,,,,INSUFFICIENT,17 backtest rows and 0 live bets — neither is enough,,,,,,,,,,,,,,
La Liga 2,over35,standard,0.04,0.08,0.1,pipeline.py fixed side-market global,False,False,e9eb19799af2,False,16,0,,,,,,,,,,,,,,,,,,,,,INSUFFICIENT,16 backtest rows and 0 live bets — neither is enough,,,,,,,,,,,,,,
League One,btts,standard,0.04,0.08,0.1,pipeline.py fixed side-market global,False,False,e9eb19799af2,False,179,0,,,"candidate 0.03 is BELOW the production gate 0.10; fixtures under the live floor never entered the ledger, so the ledger cannot evaluate lowering the bar",,,,,,,,,,,,,,,,,,CANDIDATE,survives at least one out-of-sample window; live CI spans zero or is thin,"{'fit': ['2023-08-26', '2024-01-13', 94], 'validation': ['2024-01-20', '2024-02-10', 31], 'holdout': ['2024-02-13', '2024-10-12', 54]}","[{'threshold': 0.02, 'n': 52, 'roi': 0.1854}, {'threshold': 0.03, 'n': 40, 'roi': 0.241}]",,0.03,0.241,40.0,0.022,0.02,16.0,0.2384,25.0,0.0558,LEDGER_CENSORED,
League One,ou25,standard,0.03,0.08,0.12,"config.LEAGUE_SNIPER_THRESHOLDS (calibrated 0.25, CAPPED to 0.12 by LEAGUE_SNIPER_CAP=0.12)",False,True,e9eb19799af2,False,3390,46,,,,,,,,,,,,,,,,,,,,,CANDIDATE,survives at least one out-of-sample window; live CI spans zero or is thin,"{'fit': ['2020-10-20', '2023-10-03', 1705], 'validation': ['2023-10-07', '2024-12-03', 669], 'holdout': ['2024-12-04', '2026-10-03', 1016]}","[{'threshold': 0.02, 'n': 790, 'roi': -0.0008}, {'threshold': 0.03, 'n': 653, 'roi': -0.0009}, {'threshold': 0.04, 'n': 519, 'roi': -0.0012}, {'threshold': 0.05, 'n': 406, 'roi': 0.0313}, {'threshold': 0.06, 'n': 300, 'roi': 0.0011}, {'threshold': 0.07, 'n': 232, 'roi': 0.0134}, {'threshold': 0.08, 'n': 175, 'roi': 0.0545}, {'threshold': 0.09, 'n': 126, 'roi': 0.0183}, {'threshold': 0.1, 'n': 90, 'roi': 0.0979}, {'threshold': 0.11, 'n': 67, 'roi': 0.1348}, {'threshold': 0.12, 'n': 45, 'roi': 0.1516}]",0.862,0.12,0.1516,45.0,0.09,0.048,16.0,-0.1137,24.0,0.1063,INSUFFICIENT,3.0
League One,over15,standard,0.04,0.08,0.1,pipeline.py fixed side-market global,False,False,e9eb19799af2,False,10,0,,,,,,,,,,,,,,,,,,,,,INSUFFICIENT,10 backtest rows and 0 live bets — neither is enough,,,,,,,,,,,,,,
League One,over35,standard,0.04,0.08,0.1,pipeline.py fixed side-market global,False,False,e9eb19799af2,False,10,0,,,,,,,,,,,,,,,,,,,,,INSUFFICIENT,10 backtest rows and 0 live bets — neither is enough,,,,,,,,,,,,,,
League Two,btts,standard,0.04,0.08,0.1,pipeline.py fixed side-market global,False,False,e9eb19799af2,False,198,0,,,"candidate 0.05 is BELOW the production gate 0.10; fixtures under the live floor never entered the ledger, so the ledger cannot evaluate lowering the bar",,,,,,,,,,,,,,,,,,CANDIDATE,survives at least one out-of-sample window; live CI spans zero or is thin,"{'fit': ['2023-08-26', '2024-01-01', 101], 'validation': ['2024-01-06', '2024-03-23', 42], 'holdout': ['2024-03-29', '2024-10-12', 55]}","[{'threshold': 0.02, 'n': 60, 'roi': 0.0122}, {'threshold': 0.03, 'n': 55, 'roi': 0.0133}, {'threshold': 0.04, 'n': 49, 'roi': 0.0149}, {'threshold': 0.05, 'n': 40, 'roi': 0.0343}]",0.837,0.05,0.0343,40.0,0.038,0.02,22.0,0.1981,12.0,,LEDGER_CENSORED,
League Two,ou25,standard,0.03,0.11,0.13,"best_params_standard[League Two] (approved, OOS-positive)",True,False,e9eb19799af2,False,3403,39,,,,,,,,,,,,,,,,,,,,,EDGE_NOT_RANKING_OUTCOMES,ROI falls as the threshold rises (corr -0.77). No threshold repairs an edge measure that does not rank outcomes.,"{'fit': ['2020-10-20', '2023-10-03', 1712], 'validation': ['2023-10-07', '2024-12-03', 674], 'holdout': ['2024-12-04', '2026-10-03', 1017]}","[{'threshold': 0.02, 'n': 630, 'roi': -0.0555}, {'threshold': 0.03, 'n': 483, 'roi': -0.0724}, {'threshold': 0.04, 'n': 360, 'roi': -0.0972}, {'threshold': 0.05, 'n': 253, 'roi': -0.0651}, {'threshold': 0.06, 'n': 186, 'roi': -0.083}, {'threshold': 0.07, 'n': 132, 'roi': -0.0542}, {'threshold': 0.08, 'n': 101, 'roi': -0.1386}, {'threshold': 0.09, 'n': 65, 'roi': -0.2448}, {'threshold': 0.1, 'n': 46, 'roi': -0.418}]",-0.767,,,,,,,,,,,
League Two,over15,standard,0.04,0.08,0.1,pipeline.py fixed side-market global,False,False,e9eb19799af2,False,13,0,,,,,,,,,,,,,,,,,,,,,INSUFFICIENT,13 backtest rows and 0 live bets — neither is enough,,,,,,,,,,,,,,
League Two,over35,standard,0.04,0.08,0.1,pipeline.py fixed side-market global,False,False,e9eb19799af2,False,11,0,,,,,,,,,,,,,,,,,,,,,INSUFFICIENT,11 backtest rows and 0 live bets — neither is enough,,,,,,,,,,,,,,
Ligue 2,btts,standard,0.04,0.08,0.1,pipeline.py fixed side-market global,False,False,e9eb19799af2,False,103,0,,,,,,,,,,,,,,,,,,,,,INSUFFICIENT,no threshold reaches 40 bets in the fit window,"{'fit': ['2023-09-23', '2024-02-17', 52], 'validation': ['2024-03-02', '2024-04-20', 22], 'holdout': ['2024-04-27', '2024-10-18', 29]}",,,,,,,,,,,,,
Ligue 2,ou25,standard,0.03,0.08,0.12,"config.LEAGUE_SNIPER_THRESHOLDS (calibrated 0.25, CAPPED to 0.12 by LEAGUE_SNIPER_CAP=0.12)",False,True,e9eb19799af2,False,2119,17,,,,,,,,,,,,,,,,,,,,,NEGATIVE_SIGNAL,negative in every out-of-sample window,"{'fit': ['2020-10-24', '2023-06-02', 1065], 'validation': ['2023-08-05', '2024-09-20', 423], 'holdout': ['2024-09-21', '2026-09-19', 631]}","[{'threshold': 0.02, 'n': 548, 'roi': -0.1085}, {'threshold': 0.03, 'n': 479, 'roi': -0.1241}, {'threshold': 0.04, 'n': 383, 'roi': -0.1552}, {'threshold': 0.05, 'n': 317, 'roi': -0.1765}, {'threshold': 0.06, 'n': 250, 'roi': -0.1699}, {'threshold': 0.07, 'n': 192, 'roi': -0.1272}, {'threshold': 0.08, 'n': 153, 'roi': -0.1297}, {'threshold': 0.09, 'n': 118, 'roi': -0.1247}, {'threshold': 0.1, 'n': 89, 'roi': -0.0445}, {'threshold': 0.11, 'n': 67, 'roi': -0.0742}, {'threshold': 0.12, 'n': 49, 'roi': 0.0182}]",0.685,0.12,0.0182,49.0,0.09,0.048,34.0,-0.0491,12.0,,INSUFFICIENT,0.0
Ligue 2,over15,standard,0.04,0.08,0.1,pipeline.py fixed side-market global,False,False,e9eb19799af2,False,6,0,,,,,,,,,,,,,,,,,,,,,INSUFFICIENT,6 backtest rows and 0 live bets — neither is enough,,,,,,,,,,,,,,
Ligue 2,over35,standard,0.04,0.08,0.1,pipeline.py fixed side-market global,False,False,e9eb19799af2,False,12,0,,,,,,,,,,,,,,,,,,,,,INSUFFICIENT,12 backtest rows and 0 live bets — neither is enough,,,,,,,,,,,,,,
Mexico Liga MX,btts,new_format,0.04,0.08,0.1,pipeline.py fixed side-market global,False,False,e9eb19799af2,False,0,9,,,,,,,,,,,,,,,,,,,,,NO_DATA,0 backtest rows and 9 live bets — neither is enough,,,,,,,,,,,,,,
Mexico Liga MX,ou25,new_format,0.03,0.08,0.12,config.SNIPER_THRESHOLD (global),False,False,e9eb19799af2,False,349,34,,,"candidate 0.09 is BELOW the production gate 0.12; fixtures under the live floor never entered the ledger, so the ledger cannot evaluate lowering the bar",,,,,,,,,,,,,,,,,,CANDIDATE,survives at least one out-of-sample window; live CI spans zero or is thin,"{'fit': ['2024-02-25', '2025-12-04', 175], 'validation': ['2025-12-07', '2026-04-05', 72], 'holdout': ['2026-04-06', '2026-09-28', 102]}","[{'threshold': 0.02, 'n': 135, 'roi': 0.1519}, {'threshold': 0.03, 'n': 117, 'roi': 0.1753}, {'threshold': 0.04, 'n': 103, 'roi': 0.1991}, {'threshold': 0.05, 'n': 92, 'roi': 0.2008}, {'threshold': 0.06, 'n': 79, 'roi': 0.2277}, {'threshold': 0.07, 'n': 67, 'roi': 0.286}, {'threshold': 0.08, 'n': 57, 'roi': 0.3839}, {'threshold': 0.09, 'n': 50, 'roi': 0.3934}, {'threshold': 0.1, 'n': 43, 'roi': 0.3449}]",0.931,0.09,0.3934,50.0,0.068,0.036,9.0,,33.0,0.6706,LEDGER_CENSORED,
Mexico Liga MX,over35,new_format,0.04,0.08,0.1,pipeline.py fixed side-market global,False,False,e9eb19799af2,False,0,3,,,,,,,,,,,,,,,,,,,,,NO_DATA,0 backtest rows and 3 live bets — neither is enough,,,,,,,,,,,,,,
Norway Eliteserien,ou25,new_format,0.03,0.08,0.12,config.SNIPER_THRESHOLD (global),False,False,e9eb19799af2,False,1775,20,,,,,,,,,,,,,,,,,,,,,EDGE_NOT_RANKING_OUTCOMES,ROI falls as the threshold rises (corr -0.84). No threshold repairs an edge measure that does not rank outcomes.,"{'fit': ['2021-10-31', '2024-08-18', 890], 'validation': ['2024-08-24', '2025-08-03', 355], 'holdout': ['2025-08-08', '2026-09-20', 530]}","[{'threshold': 0.02, 'n': 616, 'roi': -0.0172}, {'threshold': 0.03, 'n': 554, 'roi': -0.0191}, {'threshold': 0.04, 'n': 512, 'roi': -0.0207}, {'threshold': 0.05, 'n': 474, 'roi': -0.027}, {'threshold': 0.06, 'n': 425, 'roi': -0.035}, {'threshold': 0.07, 'n': 366, 'roi': -0.08}, {'threshold': 0.08, 'n': 322, 'roi': -0.0543}, {'threshold': 0.09, 'n': 284, 'roi': -0.0786}, {'threshold': 0.1, 'n': 251, 'roi': -0.0662}, {'threshold': 0.11, 'n': 216, 'roi': -0.0663}, {'threshold': 0.12, 'n': 182, 'roi': -0.0746}, {'threshold': 0.13, 'n': 150, 'roi': -0.1263}, {'threshold': 0.14, 'n': 121, 'roi': -0.076}, {'threshold': 0.15, 'n': 96, 'roi': -0.0662}, {'threshold': 0.16, 'n': 78, 'roi': -0.1824}, {'threshold': 0.17, 'n': 61, 'roi': -0.2802}, {'threshold': 0.18, 'n': 53, 'roi': -0.2928}, {'threshold': 0.19, 'n': 42, 'roi': -0.224}]",-0.84,,,,,,,,,,,
Norway Eliteserien,over35,new_format,0.04,0.08,0.1,pipeline.py fixed side-market global,False,False,e9eb19799af2,False,0,3,,,,,,,,,,,,,,,,,,,,,NO_DATA,0 backtest rows and 3 live bets — neither is enough,,,,,,,,,,,,,,
Romanian Superliga,ou25,new_format,0.03,0.08,0.12,config.SNIPER_THRESHOLD (global),False,False,e9eb19799af2,False,96,0,,,"candidate 0.02 is BELOW the production gate 0.12; fixtures under the live floor never entered the ledger, so the ledger cannot evaluate lowering the bar",,,,,,,,,,,,,,,,,,DISCOVERY,fitted; no out-of-sample window has enough bets,"{'fit': ['2024-02-25', '2024-08-24', 49], 'validation': ['2024-08-25', '2026-08-08', 19], 'holdout': ['2026-08-09', '2026-09-04', 28]}","[{'threshold': 0.02, 'n': 42, 'roi': 0.2526}]",,0.02,0.2526,42.0,0.02,0.02,11.0,,14.0,,LEDGER_CENSORED,
Serie B,btts,standard,0.04,0.08,0.1,pipeline.py fixed side-market global,False,False,e9eb19799af2,False,150,29,,,"candidate 0.02 is BELOW the production gate 0.10; fixtures under the live floor never entered the ledger, so the ledger cannot evaluate lowering the bar",,,,,,,,,,,,,,,,,,CANDIDATE,survives at least one out-of-sample window; live CI spans zero or is thin,"{'fit': ['2023-09-02', '2024-01-27', 79], 'validation': ['2024-02-03', '2024-04-13', 26], 'holdout': ['2024-04-20', '2024-10-18', 45]}","[{'threshold': 0.02, 'n': 43, 'roi': 0.1456}]",,0.02,0.1456,43.0,0.02,0.02,20.0,0.0808,27.0,0.2163,LEDGER_CENSORED,
Serie B,ou25,standard,0.03,0.1,0.12,"best_params_standard[Serie B] (approved, OOS-positive)",True,False,e9eb19799af2,False,2299,36,,,,,,,,,,,,,,,,,,,,,EDGE_NOT_RANKING_OUTCOMES,ROI falls as the threshold rises (corr -0.87). No threshold repairs an edge measure that does not rank outcomes.,"{'fit': ['2020-10-20', '2023-09-22', 1150], 'validation': ['2023-09-23', '2024-11-09', 461], 'holdout': ['2024-11-10', '2026-09-20', 688]}","[{'threshold': 0.02, 'n': 369, 'roi': -0.027}, {'threshold': 0.03, 'n': 269, 'roi': -0.037}, {'threshold': 0.04, 'n': 189, 'roi': -0.0527}, {'threshold': 0.05, 'n': 145, 'roi': -0.0166}, {'threshold': 0.06, 'n': 109, 'roi': -0.0511}, {'threshold': 0.07, 'n': 78, 'roi': -0.1271}, {'threshold': 0.08, 'n': 56, 'roi': -0.1593}, {'threshold': 0.09, 'n': 44, 'roi': -0.1491}]",-0.868,,,,,,,,,,,
Serie B,over15,standard,0.04,0.08,0.1,pipeline.py fixed side-market global,False,False,e9eb19799af2,False,8,1,,,,,,,,,,,,,,,,,,,,,INSUFFICIENT,8 backtest rows and 1 live bets — neither is enough,,,,,,,,,,,,,,
Serie B,over35,standard,0.04,0.08,0.1,pipeline.py fixed side-market global,False,False,e9eb19799af2,False,3,0,,,,,,,,,,,,,,,,,,,,,INSUFFICIENT,3 backtest rows and 0 live bets — neither is enough,,,,,,,,,,,,,,
Sweden Allsvenskan,btts,new_format,0.04,0.08,0.1,pipeline.py fixed side-market global,False,False,e9eb19799af2,False,0,3,,,,,,,,,,,,,,,,,,,,,NO_DATA,0 backtest rows and 3 live bets — neither is enough,,,,,,,,,,,,,,
Sweden Allsvenskan,ou25,new_format,0.03,0.08,0.12,config.SNIPER_THRESHOLD (global),False,False,e9eb19799af2,False,362,33,,,"candidate 0.10 is BELOW the production gate 0.12; fixtures under the live floor never entered the ledger, so the ledger cannot evaluate lowering the bar",,,,,,,,,,,,,,,,,,CANDIDATE,survives at least one out-of-sample window; live CI spans zero or is thin,"{'fit': ['2024-03-30', '2025-09-28', 181], 'validation': ['2025-09-29', '2026-04-23', 74], 'holdout': ['2026-04-26', '2026-09-14', 107]}","[{'threshold': 0.02, 'n': 141, 'roi': 0.0412}, {'threshold': 0.03, 'n': 125, 'roi': 0.0465}, {'threshold': 0.04, 'n': 109, 'roi': 0.0533}, {'threshold': 0.05, 'n': 92, 'roi': 0.0782}, {'threshold': 0.06, 'n': 76, 'roi': 0.0629}, {'threshold': 0.07, 'n': 62, 'roi': 0.0181}, {'threshold': 0.08, 'n': 56, 'roi': 0.0441}, {'threshold': 0.09, 'n': 48, 'roi': 0.0733}, {'threshold': 0.1, 'n': 43, 'roi': 0.09}, {'threshold': 0.11, 'n': 41, 'roi': 0.0793}]",0.5,0.1,0.09,43.0,0.075,0.04,11.0,,33.0,0.5912,LEDGER_CENSORED,
Sweden Allsvenskan,over35,new_format,0.04,0.08,0.1,pipeline.py fixed side-market global,False,False,e9eb19799af2,False,0,2,,,,,,,,,,,,,,,,,,,,,NO_DATA,0 backtest rows and 2 live bets — neither is enough,,,,,,,,,,,,,,
USA MLS,btts,new_format,0.04,0.08,0.1,pipeline.py fixed side-market global,False,False,e9eb19799af2,False,0,3,,,,,,,,,,,,,,,,,,,,,NO_DATA,0 backtest rows and 3 live bets — neither is enough,,,,,,,,,,,,,,
USA MLS,ou25,new_format,0.03,0.08,0.12,config.SNIPER_THRESHOLD (global),False,False,e9eb19799af2,False,0,24,True,0.12,"no backtest for this cell; graded on live bets only, and only at or above the production gate — the ledger cannot see below it",11.0,-5.9,-0.2458,0.2917,0.3676,-0.0759,2.79,-1.0,0.1678,24.0,-1.86,0.0,0.25,-7.4499,0.905,-0.2458,"{'top_month': '2026-08', 'top_month_share': -0.525, 'top_side': 'UNDER', 'top_side_share': 1.0, 'top_league': 'USA MLS', 'top_league_share': 1.0, 'top5_winners_share': -1.492, 'roi_excl_top5': -0.7737}",NEGATIVE_SIGNAL,live-only: negative at the production gate,,,,,,,,,,,,,,
USA MLS,over35,new_format,0.04,0.08,0.1,pipeline.py fixed side-market global,False,False,e9eb19799af2,False,0,1,,,,,,,,,,,,,,,,,,,,,NO_DATA,0 backtest rows and 1 live bets — neither is enough,,,,,,,,,,,,,,
