league,match,score,elapsed_mins,has_prediction,pre_signal,pre_p_over,live_p_under,fair_under_odds,fair_over_odds,updated_at
National League,Boreham Wood vs Kidderminster Harriers,3-1,90,False,-,,,,,19:47
National League,AFC Fylde vs Carlisle,0-1,45,False,-,,,,,19:47
National League,Barrow vs Scunthorpe,0-0,45,False,-,,,,,19:47
National League,FC Halifax Town vs Boston United,0-1,45,False,-,,,,,19:47
National League,Forest Green vs Wealdstone,1-1,45,False,-,,,,,19:47
National League,Gateshead vs Altrincham,0-1,45,False,-,,,,,19:47
National League,Hartlepool vs Harrogate Town,0-0,45,False,-,,,,,19:47
National League,AFC Hornchurch vs Aldershot Town,1-1,45,False,-,,,,,19:47
National League,Woking vs Solihull Moors,2-3,45,False,-,,,,,19:47
National League,Yeovil Town vs Worthing,0-1,45,False,-,,,,,19:47
