date,kickoff_utc,league,match,match_tier,player_id,fixture_id,player_name,team,position,market,model_prob,fair_odds,market_odds,fair_implied,edge_abs,edge_rel,ev,ges,confidence,lazy_factors,n_games,data_source,tier,kelly_stake
2026-10-02,2026-10-02T23:00:00+00:00,Brazil Serie A,Sao Paulo vs Santos,PROP_LEAGUE,276,1492318.0,Neymar,Santos,M,sot,0.642,1.56,,,,,,0.822,0.623,,5,match_level,AVOID,
2026-10-02,2026-10-02T23:00:00+00:00,Brazil Serie A,Sao Paulo vs Santos,PROP_LEAGUE,10323,1492318.0,Luciano,Sao Paulo,M,sot,0.557,1.8,,,,,,0.66,0.623,,5,match_level,AVOID,
2026-10-02,2026-10-02T22:15:00+00:00,Argentina Primera Division,Independiente vs Instituto Cordoba,PROP_LEAGUE,6483,1493161.0,Gabriel Ávalos,Independiente,F,sot,0.551,1.82,,,,,,0.435,0.623,,5,match_level,AVOID,
2026-10-02,2026-10-02T23:00:00+00:00,Brazil Serie A,Sao Paulo vs Santos,PROP_LEAGUE,10174,1492318.0,Gabriel Barbosa,Santos,F,sot,0.501,1.99,,,,,,0.725,0.623,,5,match_level,AVOID,
2026-10-02,,La Liga 2,CD Eldense vs Oviedo,VALUABLE,182490,,Jacobo González,Oviedo,M,sot,0.427,2.34,,,,,,0.318,0.623,,5,match_level,AVOID,
2026-10-02,,La Liga 2,CD Eldense vs Oviedo,VALUABLE,266202,,Ilyas Chaira,Oviedo,M,sot,0.417,2.4,,,,,,0.313,0.623,,5,match_level,AVOID,
2026-10-04,,La Liga 2,CD Castellón vs AD Ceuta FC,VALUABLE,419912,,Omar Sadik,AD Ceuta FC,F,sot,0.416,2.4,,,,,,0.684,0.623,,5,match_level,AVOID,
2026-10-02,2026-10-02T23:00:00+00:00,Brazil Serie A,Sao Paulo vs Santos,PROP_LEAGUE,47368,1492318.0,J. Calleri,Sao Paulo,F,sot,0.416,2.41,,,,,,0.636,0.623,,5,match_level,AVOID,
2026-10-04,,La Liga 2,CD Castellón vs AD Ceuta FC,VALUABLE,122837,,Alejandro Camacho Ramírez,AD Ceuta FC,F,sot,0.405,2.47,,,,,,0.742,0.623,,5,match_level,AVOID,
2026-10-02,2026-10-02T23:00:00+00:00,Brazil Serie A,Sao Paulo vs Santos,PROP_LEAGUE,10040,1492318.0,Artur,Sao Paulo,M,sot,0.394,2.54,,,,,,0.339,0.623,,5,match_level,AVOID,
2026-10-02,2026-10-02T18:30:00+00:00,La Liga 2,Eldense vs Oviedo,PROP_LEAGUE,266202,1569953.0,Ilyas Chaira,Oviedo,M,sot,0.384,2.6,,,,,,0.313,0.623,,5,match_level,AVOID,
2026-10-02,2026-10-02T18:30:00+00:00,La Liga 2,Eldense vs Oviedo,PROP_LEAGUE,182490,1569953.0,Jacobo González,Oviedo,M,sot,0.384,2.6,,,,,,0.318,0.623,,5,match_level,AVOID,
2026-10-04,,La Liga 2,Real Sociedad B vs Granada CF,VALUABLE,47419,,José Arnáiz,Granada CF,F,sot,0.383,2.61,,,,,,0.707,0.623,,5,match_level,AVOID,
2026-10-04,,La Liga 2,CD Castellón vs AD Ceuta FC,VALUABLE,122567,,Kuki,AD Ceuta FC,F,sot,0.361,2.77,,,,,,0.455,0.623,,5,match_level,AVOID,
2026-10-02,2026-10-02T22:15:00+00:00,Argentina Primera Division,Independiente vs Instituto Cordoba,PROP_LEAGUE,6483,1493161.0,Gabriel Ávalos,Independiente,F,goals,0.353,2.83,2.77,0.3406,0.0124,0.0365,-0.0222,0.435,0.623,,5,match_level,PAPER,0.0
2026-10-02,2026-10-02T23:00:00+00:00,Brazil Serie A,Sao Paulo vs Santos,PROP_LEAGUE,147,1492318.0,Philippe Coutinho,Santos,M,sot,0.324,3.09,,,,,,0.287,0.623,,5,match_level,AVOID,
2026-10-02,2026-10-02T01:30:00+00:00,USA MLS,Seattle Sounders vs Sporting Kansas City,PROP_LEAGUE,364,1490463.0,Dejan Joveljić,Seattle Sounders,F,sot,0.317,3.15,,,,,,0.756,0.623,,5,match_level,AVOID,
2026-10-02,,La Liga 2,CD Eldense vs Oviedo,VALUABLE,190530,,Pablo Sáenz,Oviedo,M,sot,0.314,3.18,,,,,,0.661,0.623,,5,match_level,AVOID,
2026-10-02,2026-10-02T18:30:00+00:00,La Liga 2,Eldense vs Oviedo,PROP_LEAGUE,190530,1569953.0,Pablo Sáenz,Oviedo,M,sot,0.301,3.32,,,,,,0.661,0.623,,5,match_level,AVOID,
2026-10-02,,La Liga 2,CD Eldense vs Oviedo,VALUABLE,46808,,Carlos Fernández,Oviedo,F,sot,0.293,3.41,,,,,,0.653,0.623,,5,match_level,AVOID,
2026-10-02,2026-10-02T18:30:00+00:00,La Liga 2,Eldense vs Oviedo,PROP_LEAGUE,46808,1569953.0,Carlos Fernández,Oviedo,F,sot,0.278,3.59,,,,,,0.653,0.623,,5,match_level,AVOID,
2026-10-02,2026-10-02T23:00:00+00:00,Brazil Serie A,Sao Paulo vs Santos,PROP_LEAGUE,6052,1492318.0,Álvaro Barreal,Santos,M,sot,0.273,3.66,,,,,,0.449,0.698,SET_PIECE,5,match_level,AVOID,
2026-10-02,2026-10-02T18:30:00+00:00,La Liga 2,Eldense vs Oviedo,PROP_LEAGUE,440413,1569953.0,Aingeru Olabarrieta,Eldense,M,sot,0.273,3.66,,,,,,0.272,0.623,,5,match_level,AVOID,
2026-10-02,,USA MLS,Seattle Sounders FC vs Sporting Kansas City,SNIPER,325717,,André Luiz,Sporting Kansas City,M,sot,0.266,3.76,,,,,,0.767,0.623,,5,match_level,AVOID,
2026-10-02,2026-10-02T01:30:00+00:00,USA MLS,Seattle Sounders vs Sporting Kansas City,PROP_LEAGUE,325717,1490463.0,André Luiz,Sporting Kansas City,M,sot,0.266,3.76,,,,,,0.767,0.623,,5,match_level,AVOID,
2026-10-02,2026-10-02T22:15:00+00:00,Argentina Primera Division,Independiente vs Instituto Cordoba,PROP_LEAGUE,294787,1493161.0,A. Luna,Instituto Cordoba,F,sot,0.262,3.81,,,,,,0.76,0.623,,5,match_level,AVOID,
2026-10-03,,League Two,Rochdale vs Swindon Town,VALUABLE,17997,,Harry Smith,Swindon Town,F,sot,0.26,3.84,,,,,,0.706,0.623,,5,match_level,AVOID,
2026-10-02,,Ireland Premier Division,Dundalk vs Bohemians,VALUABLE,44845,,D. Horgan,Dundalk,M,assists,0.259,3.85,,,,,,,0.623,,5,match_level,AVOID,
2026-10-02,2026-10-02T22:15:00+00:00,Argentina Primera Division,Independiente vs Instituto Cordoba,PROP_LEAGUE,356797,1493161.0,Lucas Román,Independiente,F,sot,0.259,3.86,,,,,,0.225,0.623,,5,match_level,AVOID,
2026-10-02,,Ireland Premier Division,Dundalk vs Bohemians,VALUABLE,457345,,Sean Keogh,Dundalk,D,cards,0.252,3.97,,,,,,,0.623,,5,match_level,AVOID,
2026-09-30,2026-09-30T23:30:00+00:00,USA MLS,New York Red Bulls vs St. Louis City,PROP_LEAGUE,282881,1490500.0,Jaziel Orozco,St. Louis City,D,cards,0.251,3.99,,,,,,,0.623,,5,match_level,AVOID,
2026-10-02,2026-10-02T22:15:00+00:00,Argentina Primera Division,Independiente vs Instituto Cordoba,PROP_LEAGUE,6483,1493161.0,Gabriel Ávalos,Independiente,F,sot2,0.246,4.06,,,,,,,0.623,,5,match_level,AVOID,
2026-10-03,,League Two,Rochdale vs Swindon Town,VALUABLE,69406,,A. Drinan,Swindon Town,F,sot,0.244,4.1,,,,,,0.79,0.623,,5,match_level,AVOID,
2026-10-02,2026-10-02T01:30:00+00:00,USA MLS,Seattle Sounders vs Sporting Kansas City,PROP_LEAGUE,51212,1490463.0,A. Rusnák,Seattle Sounders,M,sot,0.243,4.11,,,,,,0.481,0.623,,5,match_level,AVOID,
2026-10-02,2026-10-02T01:30:00+00:00,USA MLS,Seattle Sounders vs Sporting Kansas City,PROP_LEAGUE,51118,1490463.0,J. Morris,Seattle Sounders,M,sot,0.235,4.25,,,,,,0.471,0.623,,5,match_level,AVOID,
2026-09-30,2026-09-30T23:30:00+00:00,USA MLS,New York Red Bulls vs St. Louis City,PROP_LEAGUE,151311,1490500.0,Conrad Wallem,St. Louis City,M,cards,0.232,4.3,,,,,,,0.623,,5,match_level,AVOID,
2026-10-02,2026-10-02T18:30:00+00:00,La Liga 2,Eldense vs Oviedo,PROP_LEAGUE,47002,1569953.0,Fidel,Eldense,M,sot,0.231,4.34,,,,,,0.3,0.623,,5,match_level,AVOID,
2026-10-04,,La Liga 2,CD Castellón vs AD Ceuta FC,VALUABLE,286581,,Marino Illescas,AD Ceuta FC,M,cards,0.228,4.39,,,,,,,0.623,,5,match_level,AVOID,
2026-10-03,,Argentina Primera Division,Newells Old Boys vs Lanus,VALUABLE,51892,,M. Cóccaro,Newells Old Boys,F,sot,0.221,4.52,,,,,,0.756,0.623,,5,match_level,AVOID,
2026-10-05,,Argentina Primera Division,Velez Sarsfield BA vs Platense,VALUABLE,353488,,Tomás Ariel Silva,Platense,D,cards,0.217,4.61,,,,,,,0.623,,5,match_level,AVOID,
2026-10-02,2026-10-02T01:30:00+00:00,USA MLS,Seattle Sounders vs Sporting Kansas City,PROP_LEAGUE,102373,1490463.0,D. Musovski,Seattle Sounders,F,sot,0.214,4.67,,,,,,0.692,0.623,,5,match_level,AVOID,
2026-10-04,,La Liga 2,Real Sociedad B vs Granada CF,VALUABLE,25203,,B. Gimber,Granada CF,D,cards,0.214,4.68,,,,,,,0.623,,5,match_level,AVOID,
2026-09-30,2026-09-30T23:30:00+00:00,USA MLS,New York Red Bulls vs St. Louis City,PROP_LEAGUE,68057,1490500.0,Rafael Navarro,St. Louis City,F,sot,0.213,4.69,,,,,,0.722,0.623,,5,match_level,AVOID,
2026-10-02,2026-10-02T01:30:00+00:00,USA MLS,Seattle Sounders vs Sporting Kansas City,PROP_LEAGUE,51212,1490463.0,A. Rusnák,Seattle Sounders,M,assists,0.209,4.78,,,,,,,0.623,,5,match_level,AVOID,
2026-10-02,2026-10-02T18:30:00+00:00,La Liga 2,Eldense vs Oviedo,PROP_LEAGUE,333378,1569953.0,Diego Mendez,Eldense,M,sot,0.209,4.79,,,,,,0.272,0.623,,5,match_level,AVOID,
2026-10-03,,Argentina Primera Division,Newells Old Boys vs Lanus,VALUABLE,2518,,Carlos Gonzalez,Newells Old Boys,F,sot,0.207,4.82,,,,,,0.663,0.623,,5,match_level,AVOID,
2026-10-02,2026-10-02T23:00:00+00:00,Brazil Serie A,Sao Paulo vs Santos,PROP_LEAGUE,10174,1492318.0,Gabriel Barbosa,Santos,F,goals,0.205,4.88,3.6,0.2525,-0.0475,-0.1882,-0.262,0.725,0.623,,5,match_level,PAPER,0.0
2026-10-04,,La Liga 2,Real Sociedad B vs Granada CF,VALUABLE,47414,,Gumbau,Granada CF,M,sot,0.203,4.93,,,,,,0.319,0.623,,5,match_level,AVOID,
2026-10-05,,Argentina Primera Division,Velez Sarsfield BA vs Platense,VALUABLE,296128,,Maximiliano Amarfil,Platense,M,cards,0.203,4.93,,,,,,,0.623,,5,match_level,AVOID,
2026-10-04,,La Liga 2,CD Castellón vs AD Ceuta FC,VALUABLE,47199,,Yann Bodiger,AD Ceuta FC,M,cards,0.198,5.04,,,,,,,0.623,,5,match_level,AVOID,
2026-10-04,,La Liga 2,Real Sociedad B vs Granada CF,VALUABLE,47485,,Rubén Alcaraz,Granada CF,M,sot,0.197,5.08,,,,,,0.3,0.623,,5,match_level,AVOID,
2026-10-02,2026-10-02T01:30:00+00:00,USA MLS,Seattle Sounders vs Sporting Kansas City,PROP_LEAGUE,461646,1490463.0,T. Calheira,Sporting Kansas City,F,sot,0.197,5.08,,,,,,0.685,0.623,,5,match_level,AVOID,
2026-09-30,2026-09-30T23:30:00+00:00,USA MLS,New York Red Bulls vs St. Louis City,PROP_LEAGUE,50756,1490500.0,Christopher Durkin,St. Louis City,M,cards,0.197,5.07,,,,,,,0.623,,5,match_level,AVOID,
2026-10-03,,Argentina Primera Division,Newells Old Boys vs Lanus,VALUABLE,6030,,Ramiro Carrera,Lanus,M,cards,0.197,5.06,,,,,,,0.623,,5,match_level,AVOID,
2026-10-02,,USA MLS,Seattle Sounders FC vs Sporting Kansas City,SNIPER,461646,,T. Calheira,Sporting Kansas City,F,sot,0.197,5.08,,,,,,0.685,0.623,,5,match_level,AVOID,
2026-10-04,,La Liga 2,CD Castellón vs AD Ceuta FC,VALUABLE,161968,,Cedric Teguia,AD Ceuta FC,M,sot,0.195,5.12,,,,,,0.252,0.623,,5,match_level,AVOID,
2026-10-02,2026-10-02T23:00:00+00:00,Brazil Serie A,Sao Paulo vs Santos,PROP_LEAGUE,6237,1492318.0,Enzo Díaz,Sao Paulo,M,sot,0.193,5.19,,,,,,0.276,0.623,,5,match_level,AVOID,
2026-10-03,,Argentina Primera Division,Newells Old Boys vs Lanus,VALUABLE,281355,,A. Wlk,Lanus,F,sot,0.193,5.17,,,,,,0.699,0.623,,5,match_level,AVOID,
2026-10-03,,League One,Wimbledon vs Stevenage,VALUABLE,17640,,L. James-Wildin,Stevenage,D,cards,0.192,5.21,,,,,,,0.623,,5,match_level,AVOID,
2026-10-02,,Ireland Premier Division,Dundalk vs Bohemians,VALUABLE,69275,,D. Devoy,Bohemians,M,assists,0.192,5.22,,,,,,,0.623,,5,match_level,AVOID,
2026-10-02,2026-10-02T01:30:00+00:00,USA MLS,Seattle Sounders vs Sporting Kansas City,PROP_LEAGUE,103203,1490463.0,Paul Rothrock,Seattle Sounders,M,cards,0.191,5.23,,,,,,,0.623,,5,match_level,AVOID,
2026-10-05,,Argentina Primera Division,Velez Sarsfield BA vs Platense,VALUABLE,355287,,Fabricio López,Platense,M,cards,0.189,5.3,,,,,,,0.623,,5,match_level,AVOID,
2026-10-02,2026-10-02T22:15:00+00:00,Argentina Primera Division,Independiente vs Instituto Cordoba,PROP_LEAGUE,265973,1493161.0,S. Montiel,Independiente,F,sot,0.189,5.29,,,,,,0.728,0.623,,5,match_level,AVOID,
2026-10-02,2026-10-02T22:15:00+00:00,Argentina Primera Division,Independiente vs Instituto Cordoba,PROP_LEAGUE,413142,1493161.0,M. Gallardo,Instituto Cordoba,M,cards,0.189,5.3,,,,,,,0.623,,5,match_level,AVOID,
2026-10-03,,League One,Wimbledon vs Stevenage,VALUABLE,90506,,D. Kemp,Stevenage,M,sot,0.189,5.3,,,,,,0.731,0.623,,5,match_level,AVOID,
2026-10-04,,La Liga 2,CD Castellón vs AD Ceuta FC,VALUABLE,183107,,K. Koné,AD Ceuta FC,F,sot,0.189,5.3,,,,,,0.269,0.623,,5,match_level,AVOID,
2026-10-02,2026-10-02T01:30:00+00:00,USA MLS,Seattle Sounders vs Sporting Kansas City,PROP_LEAGUE,418468,1490463.0,S. Afrifa,Sporting Kansas City,F,sot,0.188,5.31,,,,,,0.722,0.623,,5,match_level,AVOID,
2026-10-02,,USA MLS,Seattle Sounders FC vs Sporting Kansas City,SNIPER,418468,,S. Afrifa,Sporting Kansas City,F,sot,0.188,5.31,,,,,,0.722,0.623,,5,match_level,AVOID,
2026-10-02,2026-10-02T01:30:00+00:00,USA MLS,Seattle Sounders vs Sporting Kansas City,PROP_LEAGUE,364,1490463.0,Dejan Joveljić,Seattle Sounders,F,goals,0.187,5.34,2.0,0.4717,-0.2847,-0.6036,-0.626,0.756,0.623,,5,match_level,PAPER,0.0
2026-10-02,2026-10-02T18:30:00+00:00,La Liga 2,Eldense vs Oviedo,PROP_LEAGUE,47429,1569953.0,David Costas,Oviedo,D,cards,0.186,5.39,,,,,,,0.623,,5,match_level,AVOID,
2026-10-02,2026-10-02T23:00:00+00:00,Brazil Serie A,Sao Paulo vs Santos,PROP_LEAGUE,71,1492318.0,Luan Peres,Santos,D,cards,0.185,5.41,,,,,,,0.623,,5,match_level,AVOID,
2026-10-02,2026-10-02T23:00:00+00:00,Brazil Serie A,Sao Paulo vs Santos,PROP_LEAGUE,506480,1492318.0,Gustavo Henrique Pereira,Santos,M,cards,0.184,5.44,,,,,,,0.623,,5,match_level,AVOID,
2026-10-03,,Argentina Primera Division,Newells Old Boys vs Lanus,VALUABLE,195992,,Juan Cáceres,Lanus,D,cards,0.18,5.55,,,,,,,0.623,,5,match_level,AVOID,
2026-10-02,,Ireland Premier Division,Dundalk vs Bohemians,VALUABLE,308535,,M. Animasahun,Dundalk,D,cards,0.179,5.6,,,,,,,0.623,,5,match_level,AVOID,
2026-10-03,,League One,Wimbledon vs Stevenage,VALUABLE,167327,,D. Phillips,Stevenage,M,cards,0.179,5.59,,,,,,,0.623,,5,match_level,AVOID,
2026-10-02,2026-10-02T23:00:00+00:00,Brazil Serie A,Sao Paulo vs Santos,PROP_LEAGUE,506275,1492318.0,Gabriel Bontempo,Santos,M,sot,0.179,5.59,,,,,,0.283,0.623,,5,match_level,AVOID,
2026-10-03,,Argentina Primera Division,Newells Old Boys vs Lanus,VALUABLE,6619,,Raúl Loaiza,Lanus,M,cards,0.178,5.62,,,,,,,0.623,,5,match_level,AVOID,
2026-10-05,,Argentina Primera Division,Velez Sarsfield BA vs Platense,VALUABLE,6400,,I. Gómez,Platense,M,cards,0.178,5.6,,,,,,,0.623,,5,match_level,AVOID,
2026-09-30,,USA MLS,New York Red Bulls vs St. Louis City SC,SNIPER,418310,,Ronald Donkor,New York Red Bulls,M,cards,0.176,5.67,,,,,,,0.623,,5,match_level,AVOID,
2026-09-30,2026-09-30T23:30:00+00:00,USA MLS,New York Red Bulls vs St. Louis City,PROP_LEAGUE,418310,1490500.0,Ronald Donkor,New York Red Bulls,M,cards,0.176,5.67,,,,,,,0.623,,5,match_level,AVOID,
2026-10-02,2026-10-02T18:30:00+00:00,La Liga 2,Eldense vs Oviedo,PROP_LEAGUE,548656,1569953.0,David Ruiz Montero,Eldense,D,sot,0.176,5.7,,,,,,0.283,0.698,SET_PIECE,5,match_level,AVOID,
2026-10-02,2026-10-02T23:00:00+00:00,Brazil Serie A,Sao Paulo vs Santos,PROP_LEAGUE,10375,1492318.0,Iago,Sao Paulo,M,sot,0.176,5.68,,,,,,0.402,0.623,,5,match_level,AVOID,
2026-10-02,2026-10-02T23:00:00+00:00,Brazil Serie A,Sao Paulo vs Santos,PROP_LEAGUE,30568,1492318.0,C. Oliva,Santos,M,sot,0.175,5.73,,,,,,0.6,0.623,,5,match_level,AVOID,
2026-10-02,,USA MLS,Seattle Sounders FC vs Sporting Kansas City,SNIPER,39141,,L. Johnsen,Sporting Kansas City,M,cards,0.173,5.8,,,,,,,0.623,,5,match_level,AVOID,
2026-10-02,2026-10-02T01:30:00+00:00,USA MLS,Seattle Sounders vs Sporting Kansas City,PROP_LEAGUE,39141,1490463.0,L. Johnsen,Sporting Kansas City,M,cards,0.173,5.8,,,,,,,0.623,,5,match_level,AVOID,
2026-10-02,2026-10-02T23:00:00+00:00,Brazil Serie A,Sao Paulo vs Santos,PROP_LEAGUE,276,1492318.0,Neymar,Santos,M,sot2,0.172,5.8,,,,,,,0.623,,5,match_level,AVOID,
2026-10-02,2026-10-02T18:30:00+00:00,La Liga 2,Eldense vs Oviedo,PROP_LEAGUE,325140,1569953.0,J. Smith,Eldense,M,cards,0.172,5.82,,,,,,,0.623,,5,match_level,AVOID,
2026-10-04,,La Liga 2,Real Sociedad B vs Granada CF,VALUABLE,47414,,Gumbau,Granada CF,M,cards,0.171,5.84,,,,,,,0.623,,5,match_level,AVOID,
2026-10-03,,League Two,Rochdale vs Swindon Town,VALUABLE,290721,,D. Brown,Rochdale,F,sot,0.171,5.83,,,,,,0.743,0.623,,5,match_level,AVOID,
2026-10-04,,La Liga 2,CD Castellón vs AD Ceuta FC,VALUABLE,46848,,Carlos Hernández,AD Ceuta FC,D,cards,0.171,5.85,,,,,,,0.623,,5,match_level,AVOID,
2026-10-04,,La Liga 2,CD Castellón vs AD Ceuta FC,VALUABLE,46848,,Carlos Hernández,AD Ceuta FC,D,sot,0.17,5.87,,,,,,0.687,0.623,,5,match_level,AVOID,
2026-10-02,2026-10-02T18:30:00+00:00,La Liga 2,Eldense vs Oviedo,PROP_LEAGUE,325140,1569953.0,J. Smith,Eldense,M,sot,0.169,5.91,,,,,,0.413,0.698,SET_PIECE,5,match_level,AVOID,
2026-10-04,,La Liga 2,Real Sociedad B vs Granada CF,VALUABLE,47485,,Rubén Alcaraz,Granada CF,M,cards,0.169,5.93,,,,,,,0.623,,5,match_level,AVOID,
2026-10-03,,League Two,Rochdale vs Swindon Town,VALUABLE,17997,,Harry Smith,Swindon Town,F,cards,0.168,5.97,,,,,,,0.623,,5,match_level,AVOID,
2026-10-05,,Argentina Primera Division,Velez Sarsfield BA vs Platense,VALUABLE,129905,,A. Lagos,Platense,D,cards,0.168,5.96,,,,,,,0.698,MINUTES,5,match_level,AVOID,
2026-10-02,2026-10-02T23:00:00+00:00,Brazil Serie A,Sao Paulo vs Santos,PROP_LEAGUE,505991,1492318.0,Maik,Sao Paulo,M,sot,0.167,5.99,,,,,,0.372,0.698,MINUTES,5,match_level,AVOID,
2026-10-02,2026-10-02T23:00:00+00:00,Brazil Serie A,Sao Paulo vs Santos,PROP_LEAGUE,276,1492318.0,Neymar,Santos,M,goals,0.167,5.97,3.1,0.2933,-0.1263,-0.4305,-0.4823,0.822,0.623,,5,match_level,PAPER,0.0
2026-10-03,,League Two,Rochdale vs Swindon Town,VALUABLE,18135,,Emmanuel Dieseruvwe,Rochdale,F,sot,0.167,5.99,,,,,,0.662,0.623,,5,match_level,AVOID,
2026-09-30,2026-09-30T23:30:00+00:00,USA MLS,New York Red Bulls vs St. Louis City,PROP_LEAGUE,265871,1490500.0,Daniel Edelman,St. Louis City,M,cards,0.166,6.03,,,,,,,0.623,,5,match_level,AVOID,
2026-10-04,,La Liga 2,CD Castellón vs AD Ceuta FC,VALUABLE,122837,,Alejandro Camacho Ramírez,AD Ceuta FC,F,goals,0.166,6.02,,,,,,0.742,0.623,,5,match_level,AVOID,
2026-10-02,2026-10-02T01:30:00+00:00,USA MLS,Seattle Sounders vs Sporting Kansas City,PROP_LEAGUE,103203,1490463.0,Paul Rothrock,Seattle Sounders,M,sot,0.166,6.01,,,,,,0.315,0.623,,5,match_level,AVOID,
2026-10-02,2026-10-02T23:00:00+00:00,Brazil Serie A,Sao Paulo vs Santos,PROP_LEAGUE,195107,1492318.0,Damián Bobadilla,Sao Paulo,M,sot,0.166,6.03,,,,,,0.255,0.623,,5,match_level,AVOID,
2026-10-03,,League Two,Rochdale vs Swindon Town,VALUABLE,20207,,O. Clarke,Swindon Town,M,cards,0.165,6.04,,,,,,,0.623,,5,match_level,AVOID,
2026-10-02,,Ireland Premier Division,Dundalk vs Bohemians,VALUABLE,69284,,Robert Cornwall,Dundalk,D,cards,0.165,6.05,,,,,,,0.623,,5,match_level,AVOID,
2026-10-02,,Ireland Premier Division,Dundalk vs Bohemians,VALUABLE,45056,,T. Grivosti,Dundalk,D,cards,0.165,6.06,,,,,,,0.623,,5,match_level,AVOID,
2026-09-30,2026-09-30T23:30:00+00:00,USA MLS,New York Red Bulls vs St. Louis City,PROP_LEAGUE,71739,1490500.0,Simon Becher,St. Louis City,F,sot,0.165,6.07,1.17,0.8063,-0.6413,-0.7954,-0.807,0.73,0.623,,5,match_level,PAPER,0.0
2026-10-03,,Argentina Primera Division,Newells Old Boys vs Lanus,VALUABLE,59231,,W. Mazzantti,Newells Old Boys,M,sot,0.164,6.11,,,,,,0.447,0.623,,5,match_level,AVOID,
2026-10-02,,Ireland Premier Division,Dundalk vs Bohemians,VALUABLE,408106,,R. Teahan,Dundalk,M,cards,0.164,6.11,,,,,,,0.623,,5,match_level,AVOID,
2026-09-30,2026-09-30T23:30:00+00:00,USA MLS,New York Red Bulls vs St. Louis City,PROP_LEAGUE,350876,1490500.0,Dante Polvara,St. Louis City,M,cards,0.163,6.14,,,,,,,0.623,,5,match_level,AVOID,
2026-10-03,,Argentina Primera Division,Newells Old Boys vs Lanus,VALUABLE,51480,,Armando Méndez,Lanus,D,cards,0.163,6.15,,,,,,,0.623,,5,match_level,AVOID,
2026-10-02,,La Liga 2,CD Eldense vs Oviedo,VALUABLE,47429,,David Costas,Oviedo,D,cards,0.163,6.13,,,,,,,0.623,,5,match_level,AVOID,
2026-10-02,2026-10-02T18:30:00+00:00,La Liga 2,Eldense vs Oviedo,PROP_LEAGUE,185106,1569953.0,Y. Didi,Oviedo,M,cards,0.163,6.15,,,,,,,0.623,,5,match_level,AVOID,
2026-09-30,,USA MLS,New York Red Bulls vs St. Louis City SC,SNIPER,41344,,Luquinhas,New York Red Bulls,M,assists,0.163,6.13,,,,,,,0.623,,5,match_level,AVOID,
2026-09-30,2026-09-30T23:30:00+00:00,USA MLS,New York Red Bulls vs St. Louis City,PROP_LEAGUE,41344,1490500.0,Luquinhas,New York Red Bulls,M,assists,0.163,6.13,,,,,,,0.623,,5,match_level,AVOID,
2026-10-05,,Argentina Primera Division,Velez Sarsfield BA vs Platense,VALUABLE,59184,,I. Vázquez,Platense,D,cards,0.162,6.16,,,,,,,0.623,,5,match_level,AVOID,
2026-09-30,2026-09-30T23:30:00+00:00,USA MLS,New York Red Bulls vs St. Louis City,PROP_LEAGUE,68057,1490500.0,Rafael Navarro,St. Louis City,F,cards,0.162,6.17,,,,,,,0.623,,5,match_level,AVOID,
2026-10-02,2026-10-02T01:30:00+00:00,USA MLS,Seattle Sounders vs Sporting Kansas City,PROP_LEAGUE,279201,1490463.0,Moises Mosquera,Sporting Kansas City,D,cards,0.162,6.15,,,,,,,0.623,,5,match_level,AVOID,
2026-10-02,2026-10-02T23:00:00+00:00,Brazil Serie A,Sao Paulo vs Santos,PROP_LEAGUE,6237,1492318.0,Enzo Díaz,Sao Paulo,M,cards,0.162,6.17,,,,,,,0.623,,5,match_level,AVOID,
2026-10-02,,La Liga 2,CD Eldense vs Oviedo,VALUABLE,182719,,Dani Villahermosa,Oviedo,M,sot,0.162,6.18,,,,,,0.257,0.623,,5,match_level,AVOID,
2026-10-02,2026-10-02T23:00:00+00:00,Brazil Serie A,Sao Paulo vs Santos,PROP_LEAGUE,10323,1492318.0,Luciano,Sao Paulo,M,goals,0.162,6.15,,,,,,0.66,0.623,,5,match_level,AVOID,
2026-10-02,,USA MLS,Seattle Sounders FC vs Sporting Kansas City,SNIPER,279201,,Moises Mosquera,Sporting Kansas City,D,cards,0.162,6.15,,,,,,,0.623,,5,match_level,AVOID,
2026-10-02,,Ireland Premier Division,Dundalk vs Bohemians,VALUABLE,44867,,B. Burns,Dundalk,D,cards,0.162,6.19,,,,,,,0.623,,5,match_level,AVOID,
2026-10-02,,Ireland Premier Division,Dundalk vs Bohemians,VALUABLE,153591,,Koen Oostenbrink,Dundalk,M,cards,0.162,6.17,,,,,,,0.698,MINUTES,5,match_level,AVOID,
2026-10-05,,Argentina Primera Division,Velez Sarsfield BA vs Platense,VALUABLE,6185,,Iván Rossi,Platense,M,cards,0.16,6.25,,,,,,,0.623,,5,match_level,AVOID,
2026-10-05,,Argentina Primera Division,Velez Sarsfield BA vs Platense,VALUABLE,459866,,Mateo Mendia,Platense,D,cards,0.16,6.25,,,,,,,0.623,,5,match_level,AVOID,
2026-10-03,,League One,Wimbledon vs Stevenage,VALUABLE,18120,,C. Piergianni,Stevenage,D,cards,0.158,6.33,,,,,,,0.623,,5,match_level,AVOID,
2026-10-03,,Argentina Primera Division,Newells Old Boys vs Lanus,VALUABLE,197062,,G. Pérez,Lanus,D,cards,0.158,6.34,,,,,,,0.623,,5,match_level,AVOID,
2026-10-02,,La Liga 2,CD Eldense vs Oviedo,VALUABLE,182486,,Alberto Reina,Oviedo,M,sot,0.158,6.33,,,,,,0.245,0.623,,5,match_level,AVOID,
2026-10-03,,Argentina Primera Division,Newells Old Boys vs Lanus,VALUABLE,51892,,M. Cóccaro,Newells Old Boys,F,cards,0.158,6.31,,,,,,,0.623,,5,match_level,AVOID,
2026-10-02,2026-10-02T01:30:00+00:00,USA MLS,Seattle Sounders vs Sporting Kansas City,PROP_LEAGUE,51114,1490463.0,C. Roldan,Seattle Sounders,M,cards,0.157,6.36,,,,,,,0.623,,5,match_level,AVOID,
2026-10-02,,Ireland Premier Division,Dundalk vs Bohemians,VALUABLE,69483,,Sam Todd,Bohemians,D,cards,0.156,6.43,,,,,,,0.623,,5,match_level,AVOID,
2026-10-03,,Argentina Primera Division,Newells Old Boys vs Lanus,VALUABLE,70738,,Jorge Recalde,Newells Old Boys,M,sot,0.156,6.4,,,,,,0.471,0.623,,5,match_level,AVOID,
2026-10-02,2026-10-02T22:15:00+00:00,Argentina Primera Division,Independiente vs Instituto Cordoba,PROP_LEAGUE,6121,1493161.0,Imanol Machuca,Independiente,M,sot,0.156,6.43,,,,,,0.258,0.623,,5,match_level,AVOID,
2026-10-02,2026-10-02T18:30:00+00:00,La Liga 2,Eldense vs Oviedo,PROP_LEAGUE,18998,1569953.0,Víctor Camarasa,Eldense,M,sot,0.156,6.4,,,,,,0.233,0.623,,5,match_level,AVOID,
2026-10-02,2026-10-02T22:15:00+00:00,Argentina Primera Division,Independiente vs Instituto Cordoba,PROP_LEAGUE,5487,1493161.0,Ezequiel Parnisiari,Instituto Cordoba,D,cards,0.156,6.42,,,,,,,0.623,,5,match_level,AVOID,
2026-10-03,,League Two,Rochdale vs Swindon Town,VALUABLE,17516,,H. Gilmour,Rochdale,M,cards,0.156,6.41,,,,,,,0.623,,5,match_level,AVOID,
2026-10-04,,La Liga 2,Real Sociedad B vs Granada CF,VALUABLE,162545,,Manu Lama,Granada CF,D,cards,0.154,6.49,,,,,,,0.623,,5,match_level,AVOID,
2026-10-03,,Argentina Primera Division,Newells Old Boys vs Lanus,VALUABLE,70732,,José Canale,Lanus,D,cards,0.153,6.53,,,,,,,0.623,,5,match_level,AVOID,
2026-09-30,2026-09-30T23:30:00+00:00,USA MLS,New York Red Bulls vs St. Louis City,PROP_LEAGUE,201716,1490500.0,Dylan Nealis,New York Red Bulls,D,cards,0.153,6.54,,,,,,,0.623,,5,match_level,AVOID,
2026-10-02,2026-10-02T22:15:00+00:00,Argentina Primera Division,Independiente vs Instituto Cordoba,PROP_LEAGUE,35579,1493161.0,Martín Cauteruccio,Independiente,F,sot,0.153,6.51,,,,,,0.664,0.623,,5,match_level,AVOID,
2026-09-30,,USA MLS,New York Red Bulls vs St. Louis City SC,SNIPER,201716,,Dylan Nealis,New York Red Bulls,D,cards,0.153,6.54,,,,,,,0.623,,5,match_level,AVOID,
2026-10-05,,Argentina Primera Division,Velez Sarsfield BA vs Platense,VALUABLE,10377,,V. Cuesta,Platense,D,cards,0.153,6.54,,,,,,,0.623,,5,match_level,AVOID,
2026-10-04,,La Liga 2,CD Castellón vs AD Ceuta FC,VALUABLE,122567,,Kuki,AD Ceuta FC,F,cards,0.153,6.53,,,,,,,0.623,,5,match_level,AVOID,
2026-10-02,2026-10-02T23:00:00+00:00,Brazil Serie A,Sao Paulo vs Santos,PROP_LEAGUE,41609,1492318.0,João Basso,Santos,D,cards,0.152,6.59,,,,,,,0.623,,5,match_level,AVOID,
2026-10-02,2026-10-02T18:30:00+00:00,La Liga 2,Eldense vs Oviedo,PROP_LEAGUE,182719,1569953.0,Dani Villahermosa,Oviedo,M,sot,0.151,6.61,,,,,,0.257,0.623,,5,match_level,AVOID,
2026-09-30,2026-09-30T23:30:00+00:00,USA MLS,New York Red Bulls vs St. Louis City,PROP_LEAGUE,57438,1490500.0,Tomas Totland,St. Louis City,M,cards,0.15,6.66,,,,,,,0.623,,5,match_level,AVOID,
2026-10-02,2026-10-02T23:00:00+00:00,Brazil Serie A,Sao Paulo vs Santos,PROP_LEAGUE,506480,1492318.0,Gustavo Henrique Pereira,Santos,M,sot,0.15,6.65,,,,,,0.242,0.623,,5,match_level,AVOID,
2026-10-02,2026-10-02T23:00:00+00:00,Brazil Serie A,Sao Paulo vs Santos,PROP_LEAGUE,80538,1492318.0,Alex Nascimento,Santos,D,cards,0.15,6.65,,,,,,,0.623,,5,match_level,AVOID,
2026-10-02,,Ireland Premier Division,Dundalk vs Bohemians,VALUABLE,69286,,Paddy Kirk,Bohemians,D,cards,0.15,6.66,,,,,,,0.623,,5,match_level,AVOID,
