date,league,home_team,away_team,status
2026-09-26,League One,Plymouth Argyle,Burton Albion,POSTPONED
2026-09-26,League One,Cambridge United,Wimbledon,POSTPONED
2026-09-26,League One,Stockport County FC,Peterborough United,POSTPONED
2026-09-26,League One,Wycombe Wanderers,Reading,POSTPONED
2026-09-26,League Two,Swindon Town,Accrington Stanley,POSTPONED
2026-09-26,League Two,Bristol Rovers,Exeter City,POSTPONED
2026-09-26,League Two,Cheltenham Town,Chesterfield FC,POSTPONED
2026-09-26,League Two,Shrewsbury Town,Colchester United,POSTPONED
2026-09-26,League Two,Rotherham United,Crewe Alexandra,POSTPONED
2026-09-26,League Two,Fleetwood Town,Rochdale,POSTPONED
2026-09-26,League Two,York City,Gillingham,POSTPONED
2026-09-26,League Two,Newport County,Grimsby Town,POSTPONED
2026-09-26,League Two,Tranmere Rovers,Walsall,POSTPONED
2026-09-26,League Two,Oldham Athletic,Salford City,POSTPONED
2026-09-26,La Liga 2,Granada CF,Andorra CF,POSTPONED
2026-09-26,La Liga 2,Celta Fortuna,Sabadell FC,POSTPONED
2026-09-26,La Liga 2,Tenerife,Cádiz CF,POSTPONED
