league,date,kickoff_utc,home_team,away_team,odds_over25,odds_under25,odds_over15,odds_over35,odds_btts,_oa_event_id,_oa_sport_key,odds_btts_no,btts_books,btts_overround,btts_fair_yes,home_advantage,home_scored_last5,home_conceded_last5,away_scored_last5,away_conceded_last5,home_over25_last5,away_over25_last5,home_shots_last5,home_sot_last5,away_shots_last5,away_sot_last5,home_ht_scored_last5,home_ht_conceded_last5,away_ht_scored_last5,away_ht_conceded_last5,home_ht_over05_rate,away_ht_over05_rate,home_ht_over15_rate,away_ht_over15_rate,home_corners_pg_roll,away_corners_pg_roll,home_fouls_pg_roll,away_fouls_pg_roll,home_xg_last5,away_xg_last5,home_insidebox_last5,away_insidebox_last5,home_possession_last5,away_possession_last5,home_blocked_last5,away_blocked_last5,home_season_goals_h,home_season_conceded_h,home_cs_rate_h,away_season_goals_a,away_season_conceded_a,away_cs_rate_a,away_home_adv_factor,league_avg_goals,home_attack_str,away_attack_str,home_defense_str,away_defense_str,combined_ht_goals_avg,home_ht_attack_str,away_ht_attack_str,home_ht_defense_str,away_ht_defense_str,home_rest_days,away_rest_days,combined_corners_pg,combined_fouls_pg,home_sot_ratio_last5,away_sot_ratio_last5,combined_sot_ratio,key_attacker_absent_home,key_attacker_absent_away,api_implied_btts,api_implied_over35,api_implied_over15,api_implied_draw,home_attack_formation,away_attack_formation,combined_attack_intent,home_forward_count,away_forward_count,h2h_over25_rate,h2h_avg_goals,h2h_home_win_rate,h2h_n,api_implied_over25,api_overround,season_stage_ratio,is_late_season,home_coach_tenure_days,home_coach_is_caretaker,away_coach_tenure_days,away_coach_is_caretaker,home_pitch_artificial,home_sp_goals_pg,away_sp_goals_pg,home_pen_goals_pg,away_pen_goals_pg,home_fk_goals_pg,away_fk_goals_pg,referee_foul_avg,implied_prob_over,implied_prob_under,bookmaker_overround,p_over25_poisson_dc,home_table_pos,away_table_pos,home_gd_pg,away_gd_pg,home_form_pts,away_form_pts,home_win_rate_h,away_win_rate_a,table_pos_gap,p_over25,model_type,p_btts,p_over15,p_over35,p_ht_over05,p_ht_over15,impl_prob_over,impl_prob_under,edge_over,edge_under,kelly_over,kelly_under,ev_over,ev_under,both_losing,stake_over,stake_under,tier_over,tier_under,min_odds_blocked,bet,bet_stake,best_edge,best_side,signal_tier,no_form_data,first_over_odds,first_under_odds,over_drift,under_drift,drift_signal,odds_snapshots,generated_at,git_sha,model_sha
League One,2026-10-03,2026-10-03 14:00:00,Barnsley,Milton Keynes Dons,1.57,2.2,,2.27,1.44,8ebfd1b24fe78a65203845279b47595f,soccer_england_league1,2.6,5,0.0791,0.6436,1.0,1.0,1.2,1.6,2.0,0.6,0.8,13.4,2.6,17.8,4.6,0.6,0.6,0.6,1.0,0.7,0.7142857142857143,0.3,0.2857142857142857,5.6,7.4,11.0,14.2,1.164,1.275,8.2,11.25,,,,,1.0,2.0,0.0,1.5,2.0,0.25,0.2,2.62535953978907,0.7618004199762622,1.2188806719620195,0.9141605039715146,1.5236008399525245,1.2,0.4570802519857573,0.4570802519857573,0.4570802519857573,0.7618004199762622,,,10.086572438162545,23.039458186101296,0.19402985074626866,0.2584269662921348,0.22622840851920173,0.0,0.0,,,,,,,,,,,,,,,,,,,,,,0.0,,,,,,,,0.6369426751592356,0.45454545454545453,0.09148812970469011,0.48157042406394956,,,,,,,,,,0.5393072467506647,standard,0.5606239979916736,0.7822277053934662,0.2988663235420942,0.799592438889582,0.715728449853192,0.6369426751592356,0.45454545454545453,-0.09763542840857098,0.00614729870388081,0.0,0.011270047623781566,-0.15328762260145645,0.013524057148537784,False,0.0,0.0,AVOID,AVOID,False,AVOID,0.0,0.00614729870388081,UNDER,AVOID,False,1.57,2.2,0.0,0.0,Neutral,10,2026-09-27T23:59:24Z,46d03e696240,dfa9cf54fa56
League One,2026-10-03,2026-10-03 14:00:00,Blackpool,Leicester City,1.56,2.25,,,1.49,bd2ca4819bd850432daae5d486f76376,soccer_england_league1,2.38,2,0.0913,0.615,1.0,1.4,1.4,1.2,1.8,0.8,0.4,11.4,3.2,15.6,5.4,0.4,0.2,0.6,0.2,0.7,,0.4,,4.6,7.4,9.6,10.0,0.662,0.34,5.8,7.4,,,,,2.25,1.75,0.25,,,,0.25,2.62535953978907,1.066520587966767,0.9141605039715146,1.066520587966767,1.3712407559572721,1.0,0.3047201679905049,0.4570802519857573,0.15236008399525244,0.15236008399525244,8.0,,10.086572438162545,23.039458186101296,0.2807017543859649,0.3461538461538462,0.3134278002699056,0.0,0.0,,,,,,,,,,,,,,,,,,,,,,0.0,,,,,,,,0.641025641025641,0.4444444444444444,0.08547008547008539,0.48157042406394945,,,,,,,,,,0.555883336728631,standard,0.5797297425360304,0.8062472572505175,0.35568349041386477,0.782646911627822,0.6986263134673187,0.641025641025641,0.4444444444444444,-0.08514230429700997,-0.0003277811730754143,0.0,0.0,-0.13282199470333556,-0.0007375076394196822,False,0.0,0.0,AVOID,AVOID,False,AVOID,0.0,-0.0003277811730754143,UNDER,AVOID,False,1.56,2.25,0.0,0.0,Neutral,10,2026-09-27T23:59:24Z,46d03e696240,dfa9cf54fa56
League One,2026-10-03,2026-10-03 14:00:00,Reading,Bradford City,1.88,1.8,,,1.73,94d2a4a534187dc1aee316221b1a8714,soccer_england_league1,2.0,8,0.078,0.5362,1.0,0.8,1.2,0.8,0.4,0.4,0.0,13.2,3.6,7.4,2.8,0.2,0.2,0.4,0.2,0.5,,0.2,,4.6,5.8,13.4,14.4,1.252,1.074,6.4,5.4,,,,,3.25,1.25,0.5,,,,0.4,2.62535953978907,0.6094403359810098,0.6094403359810098,0.9141605039715146,0.3047201679905049,0.6000000000000001,0.15236008399525244,0.3047201679905049,0.15236008399525244,0.15236008399525244,,,10.086572438162545,23.039458186101296,0.27272727272727276,0.37837837837837834,0.32555282555282555,0.0,0.0,,,,,,,,,,,,,,,,,,,,,,0.0,,,,,,,,0.5319148936170213,0.5555555555555556,0.08747044917257685,0.21664151018073707,,,,,,,,,,0.5311245766855169,standard,0.5486082384034435,0.7699854174273667,0.27225508147315153,0.722959344371923,0.48758889182030724,0.5319148936170213,0.5555555555555556,-0.0007903169315043312,-0.08668013224107252,0.0,0.0,-0.0014857958312281426,-0.15602423803393053,False,0.0,0.0,AVOID,AVOID,False,AVOID,0.0,-0.0007903169315043312,OVER,AVOID,False,1.88,1.8,0.0,0.0,Neutral,10,2026-09-27T23:59:24Z,46d03e696240,dfa9cf54fa56
League One,2026-10-03,2026-10-03 14:00:00,Bromley FC,Wycombe Wanderers,1.74,1.94,,,1.57,6a63e1f6d87ea3609a8706e70f11c909,soccer_england_league1,2.25,5,0.0814,0.589,1.0,1.8,3.4,1.4,2.6,0.8,0.6,9.2,3.6,10.0,4.4,0.4,1.4,0.8,1.0,,,,,3.8,6.6,15.2,10.2,2.273333333333333,1.168,4.8,7.8,,,,,,,,,,,0.4,2.62535953978907,1.3712407559572721,1.066520587966767,2.5901214279192915,1.9806810919382818,1.2000000000000002,0.3047201679905049,0.6094403359810098,1.066520587966767,0.7618004199762622,11.0,,10.086572438162545,23.039458186101296,0.391304347826087,0.44000000000000006,0.41565217391304354,0.0,0.0,,,,,,,,,,,,,,,,,,,,,,0.0,,,,,,,,0.5747126436781609,0.5154639175257733,0.09017656120393402,0.6200962589216268,,,,,,,,,,0.5614718874376762,standard,0.5684317974277531,0.7915003907015049,0.3367639893792367,0.731528609584428,0.5897426039202096,0.5747126436781609,0.5154639175257733,-0.013240756240484708,-0.07693580496344943,0.0,0.0,-0.023038915858443393,-0.1492554616290919,False,0.0,0.0,AVOID,AVOID,False,AVOID,0.0,-0.013240756240484708,OVER,AVOID,False,1.74,1.94,0.0,0.0,Neutral,10,2026-09-27T23:59:24Z,46d03e696240,dfa9cf54fa56
League One,2026-10-03,2026-10-03 14:00:00,Burton Albion,Huddersfield Town,1.7,2.02,,,1.7,9061d3dcffac63f6214dfafa0194e015,soccer_england_league1,2.035,8,0.0796,0.5448,1.0,1.2,1.2,1.2,1.0,0.6,0.6,10.8,4.0,13.4,5.2,,,0.6,0.2,,,,,,5.0,,12.4,1.278,1.076,9.4,7.0,,,,,1.6153846153846154,1.0,0.23076923076923078,,,,0.6,2.62535953978907,0.9141605039715146,0.9141605039715146,0.9141605039715146,0.7618004199762622,0.6,,0.4570802519857573,,0.15236008399525244,12.0,13.0,10.086572438162545,23.039458186101296,0.37037037037037035,0.3880597014925373,0.37921503593145384,0.0,0.0,,,,,,,,,,,,,,,,,,,,,,0.0,,,,,,,,0.5882352941176471,0.49504950495049505,0.08328479906814223,0.4302912533424892,,,,,,,,,,0.5378290186639603,standard,0.5416429123548415,0.7599775342163653,0.255221791264611,0.28683890530333794,0.1795299620048336,0.5882352941176471,0.49504950495049505,-0.05040627545368681,-0.03287852361445531,0.0,0.0,-0.08569066827126758,-0.06641461770119973,False,0.0,0.0,AVOID,AVOID,False,AVOID,0.0,-0.03287852361445531,UNDER,AVOID,False,1.7,2.02,0.0,0.0,Neutral,10,2026-09-27T23:59:24Z,46d03e696240,dfa9cf54fa56
League One,2026-10-03,2026-10-03 14:00:00,Luton,Doncaster Rovers,1.55,2.25,,,1.57,79e63923493db4c8cadc7ff5e4508bdf,soccer_england_league1,2.25,5,0.0814,0.589,1.0,2.4,3.4,1.2,1.4,1.0,0.6,11.6,4.0,12.2,5.0,0.8,1.8,0.2,0.4,0.9,,0.7,,4.4,4.4,11.6,11.8,1.2280000000000002,1.042,6.8,8.2,,,,,1.25,1.0,0.25,,,,0.2,2.62535953978907,1.8283210079430292,0.9141605039715146,2.5901214279192915,1.066520587966767,1.0,0.6094403359810098,0.15236008399525244,1.3712407559572721,0.3047201679905049,13.0,,10.086572438162545,23.039458186101296,0.3448275862068966,0.4098360655737705,0.37733182589033354,0.0,0.0,,,,,,,,,,,,,,,,,,,,,,0.0,,,,,,,,0.6451612903225806,0.4444444444444444,0.08960573476702516,0.6972531552839983,,,,,,,,,,0.6009299037287881,standard,0.5650092927128584,0.7947356984792353,0.30511854206213107,0.7257511642171749,0.49896226619237855,0.6451612903225806,0.4444444444444444,-0.044231386593792554,-0.04537434817323249,0.0,0.0,-0.06855864922037846,-0.10209228338977311,False,0.0,0.0,AVOID,AVOID,False,AVOID,0.0,-0.044231386593792554,OVER,AVOID,False,1.55,2.25,0.0,0.0,Neutral,10,2026-09-27T23:59:24Z,46d03e696240,dfa9cf54fa56
League One,2026-10-03,2026-10-03 14:00:00,Leyton Orient,Plymouth Argyle,1.63,2.12,,,1.56,0170d99f1047360235a58f37b34fb020,soccer_england_league1,2.2649999999999997,8,0.0825,0.5922,1.0,1.8,0.8,2.2,1.8,0.4,0.6,11.8,4.8,18.4,7.0,0.6,0.8,1.0,1.0,0.9,,0.5,,3.8,6.6,13.0,12.6,1.04,1.098,7.2,6.6,,,,,1.25,2.0,0.25,,,,0.4,2.62535953978907,1.3712407559572721,1.675960923947777,0.6094403359810098,1.3712407559572721,1.6,0.4570802519857573,0.7618004199762622,0.6094403359810098,0.7618004199762622,14.0,14.0,10.086572438162545,23.039458186101296,0.4067796610169491,0.3804347826086957,0.39360722181282237,0.0,0.0,,,,,,,,,,,,,,,,,,,,,,0.0,,,,,,,,0.6134969325153374,0.4716981132075471,0.0851950457228845,0.7618966944464557,,,,,,,,,,0.5350075307749688,standard,0.594122080035559,0.7734141707302145,0.32089430702939403,0.8278767037997913,0.7581304535854259,0.6134969325153374,0.4716981132075471,-0.07848940174036867,-0.006705643982515885,0.0,0.0,-0.1279377248368009,-0.014215965242933677,False,0.0,0.0,AVOID,AVOID,False,AVOID,0.0,-0.006705643982515885,UNDER,AVOID,False,1.72,1.96,0.09,-0.16,Conflicted,10,2026-09-27T23:59:24Z,46d03e696240,dfa9cf54fa56
League One,2026-10-03,2026-10-03 14:00:00,Wigan Athletic,Mansfield Town,1.75,1.93,,,1.6,8aca943e9201ced10ad488d028c05ef3,soccer_england_league1,2.2,5,0.0795,0.5789,1.0,0.8,1.6,1.2,1.6,0.4,0.6,15.4,4.2,10.6,3.6,0.0,0.4,,,,,,,5.4,,10.4,,1.1019999999999999,0.746,8.0,5.0,,,,,,,,0.9230769230769231,1.0769230769230769,0.38461538461538464,0.8,2.62535953978907,0.6094403359810098,0.9141605039715146,1.2188806719620195,1.2188806719620195,0.0,0.0,,0.3047201679905049,,,5.0,10.086572438162545,23.039458186101296,0.2727272727272727,0.339622641509434,0.30617495711835335,0.0,0.0,,,,,,,,,,,,,,,,,,,,,,0.0,,,,,,,,0.5714285714285714,0.5181347150259068,0.0895632864544782,0.3233235838169365,,,,,,,,,,0.49153408550370487,standard,0.5142590925587113,0.7361587345702043,0.25020206323820277,0.13691373119849815,0.13094906334165568,0.5714285714285714,0.5181347150259068,-0.07989448592486653,-0.00966880052961172,0.0,0.0,-0.13981535036851644,-0.01866078502215062,False,0.0,0.0,AVOID,AVOID,False,AVOID,0.0,-0.00966880052961172,UNDER,AVOID,False,1.75,1.93,0.0,0.0,Neutral,10,2026-09-27T23:59:24Z,46d03e696240,dfa9cf54fa56
League One,2026-10-03,2026-10-03 14:00:00,Peterborough United,Notts County,1.64,2.1,,,1.53,794e66eaf4461095c2f3d8a137c5f4bb,soccer_england_league1,2.28,3,0.0922,0.5984,1.0,0.4,2.2,0.8,1.4,0.4,0.2,12.0,4.2,10.0,2.6,0.2,0.8,0.4,0.6,,0.5714285714285714,,0.2857142857142857,5.6,4.2,9.4,13.6,0.774,0.72,5.4,9.4,,,,,,,,1.0,1.5,0.0,0.5,2.62535953978907,0.3047201679905049,0.6094403359810098,1.675960923947777,1.066520587966767,0.6000000000000001,0.15236008399525244,0.3047201679905049,0.6094403359810098,0.4570802519857573,,12.0,10.086572438162545,23.039458186101296,0.35000000000000003,0.26,0.30500000000000005,0.0,0.0,,,,,,,,,,,,,,,,,,,,,,0.0,,,,,,,,0.6097560975609756,0.47619047619047616,0.08594657375145176,0.12051290121636982,,,,,,,,,,0.5075672055932908,standard,0.5256165323463793,0.7599987466272424,0.2785452278556407,0.6787929123842938,0.3905033806352978,0.6097560975609756,0.47619047619047616,-0.10218889196768477,0.01624231821623301,0.0,0.031008062049172107,-0.16758978282700301,0.03410886825408932,False,0.0,0.0,AVOID,AVOID,False,AVOID,0.0,0.01624231821623301,UNDER,AVOID,False,1.64,2.1,0.0,0.0,Neutral,10,2026-09-27T23:59:24Z,46d03e696240,dfa9cf54fa56
League One,2026-10-03,2026-10-03 14:00:00,Wimbledon,Stevenage,2.2,1.57,,,1.86,43bb572468077fc1ea54e49ee22b0c49,soccer_england_league1,1.815,4,0.0886,0.4939,1.0,1.0,2.4,1.2,0.6,0.6,0.2,12.8,3.2,10.6,4.0,0.6,0.8,0.4,0.2,,0.4,,0.1,4.0,3.0,11.8,13.0,1.2240000000000002,1.5299999999999998,8.8,6.2,,,,,,,,1.5,0.75,0.25,0.4,2.62535953978907,0.7618004199762622,0.9141605039715146,1.8283210079430292,0.4570802519857573,1.0,0.4570802519857573,0.3047201679905049,0.6094403359810098,0.15236008399525244,,14.0,10.086572438162545,23.039458186101296,0.25,0.37735849056603776,0.3136792452830189,0.0,0.0,,,,,,,,,,,,,,,,,,,,,,0.0,,,,,,,,0.45454545454545453,0.6369426751592356,0.09148812970469011,0.37728625000368343,,,,,,,,,,0.49736431321440383,standard,0.4759667237199864,0.6797090531935449,0.24035840592526234,0.7217805103345216,0.41906498994161306,0.45454545454545453,0.6369426751592356,0.0428188586689493,-0.13430698837363952,0.0785012408930738,0.0,0.09420148907168847,-0.21086197174661406,False,1.0,0.0,VALUABLE,AVOID,False,OVER,1.0,0.0428188586689493,OVER,VALUABLE,False,2.2,1.57,0.0,0.0,Neutral,10,2026-09-27T23:59:24Z,46d03e696240,dfa9cf54fa56
League Two,2026-10-03,2026-10-03 11:30:00,Chesterfield FC,Tranmere Rovers,1.67,1.99,,,1.69,898497eabfc5d6f5594b2e9f887548d4,soccer_england_league2,2.05,6,0.0795,0.5481,1.0,1.2,1.0,0.6,1.6,0.6,0.4,15.0,4.8,11.4,2.8,0.6,0.8,0.0,0.8,,,,,3.8,3.6,10.6,11.0,1.154,1.236,7.2,8.2,,,,,,,,,,,0.6,2.5644498186215237,0.93587325537533,0.467936627687665,0.7798943794794417,1.2478310071671068,0.6,0.467936627687665,0.0,0.6239155035835534,0.6239155035835534,14.0,16.0,9.805580029368576,22.98149779735683,0.32,0.24561403508771928,0.2828070175438596,0.0,0.0,,,,,,,,,,,,,,,,,,,,,,0.0,,,,,,,,0.5988023952095809,0.5025125628140703,0.1013149580236512,0.26937891406058745,,,,,,,,,,0.5259235082331051,standard,0.5285443797533768,0.7322994534791776,0.2667069195089062,0.6946758809194704,0.4254362521629721,0.5988023952095809,0.5025125628140703,-0.07287888697647582,-0.028436071047175382,0.0,0.0,-0.12170774125071461,-0.05658778138387901,False,0.0,0.0,AVOID,AVOID,False,AVOID,0.0,-0.028436071047175382,UNDER,AVOID,False,1.74,1.91,0.07,-0.08,Conflicted,10,2026-09-27T23:59:24Z,46d03e696240,dfa9cf54fa56
League Two,2026-10-03,2026-10-03 14:00:00,Accrington Stanley,Cheltenham Town,1.74,2.02,,,1.62,e6d65696c6e8bd5238cb3a006bb7f796,soccer_england_league2,2.17,6,0.0781,0.5726,1.0,0.8,2.2,1.6,1.6,0.6,0.8,12.6,3.6,11.6,4.4,0.6,1.2,0.4,1.0,,,,,3.2,5.6,13.2,12.2,0.8699999999999999,0.9880000000000001,6.2,4.6,,,,,,,,,,,0.8,2.5644498186215237,0.6239155035835534,1.2478310071671068,1.715767634854772,1.2478310071671068,1.0,0.467936627687665,0.3119577517917767,0.93587325537533,0.7798943794794417,14.0,,9.805580029368576,22.98149779735683,0.28571428571428575,0.37931034482758624,0.332512315270936,0.0,0.0,,,,,,,,,,,,,,,,,,,,,,0.0,,,,,,,,0.5747126436781609,0.49504950495049505,0.06976214862865593,0.4302912533424895,,,,,,,,,,0.5437213247696547,standard,0.548657485219752,0.7324623030531249,0.2580017638537609,0.8077999404709639,0.44526034357513866,0.5747126436781609,0.49504950495049505,-0.03099131890850615,-0.03877082972014978,0.0,0.0,-0.0539248949008007,-0.07831707603470256,False,0.0,0.0,AVOID,AVOID,False,AVOID,0.0,-0.03099131890850615,OVER,AVOID,False,1.74,2.02,0.0,0.0,Neutral,10,2026-09-27T23:59:24Z,46d03e696240,dfa9cf54fa56
League Two,2026-10-03,2026-10-03 14:00:00,Crewe Alexandra,Bristol Rovers,1.7,2.08,,,1.57,b2d9692f329a99ad8744ae111b4ebbfc,soccer_england_league2,2.24,6,0.0834,0.5879,1.0,0.6,0.8,2.0,1.4,0.0,0.6,10.4,1.8,15.4,4.4,0.2,0.6,,,,,,,4.0,,13.8,,0.99,0.738,9.6,6.0,,,,,,,,1.3571428571428572,1.2142857142857142,0.21428571428571427,0.8,2.5644498186215237,0.467936627687665,1.5597887589588835,0.6239155035835534,1.0918521312712184,0.2,0.15597887589588835,,0.467936627687665,,,,9.805580029368576,22.98149779735683,0.17307692307692307,0.28571428571428575,0.2293956043956044,0.0,0.0,,,,,,,,,,,,,,,,,,,,,,0.0,,,,,,,,0.5882352941176471,0.4807692307692307,0.0690045248868778,0.48157042406394956,,,,,,,,,,0.4694774273534707,standard,0.5041939631305553,0.7175835811021444,0.23994142998559811,0.22572851475856406,0.14801342044298418,0.5882352941176471,0.4807692307692307,-0.11875786676417638,0.04975334187729852,0.0,0.09582125102294527,-0.20188837349909983,0.10348695110478093,False,0.0,1.0,AVOID,VALUABLE,False,UNDER,1.0,0.04975334187729852,UNDER,VALUABLE,False,1.7,1.95,0.0,-0.13,Conflicted,10,2026-09-27T23:59:24Z,46d03e696240,dfa9cf54fa56
League Two,2026-10-03,2026-10-03 14:00:00,Colchester United,Port Vale,1.82,1.92,,,1.67,e26d264a4f4a2173c450b7f9f94ad451,soccer_england_league2,2.09,2,0.0773,0.5559,1.0,1.0,2.2,0.4,2.2,0.6,0.4,12.4,3.4,10.2,2.0,1.2,0.8,0.6,0.4,,0.4,,0.1,3.4,4.4,9.4,14.2,0.876,1.5633333333333332,5.8,8.6,,,,,,,,0.25,2.0,0.0,0.2,2.5644498186215237,0.7798943794794417,0.3119577517917767,1.715767634854772,1.715767634854772,1.7999999999999998,0.93587325537533,0.467936627687665,0.6239155035835534,0.3119577517917767,7.0,,9.805580029368576,22.98149779735683,0.27419354838709675,0.19607843137254904,0.2351359898798229,0.0,0.0,,,,,,,,,,,,,,,,,,,,,,0.0,,,,,,,,0.5494505494505494,0.5208333333333334,0.07028388278388276,0.16650226187737005,,,,,,,,,,0.5071255174370688,standard,0.5462272352908056,0.7210081688338786,0.25699375959555193,0.8669828813087752,0.6845465728851506,0.5494505494505494,0.5208333333333334,-0.04232503201348059,-0.027958850770402166,0.0,0.0,-0.07703155826453467,-0.05368099347917216,False,0.0,0.0,AVOID,AVOID,False,AVOID,0.0,-0.027958850770402166,UNDER,AVOID,False,1.82,1.92,0.0,0.0,Neutral,10,2026-09-27T23:59:24Z,46d03e696240,dfa9cf54fa56
League Two,2026-10-03,2026-10-03 14:00:00,Walsall,Crawley Town,1.53,2.4,,2.27,1.53,3baccaa125561b5ba84e20410bdf4bf1,soccer_england_league2,2.38,3,0.0738,0.6087,1.0,1.4,1.2,1.6,2.0,0.6,0.6,11.8,3.6,15.2,3.6,0.2,0.2,0.6,1.0,0.5,0.7,0.1,0.5,6.2,4.0,12.4,11.0,1.258,1.416,8.0,8.8,,,,,1.25,0.5,0.75,1.25,1.75,0.0,0.0,2.5644498186215237,1.0918521312712184,1.2478310071671068,0.93587325537533,1.5597887589588835,0.8,0.15597887589588835,0.467936627687665,0.15597887589588835,0.7798943794794417,13.0,11.0,9.805580029368576,22.98149779735683,0.30508474576271183,0.2368421052631579,0.27096342551293484,0.0,0.0,,,,,,,,,,,,,,,,,,,,,,0.0,,,,,,,,0.6535947712418301,0.4166666666666667,0.0702614379084967,0.5768099188731566,,,,,,,,,,0.545865562557396,standard,0.5437453146002516,0.7673082041061984,0.288511578390205,0.7972010401457,0.4856943431948845,0.6535947712418301,0.4166666666666667,-0.10772920868443403,0.03746777077593727,0.0,0.064230464187321,-0.16482568928718408,0.08992264986224945,False,0.0,1.0,AVOID,VALUABLE,False,UNDER,1.0,0.03746777077593727,UNDER,VALUABLE,False,1.53,2.4,0.0,0.0,Neutral,10,2026-09-27T23:59:24Z,46d03e696240,dfa9cf54fa56
League Two,2026-10-03,2026-10-03 14:00:00,Exeter City,Rotherham United,1.89,1.85,,,1.7,27be10f18a79b170fc1de0f444e7e7ce,soccer_england_league2,2.025,6,0.0821,0.5436,1.0,1.0,1.0,1.0,1.2,0.25,0.4,11.0,3.5,12.4,3.8,,,0.4,1.0,,,,,,4.4,,11.6,0.9,1.072,9.0,6.0,,,,,1.5,0.5,0.5,,,,0.5,2.5644498186215237,0.7798943794794417,0.7798943794794417,0.7798943794794417,0.93587325537533,0.4,,0.3119577517917767,,0.7798943794794417,,12.0,9.805580029368576,22.98149779735683,0.3181818181818182,0.30645161290322576,0.31231671554252194,0.0,0.0,,,,,,,,,,,,,,,,,,,,,,0.0,,,,,,,,0.5291005291005292,0.5405405405405405,0.06964106964106964,0.3233235838169366,,,,,,,,,,0.498263914615877,standard,0.5002068533337449,0.709900062980062,0.23613525363883428,0.27757881427044834,0.1669159046785024,0.5291005291005292,0.5405405405405405,-0.03083661448465219,-0.038804455156417395,0.0,0.0,-0.05828120137599264,-0.07178824203937219,False,0.0,0.0,AVOID,AVOID,False,AVOID,0.0,-0.03083661448465219,OVER,AVOID,False,1.87,1.87,-0.02,0.02,Neutral,10,2026-09-27T23:59:24Z,46d03e696240,dfa9cf54fa56
League Two,2026-10-03,2026-10-03 14:00:00,Salford City,Fleetwood Town,1.68,1.98,,,1.7,bd7b12a5521ec9bf8f74685260ca24dc,soccer_england_league2,2.05,6,0.076,0.5467,1.0,0.6,1.6,1.4,1.6,0.6,0.6,11.6,2.6,11.8,4.0,,,0.8,0.6,,0.9,,0.4,,3.4,,14.4,1.0479999999999998,0.8619999999999999,5.8,6.0,,,,,1.2307692307692308,0.7692307692307693,0.46153846153846156,1.25,1.5,0.25,0.2,2.5644498186215237,0.467936627687665,1.0918521312712184,1.2478310071671068,1.2478310071671068,0.8,,0.6239155035835534,,0.467936627687665,15.0,13.0,9.805580029368576,22.98149779735683,0.22413793103448276,0.3389830508474576,0.2815604909409702,0.0,0.0,,,,,,,,,,,,,,,,,,,,,,0.0,,,,,,,,0.5952380952380952,0.5050505050505051,0.10028860028860032,0.3233235838169366,,,,,,,,,,0.5217079327724157,standard,0.521675713807863,0.7185015858486326,0.2639644881176591,0.3529965936864113,0.19340711303590657,0.5952380952380952,0.5050505050505051,-0.07353016246567956,-0.026758437822920755,0.0,0.0,-0.12353067294234166,-0.0529817068893831,False,0.0,0.0,AVOID,AVOID,False,AVOID,0.0,-0.026758437822920755,UNDER,AVOID,False,1.68,1.98,0.0,0.0,Neutral,10,2026-09-27T23:59:24Z,46d03e696240,dfa9cf54fa56
League Two,2026-10-03,2026-10-03 14:00:00,Gillingham,Newport County,1.99,1.76,,,1.8,e2f02448a62a6f7148eadd6bbc0841fb,soccer_england_league2,1.91,6,0.0791,0.5148,1.0,1.4,2.2,1.0,2.0,0.6,0.6,8.4,2.4,6.8,2.6,0.4,1.4,0.2,0.4,0.5,0.6,0.2,0.3,3.0,2.0,13.8,12.0,1.65,1.116,8.4,5.8,,,,,1.5,1.0,0.5,1.0,2.0,0.25,0.8,2.5644498186215237,1.0918521312712184,0.7798943794794417,1.715767634854772,1.5597887589588835,0.6000000000000001,0.3119577517917767,0.15597887589588835,1.0918521312712184,0.3119577517917767,,,9.805580029368576,22.98149779735683,0.2857142857142857,0.3823529411764706,0.3340336134453782,0.0,0.0,,,,,,,,,,,,,,,,,,,,,,0.0,,,,,,,,0.5025125628140703,0.5681818181818182,0.07069438099588865,0.4302912533424894,,,,,,,,,,0.5514139097156467,standard,0.5194497160374724,0.7408958621640059,0.25480024644460253,0.7204796759166674,0.3019340318734152,0.5025125628140703,0.5681818181818182,0.04890134690157644,-0.11959572789746498,0.09829664680215859,0.0,0.0973136803341371,-0.21048848109953835,False,1.0,0.0,VALUABLE,AVOID,False,OVER,1.0,0.04890134690157644,OVER,VALUABLE,False,1.92,1.82,-0.07,0.06,Conflicted,10,2026-09-27T23:59:24Z,46d03e696240,dfa9cf54fa56
League Two,2026-10-03,2026-10-03 14:00:00,Grimsby Town,Shrewsbury Town,1.71,2.06,,,1.7149999999999999,c10cc5590f0882bfd4f002e20d9b4e55,soccer_england_league2,2.0,6,0.0831,0.5384,1.0,1.4,1.6,0.2,1.8,0.8,0.2,14.6,4.6,15.6,4.4,0.6,0.6,0.2,1.0,,,,,5.8,5.2,10.8,12.8,0.716,1.008,2.8,6.8,,,,,,,,,,,0.4,2.5644498186215237,1.0918521312712184,0.15597887589588835,1.2478310071671068,1.403809883062995,0.8,0.467936627687665,0.15597887589588835,0.467936627687665,0.7798943794794417,13.0,,9.805580029368576,22.98149779735683,0.3150684931506849,0.2820512820512821,0.2985598876009835,0.0,0.0,,,,,,,,,,,,,,,,,,,,,,0.0,,,,,,,,0.5847953216374269,0.4854368932038835,0.07023221484131037,0.24277679280141484,,,,,,,,,,0.5561371214365683,standard,0.5549151515771805,0.7623813697477227,0.2908547323685359,0.7947524453111128,0.5021210733359166,0.5847953216374269,0.4854368932038835,-0.02865820020085852,-0.04157401464045185,0.0,0.0,-0.04900552234346807,-0.08564247015933081,False,0.0,0.0,AVOID,AVOID,False,AVOID,0.0,-0.02865820020085852,OVER,AVOID,False,1.68,2.11,-0.03,0.05,Neutral,10,2026-09-27T23:59:24Z,46d03e696240,dfa9cf54fa56
League Two,2026-10-03,2026-10-03 14:00:00,Northampton Town,Oldham Athletic,1.99,1.76,,,1.775,8639525f3b914149c3c8611b8e42a7a1,soccer_england_league2,1.955,2,0.0749,0.5241,1.0,0.8,1.0,0.8,2.0,0.2,0.4,9.4,3.4,13.8,3.6,0.2,0.6,0.8,0.6,,,,,5.2,5.2,11.4,13.8,1.1600000000000001,0.7540000000000001,9.4,7.2,,,,,,,,,,,0.6,2.5644498186215237,0.6239155035835534,0.6239155035835534,0.7798943794794417,1.5597887589588835,1.0,0.15597887589588835,0.6239155035835534,0.467936627687665,0.467936627687665,,,9.805580029368576,22.98149779735683,0.36170212765957444,0.2608695652173913,0.3112858464384829,0.0,0.0,,,,,,,,,,,,,,,,,,,,,,0.0,,,,,,,,0.5025125628140703,0.5681818181818182,0.07069438099588865,0.21664151018073707,,,,,,,,,,0.4923008310238122,standard,0.49111955024534887,0.7386461128324222,0.2504448662831894,0.8226023389159648,0.5274499499633098,0.5025125628140703,0.5681818181818182,-0.010211731790258083,-0.0604826492056304,0.0,0.0,-0.020321346262613584,-0.1064494626019095,False,0.0,0.0,AVOID,AVOID,False,AVOID,0.0,-0.010211731790258083,OVER,AVOID,False,1.95,1.71,-0.04,-0.05,Conflicted,10,2026-09-27T23:59:24Z,46d03e696240,dfa9cf54fa56
League Two,2026-10-03,2026-10-03 14:00:00,Rochdale,Swindon Town,1.76,1.99,,,1.62,7be9430a9ed662defe81be045c2be501,soccer_england_league2,2.16,6,0.0802,0.5714,1.0,0.6,1.2,0.2,2.2,0.4,0.6,8.6,2.4,5.2,1.0,0.6,0.6,,,0.75,,0.375,,4.2,,12.4,,0.75,1.0819999999999999,4.0,10.6,,,,,1.75,1.5,0.5,0.9230769230769231,1.6153846153846154,0.3076923076923077,0.8,2.5644498186215237,0.467936627687665,0.15597887589588835,0.93587325537533,1.715767634854772,0.6,0.467936627687665,,0.467936627687665,,31.0,,9.805580029368576,22.98149779735683,0.27906976744186046,0.1923076923076923,0.23568872987477638,0.0,0.0,,,,,,,,,,,,,,,,,,,,,,0.0,,,,,,,,0.5681818181818182,0.5025125628140703,0.07069438099588865,0.06285693429791916,,,,,,,,,,0.5802868045553672,standard,0.47162805997119644,0.715579652781683,0.27418343519860255,0.4462238583167546,0.21074993505612394,0.5681818181818182,0.5025125628140703,0.012104986373548954,-0.0827993673694375,0.028032600022955573,0.0,0.02130477601744616,-0.1647707410651806,False,0.0,0.0,AVOID,AVOID,False,AVOID,0.0,0.012104986373548954,OVER,AVOID,False,1.76,1.99,0.0,0.0,Neutral,10,2026-09-27T23:59:24Z,46d03e696240,dfa9cf54fa56
La Liga 2,2026-09-28,2026-09-28 18:30:00,Leganés,CD Castellón,1.82,1.88,,,1.65,52ddb81b6601824c1444b86aac5f8902,soccer_spain_segunda_division,2.1,8,0.0823,0.56,1.0,0.4,1.2,1.6,0.6,0.2,0.6,8.4,2.8,14.0,5.8,0.2,0.4,0.4,0.2,,,,,3.2,7.4,13.6,13.6,2.07,1.9720000000000002,7.0,9.4,,,,,,,,,,,0.6,2.3707832208858903,0.3374412274189557,1.3497649096758229,1.012323682256867,0.5061618411284335,0.6000000000000001,0.16872061370947786,0.3374412274189557,0.3374412274189557,0.16872061370947786,,14.0,9.18424753867792,26.857243319268637,0.3333333333333333,0.41428571428571426,0.3738095238095238,0.0,0.0,,,,,,,,,,,,,,,,,,,,,,0.0,,,,,,,,0.5494505494505494,0.5319148936170213,0.08136544306757054,0.3233235838169366,,,,,,,,,,0.5338312040533593,standard,0.5137308926039106,0.6980716162178581,0.23128130207443523,0.642471012666744,0.3410141401940532,0.5494505494505494,0.5319148936170213,-0.01561934539719012,-0.06574609767038053,0.0,0.0,-0.02842720862288602,-0.1236026636203154,False,0.0,0.0,AVOID,AVOID,False,AVOID,0.0,-0.01561934539719012,OVER,AVOID,False,1.85,1.85,0.03,-0.03,Neutral,40,2026-09-27T23:59:24Z,46d03e696240,dfa9cf54fa56
La Liga 2,2026-10-02,2026-10-02 18:30:00,CD Eldense,Oviedo,2.2,1.55,,,1.83,4e80b0be6c8fc9acf52057d1d3baeb2b,soccer_spain_segunda_division,1.85,7,0.087,0.5027,1.0,0.6,1.6,1.4,1.0,0.4,0.6,11.4,3.2,9.8,3.8,0.4,1.0,0.6,0.4,,0.7,,0.2,5.8,2.6,11.0,13.4,1.1966666666666665,1.9100000000000001,7.2,8.2,,,,,,,,1.6666666666666667,1.0,0.6666666666666666,0.2,2.3707832208858903,0.5061618411284335,1.181044295966345,1.3497649096758229,0.8436030685473892,1.0,0.3374412274189557,0.5061618411284335,0.8436030685473892,0.3374412274189557,,5.0,9.18424753867792,26.857243319268637,0.2807017543859649,0.38775510204081626,0.3342284282133906,0.0,0.0,,,,,,,,,,,,,,,,,,,,,,0.0,,,,,,,,0.45454545454545453,0.6451612903225806,0.0997067448680351,0.3233235838169366,,,,,,,,,,0.4943064300623683,standard,0.4776383973302808,0.6793390000774768,0.22949419725885953,0.7228234622885875,0.4298821065275099,0.45454545454545453,0.6451612903225806,0.039760975516913766,-0.13946772038494892,0.07289512178100864,0.0,0.08747414613721029,-0.21617496659667085,False,1.0,0.0,VALUABLE,AVOID,False,OVER,1.0,0.039760975516913766,OVER,VALUABLE,False,2.2,1.56,0.0,0.01,Neutral,15,2026-09-27T23:59:24Z,46d03e696240,dfa9cf54fa56
La Liga 2,2026-10-03,2026-10-03 12:00:00,Albacete,SD Eibar,1.93,1.61,,,1.76,c065c12ff8e37edb2cfeac866ece7079,soccer_spain_segunda_division,1.95,7,0.081,0.5256,1.0,0.4,1.6,1.8,1.0,0.2,0.8,11.0,4.0,10.0,3.4,0.0,0.8,1.0,0.2,0.8,,0.3,,4.6,3.0,13.6,10.0,1.084,1.5879999999999999,7.4,9.4,,,,,0.6666666666666666,1.6666666666666667,0.0,,,,0.6,2.3707832208858903,0.3374412274189557,1.5184855233853007,1.3497649096758229,0.8436030685473892,1.0,0.0,0.8436030685473892,0.6748824548379114,0.16872061370947786,,,9.18424753867792,26.857243319268637,0.36363636363636365,0.33999999999999997,0.3518181818181818,0.0,0.0,,,,,,,,,,,,,,,,,,,,,,0.0,,,,,,,,0.5181347150259068,0.6211180124223602,0.1392527274482669,0.37728625000368343,,,,,,,,,,0.4914000007475074,standard,0.4992118825317507,0.6962965339286706,0.23773422240192174,0.7615964153408428,0.5492170612396459,0.5181347150259068,0.6211180124223602,-0.026734714278399407,-0.11251801316986765,0.0,0.0,-0.051597998557310856,-0.18115400120348693,False,0.0,0.0,AVOID,AVOID,False,AVOID,0.0,-0.026734714278399407,OVER,AVOID,False,1.93,1.62,0.0,0.01,Neutral,11,2026-09-27T23:59:24Z,46d03e696240,dfa9cf54fa56
La Liga 2,2026-10-03,2026-10-03 14:15:00,Almería,Burgos CF,1.93,1.75,,,1.91,a679281aa699ceac83444302fb168715,soccer_spain_segunda_division,1.8,7,0.0791,0.4852,1.0,0.6,0.4,0.8,0.6,0.0,0.2,8.8,2.0,9.4,2.2,0.2,0.6,0.4,0.4,,,,,4.0,3.8,12.4,17.8,1.656,1.3820000000000001,8.8,8.0,,,,,,,,,,,0.8,2.3707832208858903,0.5061618411284335,0.6748824548379114,0.3374412274189557,0.5061618411284335,0.6000000000000001,0.16872061370947786,0.3374412274189557,0.5061618411284335,0.3374412274189557,,14.0,9.18424753867792,26.857243319268637,0.22727272727272727,0.23404255319148937,0.23065764023210833,0.0,0.0,,,,,,,,,,,,,,,,,,,,,,0.0,,,,,,,,0.5181347150259068,0.5714285714285714,0.0895632864544782,0.16650226187737027,,,,,,,,,,0.47262554059471557,standard,0.47241424426235473,0.673763986459321,0.21101450468378438,0.6572978546578457,0.317338524952573,0.5181347150259068,0.5714285714285714,-0.045509174431191235,-0.04405411202328691,0.0,0.0,-0.08783270665219908,-0.07709469604075209,False,0.0,0.0,AVOID,AVOID,False,AVOID,0.0,-0.04405411202328691,UNDER,AVOID,False,1.97,1.72,0.04,-0.03,Neutral,10,2026-09-27T23:59:24Z,46d03e696240,dfa9cf54fa56
La Liga 2,2026-10-03,2026-10-03 16:30:00,Sabadell FC,Andorra CF,1.88,1.65,,,1.78,26e3612cb3a4a4cd144af369bd303dcd,soccer_spain_segunda_division,1.89,4,0.0909,0.515,1.0,0.2,0.6,1.4,2.4,0.0,0.6,13.8,2.0,13.2,4.4,0.6,0.6,0.6,0.4,,,,,6.0,3.0,13.8,18.0,1.95,1.3800000000000001,9.0,7.4,,,,,,,,,,,0.4,2.3707832208858903,0.16872061370947786,1.181044295966345,0.5061618411284335,2.024647364513734,1.2,0.5061618411284335,0.5061618411284335,0.5061618411284335,0.3374412274189557,8.0,,9.18424753867792,26.857243319268637,0.14492753623188406,0.33333333333333337,0.2391304347826087,0.0,0.0,,,,,,,,,,,,,,,,,,,,,,0.0,,,,,,,,0.5319148936170213,0.6060606060606061,0.13797549967762723,0.24277679280141484,,,,,,,,,,0.5135245412806573,standard,0.48151307511480834,0.7040308315870448,0.2520662943171401,0.7753544514244047,0.6137855435537654,0.5319148936170213,0.6060606060606061,-0.01839035233636399,-0.11958514734126335,0.0,0.0,-0.0345738623923643,-0.19731549311308452,False,0.0,0.0,AVOID,AVOID,False,AVOID,0.0,-0.01839035233636399,OVER,AVOID,False,1.88,1.65,0.0,0.0,Neutral,10,2026-09-27T23:59:24Z,46d03e696240,dfa9cf54fa56
La Liga 2,2026-10-03,2026-10-03 16:30:00,Cádiz CF,Leganés,2.07,1.53,,,1.83,9f27aea26a5eab74d32bd314de6117c8,soccer_spain_segunda_division,1.81,2,0.0989,0.4973,1.0,1.4,2.8,0.4,1.2,0.8,0.2,9.8,3.2,8.4,2.8,0.2,1.4,0.2,0.4,,,,,2.6,3.2,11.2,13.6,1.902,2.07,10.8,7.0,,,,,,,,,,,0.2,2.3707832208858903,1.181044295966345,0.3374412274189557,2.36208859193269,1.012323682256867,0.4,0.16872061370947786,0.16872061370947786,1.181044295966345,0.3374412274189557,,,9.18424753867792,26.857243319268637,0.32653061224489793,0.3333333333333333,0.3299319727891156,0.0,0.0,,,,,,,,,,,,,,,,,,,,,,0.0,,,,,,,,0.48309178743961356,0.6535947712418301,0.13668655868144364,0.26937891406058734,,,,,,,,,,0.4675745325195621,standard,0.503508505888974,0.6494528241431989,0.22100653320447214,0.618951895938637,0.265769025110728,0.48309178743961356,0.6535947712418301,-0.01551725492005146,-0.12116930376139223,0.0,0.0,-0.03212071768450652,-0.18538903475493013,False,0.0,0.0,AVOID,AVOID,False,AVOID,0.0,-0.01551725492005146,OVER,AVOID,False,2.07,1.53,0.0,0.0,Neutral,10,2026-09-27T23:59:24Z,46d03e696240,dfa9cf54fa56
La Liga 2,2026-10-04,2026-10-04 12:00:00,Real Sociedad B,Granada CF,1.97,1.72,,,1.73,0361dfed6e8b19c60cda9df605437447,soccer_spain_segunda_division,2.0,5,0.078,0.5362,1.0,1.8,2.0,1.2,2.0,1.0,0.8,11.8,4.4,15.2,4.4,1.2,0.6,0.4,1.4,,,,,4.0,4.0,16.8,12.0,1.584,1.306,9.2,6.2,,,,,,,,,,,0.4,2.3707832208858903,1.5184855233853007,1.012323682256867,1.6872061370947784,1.6872061370947784,1.6,1.012323682256867,0.3374412274189557,0.5061618411284335,1.181044295966345,,,9.18424753867792,26.857243319268637,0.3728813559322034,0.2894736842105263,0.33117752007136486,0.0,0.0,,,,,,,,,,,,,,,,,,,,,,0.0,,,,,,,,0.5076142131979695,0.5813953488372093,0.08900956203517874,0.5768099188731564,,,,,,,,,,0.5316172373737775,standard,0.5361985072379344,0.7060737428757726,0.27190021556734817,0.7753000250464178,0.6081536563661321,0.5076142131979695,0.5813953488372093,0.02400302417580802,-0.11301258621098687,0.0487484099240636,0.0,0.047285957626341794,-0.19438164828289742,False,0.0,0.0,AVOID,AVOID,False,AVOID,0.0,0.02400302417580802,OVER,AVOID,False,1.97,1.72,0.0,0.0,Neutral,4,2026-09-27T23:59:24Z,46d03e696240,dfa9cf54fa56
La Liga 2,2026-10-04,2026-10-04 14:15:00,Sporting Gijón,Celta Fortuna,1.7,1.95,,,1.76,429c16be4cc62dc2acb2799d91abd94a,soccer_spain_segunda_division,1.91,5,0.0917,0.5204,1.0,1.8,1.4,,,0.8,,7.2,3.0,,,,,,,,,,,,,,,1.902,,6.4,,,,,,,,,,,,0.45,2.3707832208858903,1.5184855233853007,,1.181044295966345,,0.0,,,,,,32.0,9.18424753867792,26.857243319268637,0.41666666666666663,,0.3733333333333333,0.0,0.0,,,,,,,,,,,,,,,,,,,,,,0.0,,,,,,,,0.5882352941176471,0.5128205128205129,0.10105580693815996,0.29627964655750216,,,,,,,,,,0.5404574726142077,standard,0.5734702355449798,0.7293083449570706,0.2745134023308751,0.06935405652554669,0.11090925364079474,0.5882352941176471,0.5128205128205129,-0.047777821503439344,-0.05327798543472062,0.0,0.0,-0.08122229655584688,-0.10389207159770521,False,0.0,0.0,AVOID,AVOID,False,AVOID,0.0,-0.047777821503439344,OVER,AVOID,True,1.7,1.95,0.0,0.0,Neutral,3,2026-09-27T23:59:24Z,46d03e696240,dfa9cf54fa56
La Liga 2,2026-10-04,2026-10-04 16:30:00,Las Palmas,Real Valladolid CF,1.87,1.77,,,1.79,f42371061db78b72824e768318c7e80b,soccer_spain_segunda_division,1.91,5,0.0822,0.5162,1.0,1.8,1.6,0.4,1.2,0.4,0.0,10.8,4.6,11.2,4.2,0.8,0.8,0.2,0.2,0.8,,0.2,,4.0,3.8,12.4,12.8,1.156,1.084,6.8,10.2,,,,,1.0,1.0,0.3333333333333333,,,,0.2,2.3707832208858903,1.5184855233853007,0.3374412274189557,1.3497649096758229,1.012323682256867,1.0,0.6748824548379114,0.16872061370947786,0.6748824548379114,0.16872061370947786,,31.0,9.18424753867792,26.857243319268637,0.4259259259259259,0.37500000000000006,0.40046296296296297,0.0,0.0,,,,,,,,,,,,,,,,,,,,,,0.0,,,,,,,,0.53475935828877,0.5649717514124294,0.09973110970119947,0.37728625000368354,,,,,,,,,,0.5208505617258158,standard,0.5264851017924065,0.7176036053911384,0.24116090753927166,0.7057588203962497,0.46136832894258484,0.53475935828877,0.5649717514124294,-0.013908796562954184,-0.08582231313824518,0.0,0.0,-0.026009449572724327,-0.15190549425469396,False,0.0,0.0,AVOID,AVOID,False,AVOID,0.0,-0.013908796562954184,OVER,AVOID,False,1.87,1.77,0.0,0.0,Neutral,3,2026-09-27T23:59:24Z,46d03e696240,dfa9cf54fa56
La Liga 2,2026-10-04,2026-10-04 19:00:00,Girona FC,Mallorca,1.83,1.8,,,1.68,04ec46217ab498eea210d1e96ead781c,soccer_spain_segunda_division,2.0,5,0.0952,0.5435,1.0,1.2,1.0,0.8,0.8,0.6,0.2,10.6,4.0,12.4,4.2,1.2,0.4,0.4,0.4,,0.5714285714285714,,0.14285714285714285,3.6,5.2,10.4,11.6,1.925,1.23,13.2,7.333333333333333,,,,,,,,0.3333333333333333,0.6666666666666666,0.6666666666666666,0.8,2.3707832208858903,1.012323682256867,0.6748824548379114,0.8436030685473892,0.6748824548379114,1.6,1.012323682256867,0.3374412274189557,0.3374412274189557,0.3374412274189557,7.0,14.0,9.18424753867792,26.857243319268637,0.37735849056603776,0.33870967741935487,0.3580340839926963,0.0,0.0,,,,,,,,,,,,,,,,,,,,,,0.0,,,,,,,,0.5464480874316939,0.5555555555555556,0.10200364298724951,0.3233235838169365,,,,,,,,,,0.5026261674394715,standard,0.44335933104492864,0.6785078783088655,0.2139919275267221,0.7901000489391736,0.6446034232772917,0.5464480874316939,0.5555555555555556,-0.0438219199922224,-0.05818172299502711,0.0,0.0,-0.080194113585767,-0.1047271013910488,False,0.0,0.0,AVOID,AVOID,False,AVOID,0.0,-0.0438219199922224,OVER,AVOID,False,1.83,1.8,0.0,0.0,Neutral,2,2026-09-27T23:59:24Z,46d03e696240,dfa9cf54fa56
Ireland Premier Division,2026-10-02,2026-10-02 18:45:00,Dundalk,Bohemians,1.58,2.22,,2.3,1.5,9395310b961bef64848d22603bbcb67f,soccer_league_of_ireland,2.45,7,0.0748,0.6203,1.0,2.0,1.8,2.2,1.0,0.6,0.6,11.6,3.6,12.8,4.0,1.0,0.4,0.6,0.6,0.4,0.5,0.2,0.3,5.6,3.8,13.0,10.8,1.2,1.232,7.8,8.4,,,,,1.5384615384615385,1.5384615384615385,0.23076923076923078,1.7142857142857142,1.2857142857142858,0.42857142857142855,0.6,2.4846796657381613,1.6098654708520181,1.77085201793722,1.4488789237668163,0.8049327354260091,1.6,0.8049327354260091,0.4829596412556054,0.32197309417040365,0.4829596412556054,32.0,,10.02020202020202,22.9023569023569,0.3103448275862069,0.3125,0.3114224137931034,0.0,0.0,,,,,,,,,,,,,,,,,,,,,,0.0,,,,,,,,0.6329113924050632,0.4504504504504504,0.08336184285551362,0.7897620129769025,,,,,,,,,,0.5353096107866848,new_format,0.5891258739160921,0.7715812962489076,0.3130657921620677,,,0.6329113924050632,0.4504504504504504,-0.0976017816183784,0.014239938762864779,0.0,0.025912019716032603,-0.1542108149570379,0.031612664053559815,False,0.0,0.0,AVOID,AVOID,False,AVOID,0.0,0.014239938762864779,UNDER,AVOID,False,1.58,2.22,0.0,0.0,Neutral,15,2026-09-27T23:59:24Z,46d03e696240,dfa9cf54fa56
Argentina Primera Division,2026-10-02,2026-10-02 22:15:00,Independiente,Instituto de Córdoba,2.52,1.5,1.52,,2.08,8271594ff99b4850f5d30712ce212291,soccer_argentina_primera_division,1.67,5,0.0796,0.4453,1.0,1.6,0.6,,,0.4,,15.2,4.6,,,0.6,1.0,,,0.7777777777777778,,0.3333333333333333,,5.2,,10.4,,1.798,,5.4,,,,,,1.3529411764705883,1.2352941176470589,0.4117647058823529,,,,0.45,2.1753109598685754,1.4710540511382026,,0.551645269176826,,0.6,0.551645269176826,,0.9194087819613767,,,,9.438536306460835,26.003999999999998,0.3026315789473684,,0.3163157894736842,0.0,0.0,,,,,,,,,,,,,,,,,,,,,,0.0,,,,,,,,0.3968253968253968,0.6666666666666666,0.06349206349206349,0.24277679280141495,,,,,,,,,,0.42176838856582316,new_format,0.5633404488527501,0.7277339887099047,0.2603757427844958,,,0.3968253968253968,0.6666666666666666,0.024942991740426357,-0.08843505523248985,0.04135285472754895,0.0,0.06285633918587442,-0.13265258284873477,False,0.0,0.0,AVOID,AVOID,False,AVOID,0.0,0.024942991740426357,OVER,AVOID,True,2.52,1.5,0.0,0.0,Neutral,14,2026-09-27T23:59:24Z,46d03e696240,dfa9cf54fa56
Argentina Primera Division,2026-10-03,2026-10-03 00:30:00,Boca Juniors,Union Santa Fe,2.1,1.63,,,2.09,18b5e381f47a18bc09b563be159c8410,soccer_argentina_primera_division,1.665,4,0.0791,0.4434,1.0,1.6,1.2,1.0,1.6,0.4,0.4,12.4,4.4,11.8,4.0,0.2,0.6,0.0,0.6,0.6666666666666666,0.7,0.1111111111111111,0.1,3.8,3.8,9.0,13.6,0.792,1.44,4.8,8.2,,,,,1.1875,0.4375,0.5625,1.4285714285714286,1.7142857142857142,0.0,1.0,2.1753109598685754,1.4710540511382026,0.9194087819613767,1.103290538353652,1.4710540511382026,0.2,0.18388175639227533,0.0,0.551645269176826,0.551645269176826,7.0,7.0,9.438536306460835,26.003999999999998,0.3548387096774194,0.3389830508474576,0.3469108802624385,0.0,0.0,,,,,,,,,,,,,,,,,,,,,,0.0,,,,,,,,0.47619047619047616,0.6134969325153374,0.08968740870581371,0.48157042406394945,,,,,,,,,,0.4138713945236699,new_format,0.5301464089049749,0.7256779958968516,0.22507084670599511,,,0.47619047619047616,0.6134969325153374,-0.062319081666806275,-0.027368327039007267,0.0,0.0,-0.13087007150029317,-0.044610373073581844,False,0.0,0.0,AVOID,AVOID,False,AVOID,0.0,-0.027368327039007267,UNDER,AVOID,False,2.1,1.63,0.0,0.0,Neutral,5,2026-09-27T23:59:24Z,46d03e696240,dfa9cf54fa56
Argentina Primera Division,2026-10-03,2026-10-03 00:30:00,Independiente Rivadavia,Gimnasia La Plata,1.96,1.84,,,1.85,a2d74fa3b2e3d3d3f8cada446c2108b4,soccer_argentina_primera_division,1.85,5,0.0811,0.5,1.0,1.6,0.6,,,0.4,,15.2,4.6,,,0.6,1.0,,,,,,,5.2,,10.4,,1.798,,5.4,,,,,,,,,,,,0.45,2.1753109598685754,1.4710540511382026,,0.551645269176826,,0.6,0.551645269176826,,0.9194087819613767,,32.0,7.0,9.438536306460835,26.003999999999998,0.3026315789473684,,0.3163157894736842,0.0,0.0,,,,,,,,,,,,,,,,,,,,,,0.0,,,,,,,,0.5102040816326531,0.5434782608695652,0.05368234250221837,0.24277679280141495,,,,,,,,,,0.42000081607186185,new_format,0.5582473435153231,0.7196789638336406,0.26218274388879187,,,0.5102040816326531,0.5434782608695652,-0.09020326556079122,0.03652092305857302,0.0,0.0799982124140171,-0.1767984004991508,0.06719849842777435,False,0.0,1.0,AVOID,VALUABLE,False,AVOID,0.0,0.03652092305857302,UNDER,AVOID,True,1.96,1.84,0.0,0.0,Neutral,13,2026-09-27T23:59:24Z,46d03e696240,dfa9cf54fa56
Argentina Primera Division,2026-10-03,2026-10-03 17:45:00,Defensa y Justicia,San Lorenzo,2.68,1.46,1.55,,2.13,0c3b2822c323d49c67dfb118d2bd66c8,soccer_argentina_primera_division,1.63,5,0.083,0.4335,1.0,1.4,1.2,0.2,0.6,0.6,0.0,13.2,4.6,8.8,2.0,0.2,0.4,0.2,0.6,0.4,0.6666666666666666,0.2,0.1111111111111111,5.2,2.4,13.4,10.6,1.8239999999999998,1.24,9.2,10.8,,,,,1.1666666666666667,1.1111111111111112,0.2777777777777778,0.4,0.55,0.45,0.6,2.1753109598685754,1.2871722947459272,0.18388175639227533,1.103290538353652,0.551645269176826,0.4,0.18388175639227533,0.18388175639227533,0.36776351278455066,0.551645269176826,,,9.438536306460835,26.003999999999998,0.34848484848484845,0.22727272727272727,0.28787878787878785,0.0,0.0,,,,,,,,,,,,,,,,,,,,,,0.0,,,,,,,,0.3731343283582089,0.684931506849315,0.058065835207524064,0.24277679280141484,,,,,,,,,,0.3632676289561633,new_format,0.4498799935376579,0.6502282146051928,0.21947561265684376,,,0.3731343283582089,0.684931506849315,-0.009866699402045598,-0.04819913580547841,0.0,0.0,-0.026442754397482202,-0.07037073827599848,False,0.0,0.0,AVOID,AVOID,False,AVOID,0.0,-0.009866699402045598,OVER,AVOID,False,2.68,1.46,0.0,0.0,Neutral,9,2026-09-27T23:59:24Z,46d03e696240,dfa9cf54fa56
Argentina Primera Division,2026-10-03,2026-10-03 20:00:00,Atlético Tucuman,Barracas Central,2.85,1.41,1.61,,2.37,d6d153e51e6a634e23ea438909779061,soccer_argentina_primera_division,1.53,5,0.0755,0.3923,1.0,0.8,0.2,0.6,0.6,0.0,0.0,8.8,2.4,12.4,4.8,0.0,0.2,0.0,1.0,,0.7,,0.4,3.6,2.2,13.4,13.4,0.916,1.1860000000000002,7.6,10.4,,,,,,,,0.875,0.75,0.375,0.2,2.1753109598685754,0.7355270255691013,0.551645269176826,0.18388175639227533,0.551645269176826,0.0,0.0,0.0,0.18388175639227533,0.9194087819613767,7.0,32.0,9.438536306460835,26.003999999999998,0.2727272727272727,0.3870967741935484,0.32991202346041054,0.0,0.0,,,,,,,,,,,,,,,,,,,,,,0.0,,,,,,,,0.3508771929824561,0.7092198581560284,0.0600970511384844,0.16650226187737027,,,,,,,,,,0.34477349930667023,new_format,0.46614974211224286,0.6422034671328596,0.21217572233568133,,,0.3508771929824561,0.7092198581560284,-0.006103693675785893,-0.05399335746269862,0.0,0.0,-0.017395526975989794,-0.07613063402240505,False,0.0,0.0,AVOID,AVOID,False,AVOID,0.0,-0.006103693675785893,OVER,AVOID,False,2.85,1.41,0.0,0.0,Neutral,8,2026-09-27T23:59:24Z,46d03e696240,dfa9cf54fa56
Argentina Primera Division,2026-10-03,2026-10-03 20:00:00,Newells Old Boys,Lanus,2.68,1.46,1.56,,2.13,2af9d1ce2cc79e9caa358954abd751cf,soccer_argentina_primera_division,1.62,5,0.0868,0.432,1.0,0.6,0.8,1.6,1.0,0.2,0.8,12.4,4.6,9.8,2.6,0.0,0.8,0.2,0.6,0.7,0.7,0.4,0.1,4.2,2.2,9.2,13.6,0.9940000000000001,1.074,8.4,5.4,,,,,1.125,0.9375,0.375,1.1875,1.25,0.25,0.8,2.1753109598685754,0.551645269176826,1.4710540511382026,0.7355270255691013,0.9194087819613767,0.2,0.0,0.18388175639227533,0.7355270255691013,0.551645269176826,14.0,,9.438536306460835,26.003999999999998,0.3709677419354838,0.2653061224489796,0.3181369321922317,0.0,0.0,,,,,,,,,,,,,,,,,,,,,,0.0,,,,,,,,0.3731343283582089,0.684931506849315,0.058065835207524064,0.37728625000368377,,,,,,,,,,0.4252836322218993,new_format,0.491528911133501,0.6853568941757542,0.21595290299100903,,,0.3731343283582089,0.684931506849315,0.05214930386369038,-0.11021513907121439,0.0831905561635061,0.0,0.13976013435469023,-0.160914103043973,False,1.0,0.0,VALUABLE,AVOID,False,OVER,1.0,0.05214930386369038,OVER,VALUABLE,False,2.68,1.46,0.0,0.0,Neutral,8,2026-09-27T23:59:24Z,46d03e696240,dfa9cf54fa56
Argentina Primera Division,2026-10-04,2026-10-04 17:45:00,Atlético Huracán,Aldosivi Mar del Plata,2.54,1.52,,,2.33,aa690fd7e46982c83048052821dc9cc6,soccer_argentina_primera_division,1.53,5,0.0828,0.3964,1.0,1.2,1.0,1.2,2.0,0.2,0.6,9.0,2.8,10.0,3.4,0.6,0.8,,,,,,,4.4,3.0,10.4,15.0,1.0,1.3559999999999999,6.0,7.8,,,,,,,,,,,0.8,2.1753109598685754,1.103290538353652,1.103290538353652,0.9194087819613767,1.8388175639227533,0.6,0.551645269176826,,0.7355270255691013,,14.0,,9.438536306460835,26.003999999999998,0.3111111111111111,0.33999999999999997,0.32555555555555554,0.0,0.0,,,,,,,,,,,,,,,,,,,,,,0.0,,,,,,,,0.39370078740157477,0.6578947368421053,0.05159552424368008,0.4302912533424892,,,,,,,,,,0.41488118109911476,new_format,0.5147223912311141,0.7114072671709559,0.22830794186470504,,,0.39370078740157477,0.6578947368421053,0.02118039369753999,-0.07277591794122007,0.03493389609853994,0.0,0.053798199991751575,-0.11061939527065451,False,0.0,0.0,AVOID,AVOID,False,AVOID,0.0,0.02118039369753999,OVER,AVOID,False,2.54,1.52,0.0,0.0,Neutral,7,2026-09-27T23:59:24Z,46d03e696240,dfa9cf54fa56
Argentina Primera Division,2026-10-04,2026-10-04 20:00:00,Talleres,Belgrano de Cordoba,2.52,1.52,1.5,,2.07,b572ad6feac72764dd496ddd90f019ce,soccer_argentina_primera_division,1.67,5,0.0819,0.4465,1.0,1.4,2.0,,,0.8,,13.4,4.4,,,0.6,0.4,,,,,,,2.0,,11.4,,1.0180000000000002,,7.0,,,,,,,,,,,,0.45,2.1753109598685754,1.2871722947459272,,1.8388175639227533,,0.6,0.551645269176826,,0.36776351278455066,,,,9.438536306460835,26.003999999999998,0.3283582089552239,,0.32917910447761195,0.0,0.0,,,,,,,,,,,,,,,,,,,,,,0.0,,,,,,,,0.3968253968253968,0.6578947368421053,0.05472013366750206,0.19115316946194183,,,,,,,,,,0.39420999125974443,new_format,0.5039504955687975,0.6568176998351275,0.23174602925444493,,,0.3968253968253968,0.6578947368421053,-0.0026154055656523734,-0.05210472810184974,0.0,0.0,-0.006590822025443981,-0.0791991867148116,False,0.0,0.0,AVOID,AVOID,False,AVOID,0.0,-0.0026154055656523734,OVER,AVOID,True,2.52,1.52,0.0,0.0,Neutral,2,2026-09-27T23:59:24Z,46d03e696240,dfa9cf54fa56
Argentina Primera Division,2026-10-04,2026-10-04 22:15:00,Argentinos Juniors,CA Tigre BA,2.52,1.5,1.52,,2.22,fd73ff6279d08f38434fb0c4fca0f065,soccer_argentina_primera_division,1.59,5,0.0794,0.4173,1.0,,,1.8,1.4,,0.8,,,9.4,3.2,,,0.6,0.2,,,,,,3.0,,10.0,,0.908,,6.8,,,,,,,,,,,0.6,2.1753109598685754,,1.654935807530478,,1.2871722947459272,0.6,,0.551645269176826,,0.18388175639227533,,7.0,9.438536306460835,26.003999999999998,,0.3404255319148936,0.34521276595744677,0.0,0.0,,,,,,,,,,,,,,,,,,,,,,0.0,,,,,,,,0.3968253968253968,0.6666666666666666,0.06349206349206349,0.29627964655750205,,,,,,,,,,0.4340767832204806,new_format,0.5300316679936689,0.736512278916488,0.2482945974544299,,,0.3968253968253968,0.6666666666666666,0.037251386395083796,-0.10074344988714723,0.061758877444481025,0.0,0.09387349371561117,-0.15111517483072084,False,1.0,0.0,VALUABLE,AVOID,False,AVOID,0.0,0.037251386395083796,OVER,AVOID,True,2.52,1.5,0.0,0.0,New,1,2026-09-27T23:59:24Z,46d03e696240,dfa9cf54fa56
Brazil Serie A,2026-10-02,2026-10-02 23:00:00,Sao Paulo,Santos,2.0,1.72,,,1.83,bf5e804636b32bc84559397755275753,soccer_brazil_campeonato,1.91,8,0.07,0.5107,1.0,0.6,1.4,2.4,0.6,0.2,0.8,11.2,2.6,10.8,3.8,0.4,1.4,0.2,0.4,0.7,0.6,0.5,0.3,4.2,6.0,14.6,11.2,1.04,0.828,5.8,4.2,,,,,1.6,0.8,0.3333333333333333,1.6,1.6666666666666667,0.26666666666666666,0.4,2.4441517386722866,0.4909678810088381,1.9638715240353524,1.1455917223539556,0.4909678810088381,0.6000000000000001,0.32731192067255876,0.16365596033627938,1.1455917223539556,0.32731192067255876,,,10.33615116857285,28.55864811133201,0.23214285714285718,0.3518518518518518,0.2919973544973545,0.0,0.0,,,,,,,,,,,,,,,,,,,,,,0.0,,,,,,,,0.5,0.5813953488372093,0.08139534883720945,0.5768099188731565,,,,,,,,,,0.5133916242870098,new_format,0.5525707786522595,0.7553367679272899,0.27676496972167264,,,0.5,0.5813953488372093,0.013391624287009796,-0.09478697312421913,0.02678324857401959,0.0,0.02678324857401959,-0.1630335937736569,False,0.0,0.0,AVOID,AVOID,False,AVOID,0.0,0.013391624287009796,OVER,AVOID,False,2.0,1.72,0.0,0.0,Neutral,14,2026-09-27T23:59:24Z,46d03e696240,dfa9cf54fa56
Brazil Serie A,2026-10-03,2026-10-03 21:30:00,Atletico Mineiro,Bragantino-SP,1.93,1.79,,,1.75,06ec8fc327d7d28f601dc60796a20c65,soccer_brazil_campeonato,1.9649999999999999,8,0.0803,0.5289,1.0,,,1.0,1.4,,0.4,,,10.4,4.2,,,0.4,0.6,,,,,,9.0,,14.4,,1.1480000000000001,,7.6,,,,,,,,,,,0.4,2.4441517386722866,,0.8182798016813968,,1.1455917223539556,0.4,,0.32731192067255876,,0.4909678810088381,,,10.33615116857285,28.55864811133201,,0.40384615384615385,0.3769230769230769,0.0,0.0,,,,,,,,,,,,,,,,,,,,,,0.0,,,,,,,,0.5181347150259068,0.5586592178770949,0.07679393290300185,0.09958371859669479,,,,,,,,,,0.43397536625470584,new_format,0.5466321204905289,0.7226375604376832,0.24853784433048542,,,0.5181347150259068,0.5586592178770949,-0.08415934877120096,0.0073654158681991655,0.0,0.01668872709376769,-0.16242754312841784,0.013184094404076507,False,0.0,0.0,AVOID,AVOID,False,AVOID,0.0,0.0073654158681991655,UNDER,AVOID,True,1.93,1.79,0.0,0.0,Neutral,8,2026-09-27T23:59:24Z,46d03e696240,dfa9cf54fa56
Mexico Liga MX,2026-09-28,2026-09-28 01:00:00,León,FC Juárez,1.53,2.07,,,1.75,ff6c63cbb206a7a97ec67150d4ce7f5d,soccer_mexico_ligamx,2.005,8,0.0702,0.534,1.0,1.0,1.4,0.4,2.8,0.6,0.6,12.8,4.4,8.6,2.6,0.6,0.8,0.8,0.0,,,,,5.2,2.4,10.8,10.2,0.7199999999999999,0.5559999999999999,5.8,5.6,,,,,,,,,,,0.2,2.7034068136272547,0.7398072646404744,0.29592290585618974,1.0357301704966642,2.0714603409933283,1.4,0.4438843587842846,0.5918458117123795,0.5918458117123795,0.0,,,9.716269841269842,25.70720423000661,0.34375,0.3023255813953489,0.32303779069767447,0.0,0.0,,,,,,,,,,,,,,,,,,,,,,0.0,,,,,,,,0.6535947712418301,0.48309178743961356,0.13668655868144364,0.16650226187737005,,,,,,,,,,0.5818057314523509,new_format,0.47602645258997944,0.7347080603690572,0.3103144938347279,,,0.6535947712418301,0.48309178743961356,-0.07178903978947915,-0.06489751889196449,0.0,0.0,-0.10983723087790309,-0.13433786410636647,False,0.0,0.0,AVOID,AVOID,False,AVOID,0.0,-0.06489751889196449,UNDER,AVOID,False,1.47,2.2,-0.06,0.13,Confirmed,44,2026-09-27T23:59:24Z,46d03e696240,dfa9cf54fa56
Mexico Liga MX,2026-09-28,2026-09-28 03:10:00,Necaxa,América,1.62,2.07,,,1.5750000000000002,84024442d39419a738d8c2382d3ff73e,soccer_mexico_ligamx,2.2,8,0.0895,0.5828,1.0,1.0,1.8,1.6,1.2,0.4,0.4,13.2,4.0,14.8,6.2,0.4,0.6,1.4,0.6,0.7,,0.4,,3.8,7.4,12.0,10.2,1.2120000000000002,1.1720000000000002,7.2,6.0,,,,,1.0,1.75,0.0,,,,1.0,2.7034068136272547,0.7398072646404744,1.183691623424759,1.331653076352854,0.8877687175685692,1.7999999999999998,0.29592290585618974,1.0357301704966642,0.4438843587842846,0.4438843587842846,7.0,,9.716269841269842,25.70720423000661,0.30303030303030304,0.4189189189189189,0.360974610974611,0.0,0.0,,,,,,,,,,,,,,,,,,,,,,0.0,,,,,,,,0.6172839506172839,0.48309178743961356,0.10037573805689748,0.48157042406394956,,,,,,,,,,0.48710023927849666,new_format,0.5573479109339265,0.7598542294002869,0.27002914000773776,,,0.6172839506172839,0.48309178743961356,-0.13018371133878726,0.029807973281889777,0.0,0.05766589223692692,-0.21089761236883536,0.06170250469351184,False,0.0,0.0,AVOID,AVOID,False,AVOID,0.0,0.029807973281889777,UNDER,AVOID,False,1.63,2.06,0.01,-0.01,Neutral,43,2026-09-27T23:59:24Z,46d03e696240,dfa9cf54fa56
USA MLS,2026-09-30,2026-09-30 23:30:00,New York Red Bulls,St. Louis City SC,1.4,2.75,,1.98,1.4,49ef4ef7906ae352c937b46ce34a5493,soccer_usa_mls,2.75,7,0.0779,0.6627,1.0,0.6,0.8,2.4,1.2,0.2,0.8,9.6,2.8,12.6,4.0,0.8,0.2,0.2,0.8,0.6,,0.4,,6.4,4.6,13.2,13.2,1.31,0.8320000000000001,6.4,7.0,,,,,1.7692307692307692,2.1538461538461537,0.07692307692307693,,,,1.0,2.994439295644115,0.40074280408542245,1.6029712163416898,0.5343237387805634,0.8014856081708449,1.0,0.5343237387805634,0.13358093469514085,0.13358093469514085,0.5343237387805634,,,9.95489749430524,23.836976320582878,0.2916666666666667,0.31746031746031744,0.3045634920634921,0.0,0.0,,,,,,,,,,,,,,,,,,,,,,0.0,,,,,,,,0.7142857142857143,0.36363636363636365,0.07792207792207795,0.5768099188731565,,,,,,,,,,0.5675926624470704,new_format,0.5997355279169302,0.7986251259990358,0.3587715427156058,,,0.7142857142857143,0.36363636363636365,-0.1466930518386439,0.06877097391656595,0.0,0.1080686732974608,-0.20537027257410145,0.18912017827055635,False,0.0,1.0,AVOID,VALUABLE,False,UNDER,1.0,0.06877097391656595,UNDER,VALUABLE,False,1.4,2.75,0.0,0.0,Neutral,7,2026-09-27T23:59:24Z,46d03e696240,dfa9cf54fa56
USA MLS,2026-10-02,2026-10-02 01:30:00,Seattle Sounders FC,Sporting Kansas City,1.37,3.05,,1.9,1.48,c68442e0bfc400d8e7ee97ec662e13e0,soccer_usa_mls,2.5,9,0.0757,0.6281,1.0,1.4,1.6,1.0,2.8,0.4,0.8,11.2,2.8,10.0,3.4,0.4,0.4,0.2,1.4,,0.8571428571428571,,0.42857142857142855,3.8,5.4,11.2,15.4,2.1420000000000003,1.154,8.8,3.4,,,,,,,,1.375,2.625,0.0,0.4,2.994439295644115,0.9350665428659858,0.6679046734757041,1.0686474775611268,1.8701330857319716,0.6000000000000001,0.2671618693902817,0.13358093469514085,0.2671618693902817,0.9350665428659858,,,9.95489749430524,23.836976320582878,0.25,0.33999999999999997,0.295,0.0,0.0,,,,,,,,,,,,,,,,,,,,,,0.0,,,,,,,,0.7299270072992701,0.3278688524590164,0.05779585975828638,0.4302912533424894,,,,,,,,,,0.608293052148406,new_format,0.5584703551655334,0.798449648260759,0.3238105994524721,,,0.7299270072992701,0.3278688524590164,-0.12163395515086406,0.06383809539257757,0.0,0.09497862973042032,-0.16663851855668377,0.19470619094736155,False,0.0,1.0,AVOID,VALUABLE,False,UNDER,1.0,0.06383809539257757,UNDER,MARKSMAN,False,1.34,3.2,-0.03,0.15,Confirmed,19,2026-09-27T23:59:24Z,46d03e696240,dfa9cf54fa56
