date,league,match,market,opening_odds,current_odds,drift_pct,signal,steam,consensus_pct,n_books,snapshots,updated_at
2026-10-04,La Liga 2,Sabadell FC vs Andorra CF,1X2 AWAY (Andorra CF),4.1,3.85,-6.1,STEAM_SHARP,True,100,11,2,2026-10-04 17:54
2026-10-04,Argentina Primera Division,Talleres vs Belgrano de Cordoba,O/U 2.5 OVER,3.15,2.42,-23.2,STRONG,False,90,6,46,2026-10-04 17:54
2026-10-10,Norway Eliteserien,Bodø/Glimt vs Kristiansund BK,1X2 AWAY (Kristiansund BK),23.695,19.25,-18.8,STRONG,False,0,16,27,2026-10-04 17:54
2026-10-10,USA MLS,Philadelphia Union vs Real Salt Lake,1X2 AWAY (Real Salt Lake),7.5,6.13,-18.3,STRONG,False,10,18,25,2026-10-04 17:54
2026-10-10,USA MLS,New York Red Bulls vs San Diego FC,1X2 AWAY (San Diego FC),2.9,2.4,-17.2,STRONG,False,0,17,25,2026-10-04 17:54
2026-10-07,USA MLS,Chicago Fire vs Vancouver Whitecaps FC,1X2 HOME (Chicago Fire),3.3,2.74,-17.0,STRONG,False,90,20,37,2026-10-04 17:54
2026-10-10,USA MLS,Charlotte FC vs FC Dallas,1X2 AWAY (FC Dallas),3.5,2.955,-15.6,STRONG,False,0,18,25,2026-10-04 17:54
2026-10-10,USA MLS,New England Revolution vs Seattle Sounders FC,O/U 2.5 UNDER,2.85,2.42,-15.1,STRONG,False,0,3,25,2026-10-04 17:54
2026-10-10,China Super League,Chengdu Rongcheng FC vs Tianjin Jinmen Tiger FC,1X2 AWAY (Tianjin Jinmen Tiger FC),5.08,4.33,-14.8,STRONG,False,0,14,6,2026-10-04 17:54
2026-10-10,League One,Huddersfield Town vs Sheffield Wednesday,1X2 HOME (Huddersfield Town),2.035,1.785,-12.3,STRONG,False,10,12,26,2026-10-04 17:54
2026-10-11,USA MLS,St. Louis City SC vs LA Galaxy,1X2 AWAY (LA Galaxy),4.9,4.35,-11.2,STRONG,False,0,15,21,2026-10-04 17:54
2026-10-11,USA MLS,Colorado Rapids vs San Jose Earthquakes,1X2 AWAY (San Jose Earthquakes),3.9,3.5,-10.3,STRONG,False,10,17,24,2026-10-04 17:54
2026-10-10,Argentina Primera Division,Union Santa Fe vs Defensa y Justicia,1X2 HOME (Union Santa Fe),2.25,2.03,-9.8,SHARP,False,0,13,23,2026-10-04 17:54
2026-10-10,USA MLS,Philadelphia Union vs Real Salt Lake,O/U 2.5 UNDER,3.25,2.95,-9.2,SHARP,True,90,3,25,2026-10-04 17:54
2026-10-10,Argentina Primera Division,Barracas Central vs Atlético Huracán,1X2 DRAW (Draw),2.92,2.65,-9.2,SHARP,False,0,11,23,2026-10-04 17:54
2026-10-10,League One,Notts County vs Oxford United,1X2 HOME (Notts County),2.775,2.52,-9.2,SHARP,False,0,14,26,2026-10-04 17:54
2026-10-10,USA MLS,Inter Miami CF vs D.C. United,O/U 2.5 UNDER,3.8,3.45,-9.2,SHARP,False,0,3,25,2026-10-04 17:54
2026-10-10,USA MLS,Toronto FC vs CF Montreal,1X2 AWAY (CF Montreal),3.8,3.45,-9.2,SHARP,False,10,19,27,2026-10-04 17:54
2026-10-09,Ireland Premier Division,Shelbourne Dublin vs Sligo Rovers,1X2 AWAY (Sligo Rovers),7.7,7.0,-9.1,SHARP,False,0,15,11,2026-10-04 17:54
2026-10-06,Argentina Primera Division,Banfield vs Rosario Central,O/U 2.5 OVER,2.35,2.135,-9.1,SHARP,False,0,4,42,2026-10-04 17:54
2026-10-10,League One,Milton Keynes Dons vs Reading,1X2 AWAY (Reading),2.5,2.28,-8.8,SHARP,False,0,14,26,2026-10-04 17:54
2026-10-04,La Liga 2,Girona FC vs Mallorca,1X2 AWAY (Mallorca),3.15,2.885,-8.4,SHARP,False,10,20,22,2026-10-04 17:54
2026-10-05,Argentina Primera Division,Estudiantes vs Gimnasia Mendoza,1X2 AWAY (Gimnasia Mendoza),5.55,5.09,-8.3,SHARP,False,10,14,42,2026-10-04 17:54
2026-10-13,Brazil Serie A,Bragantino-SP vs Cruzeiro,O/U 2.5 UNDER,2.15,1.98,-7.9,SHARP,False,10,11,18,2026-10-04 17:54
2026-10-10,Austrian Bundesliga,Grazer AK vs RB Salzburg,1X2 HOME (Grazer AK),6.0,5.55,-7.5,SHARP,False,90,14,27,2026-10-04 17:54
2026-10-05,Argentina Primera Division,Estudiantes vs Gimnasia Mendoza,O/U 2.5 OVER,2.32,2.15,-7.3,SHARP,False,0,8,42,2026-10-04 17:54
2026-10-11,Brazil Serie A,Flamengo vs Fluminense,1X2 AWAY (Fluminense),8.75,8.15,-6.9,SHARP,False,10,16,22,2026-10-04 17:54
2026-10-10,League One,Mansfield Town vs Bromley FC,1X2 HOME (Mansfield Town),1.84,1.715,-6.8,SHARP,False,90,14,26,2026-10-04 17:54
2026-10-10,Argentina Primera Division,Central Córdoba vs Estudiantes,1X2 HOME (Central Córdoba),3.7,3.45,-6.8,SHARP,False,0,11,23,2026-10-04 17:54
2026-10-05,Argentina Primera Division,Velez Sarsfield BA vs Platense,O/U 2.5 OVER,3.05,2.85,-6.6,SHARP,False,10,2,41,2026-10-04 17:54
2026-10-10,League One,Huddersfield Town vs Sheffield Wednesday,O/U 2.5 OVER,1.68,1.57,-6.5,SHARP,False,0,7,26,2026-10-04 17:54
2026-10-07,Brazil Serie A,Botafogo vs Vasco da Gama,1X2 AWAY (Vasco da Gama),2.62,2.45,-6.5,SHARP,False,0,20,34,2026-10-04 17:54
2026-10-09,Argentina Primera Division,Gimnasia La Plata vs Atlético Tucuman,1X2 HOME (Gimnasia La Plata),2.22,2.08,-6.3,SHARP,False,0,13,23,2026-10-04 17:54
2026-10-11,USA MLS,Colorado Rapids vs San Jose Earthquakes,O/U 2.5 UNDER,2.58,2.42,-6.2,SHARP,False,0,3,24,2026-10-04 17:54
2026-10-10,China Super League,Qingdao Hainiu FC vs Beijing FC,1X2 DRAW (Draw),4.8,4.5,-6.2,SHARP,False,0,5,6,2026-10-04 17:54
2026-10-11,Brazil Serie A,Flamengo vs Fluminense,1X2 DRAW (Draw),4.95,4.65,-6.1,SHARP,False,10,16,22,2026-10-04 17:54
2026-10-10,USA MLS,New England Revolution vs Seattle Sounders FC,1X2 AWAY (Seattle Sounders FC),3.83,3.6,-6.0,SHARP,False,0,17,25,2026-10-04 17:54
2026-10-10,League One,Doncaster Rovers vs Burton Albion,1X2 HOME (Doncaster Rovers),1.76,1.655,-6.0,SHARP,False,100,14,27,2026-10-04 17:54
2026-10-10,China Super League,Chengdu Rongcheng FC vs Tianjin Jinmen Tiger FC,1X2 DRAW (Draw),4.3,4.05,-5.8,SHARP,False,0,14,6,2026-10-04 17:54
2026-10-11,Brazil Serie A,Flamengo vs Fluminense,O/U 2.5 UNDER,2.225,2.1,-5.6,SHARP,False,10,11,22,2026-10-04 17:54
2026-10-07,USA MLS,Chicago Fire vs Vancouver Whitecaps FC,O/U 2.5 UNDER,2.75,2.6,-5.5,SHARP,False,0,1,37,2026-10-04 17:54
2026-10-04,La Liga 2,Girona FC vs Mallorca,1X2 DRAW (Draw),3.4,3.215,-5.4,SHARP,False,10,20,22,2026-10-04 17:54
2026-10-10,Finland Veikkausliiga,IFK Mariehamn vs Ilves Tampere,1X2 HOME (IFK Mariehamn),3.1,2.94,-5.2,SHARP,False,0,11,27,2026-10-04 17:54
2026-10-10,League One,Stockport County FC vs Barnsley,1X2 AWAY (Barnsley),6.6,6.255,-5.2,SHARP,False,0,14,27,2026-10-04 17:54
2026-10-09,Argentina Primera Division,Gimnasia La Plata vs Atlético Tucuman,O/U 2.5 OVER,2.48,2.35,-5.2,SHARP,False,10,6,23,2026-10-04 17:54
2026-10-11,Mexico Liga MX,América vs Monterrey,1X2 AWAY (Monterrey),3.4,3.74,10.0,FADING,False,100,14,20,2026-10-04 17:54
2026-10-10,USA MLS,Inter Miami CF vs D.C. United,1X2 DRAW (Draw),5.0,5.5,10.0,FADING,False,100,18,25,2026-10-04 17:54
2026-10-10,USA MLS,Toronto FC vs CF Montreal,1X2 HOME (Toronto FC),1.74,1.93,10.9,FADING,False,10,19,27,2026-10-04 17:54
2026-10-10,League One,Mansfield Town vs Bromley FC,1X2 AWAY (Bromley FC),3.9,4.335,11.2,FADING,False,100,14,26,2026-10-04 17:54
2026-10-05,Argentina Primera Division,Estudiantes de Río Cuarto vs Racing Club,1X2 HOME (Estudiantes de Río Cuarto),3.795,4.24,11.7,FADING,False,0,13,44,2026-10-04 17:54
2026-10-11,USA MLS,Austin FC vs Nashville SC,1X2 HOME (Austin FC),3.4,3.8,11.8,FADING,False,100,17,24,2026-10-04 17:54
2026-10-10,League One,Doncaster Rovers vs Burton Albion,1X2 AWAY (Burton Albion),4.0,4.5,12.5,FADING,False,90,14,27,2026-10-04 17:54
2026-10-04,Argentina Primera Division,Talleres vs Belgrano de Cordoba,O/U 2.5 UNDER,1.35,1.52,12.6,FADING,False,100,6,46,2026-10-04 17:54
2026-10-10,League One,Milton Keynes Dons vs Reading,1X2 HOME (Milton Keynes Dons),2.5,2.825,13.0,FADING,False,100,14,26,2026-10-04 17:54
2026-10-10,League One,Huddersfield Town vs Sheffield Wednesday,1X2 DRAW (Draw),3.4,3.845,13.1,FADING,False,100,12,26,2026-10-04 17:54
2026-10-04,La Liga 2,Girona FC vs Mallorca,1X2 HOME (Girona FC),2.06,2.35,14.1,FADING,False,100,20,22,2026-10-04 17:54
2026-10-10,USA MLS,Charlotte FC vs FC Dallas,1X2 HOME (Charlotte FC),1.85,2.12,14.6,FADING,False,100,18,25,2026-10-04 17:54
2026-10-12,Argentina Primera Division,Gimnasia Mendoza vs Newells Old Boys,1X2 HOME (Gimnasia Mendoza),1.725,2.06,19.4,FADING,False,100,6,19,2026-10-04 17:54
2026-10-10,League One,Huddersfield Town vs Sheffield Wednesday,1X2 AWAY (Sheffield Wednesday),3.3,3.95,19.7,FADING,False,100,12,26,2026-10-04 17:54
2026-10-07,USA MLS,Chicago Fire vs Vancouver Whitecaps FC,1X2 AWAY (Vancouver Whitecaps FC),1.86,2.23,19.9,FADING,False,100,20,37,2026-10-04 17:54
2026-10-10,USA MLS,New York Red Bulls vs San Diego FC,1X2 HOME (New York Red Bulls),2.05,2.5,22.0,FADING,False,100,17,25,2026-10-04 17:54
2026-10-12,Argentina Primera Division,Gimnasia Mendoza vs Newells Old Boys,1X2 DRAW (Draw),2.1,2.825,34.5,FADING,False,100,6,19,2026-10-04 17:54
2026-10-12,Argentina Primera Division,Gimnasia Mendoza vs Newells Old Boys,1X2 AWAY (Newells Old Boys),2.31,3.365,45.7,FADING,False,100,6,19,2026-10-04 17:54
