source,generated_at,signal_date,match_date,league,home_team,away_team,market,odds,edge_pct,ev_pct,model_prob,signal_tier,model_type,closing_odds,clv_pct,result,pnl,notes,side,mv_open,mv_close,mv_n_snaps,mv_drift_pct,mv_clv_pct,mv_signal,mv_source
live,2026-08-09 10:55,2026-08-09,2026-08-09,Argentina Primera Division,San Lorenzo,Atlético Huracán,over15,1.84,18.82,27.22,0.6914,SNIPER,new_format,3.5,-47.43,WIN,0.84,,,,,,,,NO_CURVE,
live,2026-08-09 10:55,2026-08-09,2026-08-12,Argentina Primera Division,Talleres,Lanus,over15,1.66,13.4,14.84,0.6918,SNIPER,new_format,1.53,8.5,WIN,0.66,,,,,,,,NO_CURVE,
live,2026-08-09 10:55,2026-08-09,2026-08-15,Argentina Primera Division,San Lorenzo,Union Santa Fe,over15,1.62,12.26,12.45,0.6941,SNIPER,new_format,1.51,7.28,LOSS,-1.0,,,3.0,1.51,4.0,49.67,7.28,CONFIRMED,newformat_odds_history.csv
live,2026-08-09 10:55,2026-08-09,2026-08-15,Argentina Primera Division,Aldosivi Mar del Plata,CA Tigre BA,over15,1.64,11.84,12.01,0.683,SNIPER,new_format,1.67,-1.8,LOSS,-1.0,,,1.67,1.67,1.0,0.0,-1.8,NEUTRAL,newformat_odds_dense.csv
live,2026-08-09 10:55,2026-08-09,2026-08-09,Argentina Primera Division,Defensa y Justicia,Newells Old Boys,over15,1.53,11.73,10.54,0.7225,SNIPER,new_format,2.62,-41.6,WIN,0.53,,,2.62,2.62,1.0,0.0,-41.6,NEUTRAL,newformat_odds_history.csv
live,2026-08-09 10:55,2026-08-09,2026-08-10,Argentina Primera Division,Banfield,Belgrano de Cordoba,over15,1.56,10.07,8.3,0.6942,SNIPER,new_format,1.57,-0.64,WIN,0.56,,,,,,,,NO_CURVE,
live,2026-08-09 10:55,2026-08-09,2026-08-15,Argentina Primera Division,Estudiantes,Gimnasia La Plata,over15,1.61,11.29,10.76,0.6696,SNIPER,new_format,1.54,4.55,WIN,0.61,,,1.53,1.54,2.0,-0.65,4.55,NEUTRAL,newformat_odds_dense.csv
live,2026-08-09 10:55,2026-08-09,2026-08-15,Argentina Primera Division,Newells Old Boys,Deportivo Riestra,over15,1.59,13.79,14.52,0.6759,SNIPER,new_format,1.69,-5.92,WIN,0.59,,,3.0,1.69,6.0,43.67,-5.92,CONFIRMED,newformat_odds_history.csv
live,2026-08-09 10:55,2026-08-09,2026-08-09,Argentina Primera Division,Gimnasia La Plata,Barracas Central,over15,1.57,10.67,9.34,0.6798,SNIPER,new_format,2.75,-42.91,WIN,0.57,,,,,,,,NO_CURVE,
live,2026-08-09 10:55,2026-08-09,2026-08-09,Argentina Primera Division,Argentinos Juniors,Racing Club,over15,1.54,11.93,10.97,0.6888,SNIPER,new_format,2.62,-41.22,WIN,0.54,,,,,,,,NO_CURVE,
live,2026-08-09 10:55,2026-08-09,2026-08-15,Argentina Primera Division,Belgrano de Cordoba,Independiente Rivadavia,over15,1.5,12.52,11.37,0.7017,SNIPER,new_format,1.49,0.67,WIN,0.5,,,1.49,1.49,1.0,0.0,0.67,NEUTRAL,newformat_odds_dense.csv
live,2026-08-09 10:55,2026-08-09,2026-08-16,Argentina Primera Division,Platense,Boca Juniors,over15,1.54,12.44,11.75,0.6777,SNIPER,new_format,1.53,0.65,WIN,0.54,,,1.57,1.53,6.0,2.55,0.65,NEUTRAL,newformat_odds_history.csv
live,2026-08-09 18:17,2026-08-09,2026-08-16,Argentina Primera Division,Sarmiento de Junin,Atlético Huracán,over15,1.74,19.77,26.99,0.7298,SNIPER,new_format,1.62,7.41,WIN,0.74,,,1.7,1.62,4.0,4.71,7.41,CONFIRMED,newformat_odds_dense.csv
live,2026-08-09 18:17,2026-08-09,2026-08-16,Argentina Primera Division,Central Córdoba,Instituto de Córdoba,over15,1.55,15.33,16.35,0.7506,SNIPER,new_format,1.5,3.33,LOSS,-1.0,,,1.52,1.5,2.0,1.32,3.33,NEUTRAL,newformat_odds_dense.csv
live,2026-08-09 21:01,2026-08-09,2026-08-16,Argentina Primera Division,River Plate,Argentinos Juniors,over15,1.6,15.46,17.32,0.7333,SNIPER,new_format,1.48,8.11,WIN,0.6,,,1.52,1.48,9.0,2.63,8.11,NEUTRAL,newformat_odds_dense.csv
live,2026-08-09 23:36,2026-08-09,2026-08-16,Argentina Primera Division,Barracas Central,Rosario Central,over15,1.54,11.7,10.61,0.7182,SNIPER,new_format,1.66,-7.23,LOSS,-1.0,,,1.5,1.66,7.0,-10.67,-7.23,CONFLICTED,newformat_odds_history.csv
live,2026-08-10 18:10,2026-08-10,2026-08-17,Argentina Primera Division,Estudiantes de Río Cuarto,Atlético Tucuman,over15,1.65,17.8,21.96,0.7392,SNIPER,new_format,1.6,3.12,LOSS,-1.0,,,1.67,1.62,2.0,2.99,1.85,NEUTRAL,newformat_odds_history.csv
live,2026-08-10 20:07,2026-08-10,2026-08-17,Argentina Primera Division,Lanus,Independiente,over15,1.54,11.14,9.74,0.7126,SNIPER,new_format,1.55,-0.65,WIN,0.54,,,1.57,1.55,3.0,1.27,-0.65,NEUTRAL,newformat_odds_history.csv
live,2026-08-10 22:43,2026-08-10,2026-08-17,Argentina Primera Division,Velez Sarsfield BA,Defensa y Justicia,over15,1.52,14.21,14.19,0.7513,SNIPER,new_format,1.36,11.76,WIN,0.52,,,,,,,,NO_CURVE,
live,2026-08-11 09:11,2026-08-11,2026-08-18,Argentina Primera Division,Gimnasia Mendoza,Talleres,over15,1.65,15.17,17.62,0.7129,SNIPER,new_format,1.5,10.0,WIN,0.65,,,1.6,1.5,8.0,6.25,10.0,CONFIRMED,newformat_odds_dense.csv
live,2026-08-15 08:40,2026-08-15,2026-08-21,Argentina Primera Division,Estudiantes de Río Cuarto,San Lorenzo,over15,1.67,14.34,16.54,0.6979,SNIPER,new_format,1.82,-8.24,LOSS,-1.0,,,1.62,1.8,3.0,-11.11,-7.22,CONFLICTED,newformat_odds_history.csv
live,2026-08-15 15:31,2026-08-15,2026-08-22,Japan J-League,Fagiano Okayama,Tokyo Verdy,over15,1.54,17.61,19.72,0.7774,SNIPER,new_format,1.43,7.69,LOSS,-1.0,,,1.54,1.43,4.0,7.14,7.69,CONFIRMED,newformat_odds_dense.csv
live,2026-08-15 15:31,2026-08-15,2026-08-22,Serie B,Südtirol,Virtus Entella,over15,1.45,11.9,9.85,0.7576,SNIPER,standard,1.45,0.0,LOSS,-1.0,,,1.5,1.44,2.0,4.0,0.69,CONFIRMED,standard_sidemarket_odds_history.csv
live,2026-08-15 15:31,2026-08-15,2026-08-21,Argentina Primera Division,Aldosivi Mar del Plata,Union Santa Fe,over15,1.52,12.47,11.54,0.7252,SNIPER,new_format,1.52,0.0,WIN,0.52,,,1.48,1.52,20.0,-2.7,0.0,NEUTRAL,newformat_odds_dense.csv
live,2026-08-15 19:10,2026-08-15,2026-08-22,Argentina Primera Division,Atlético Tucuman,Instituto de Córdoba,over15,1.53,15.55,16.38,0.7607,SNIPER,new_format,1.52,0.66,LOSS,-1.0,,,,,,,,NO_CURVE,
live,2026-08-16 00:52,2026-08-16,2026-08-23,Argentina Primera Division,Atlético Huracán,Deportivo Riestra,over15,1.59,15.63,17.44,0.7386,SNIPER,new_format,2.0,-20.5,LOSS,-1.0,,,1.59,2.0,39.0,-25.79,-20.5,CONFLICTED,newformat_odds_dense.csv
live,2026-08-16 16:32,2026-08-16,2026-08-16,Brazil Serie A,Corinthians,Cruzeiro,over15,1.49,10.06,7.57,0.7223,SNIPER,new_format,1.49,0.0,WIN,0.49,,,2.38,1.49,8.0,37.39,0.0,CONFIRMED,newformat_odds_history.csv
live,2026-08-16 17:54,2026-08-16,2026-08-23,Argentina Primera Division,Barracas Central,Platense,over15,1.67,15.34,18.21,0.7079,SNIPER,new_format,1.79,-6.7,WIN,0.67,,,1.62,1.79,10.0,-10.49,-6.7,CONFLICTED,newformat_odds_history.csv
live,2026-08-16 17:54,2026-08-16,2026-08-23,Argentina Primera Division,Sarmiento de Junin,Estudiantes,over15,1.52,8.65,5.75,0.6957,MARKSMAN,new_format,1.49,2.01,WIN,0.52,,,1.52,1.49,5.0,1.97,2.01,NEUTRAL,newformat_odds_dense.csv
live,2026-08-17 00:57,2026-08-17,2026-08-24,Argentina Primera Division,Racing Club,Boca Juniors,over15,1.56,13.46,13.59,0.7282,SNIPER,new_format,1.55,0.65,WIN,0.56,,,1.44,1.55,32.0,-7.64,0.65,CONFLICTED,newformat_odds_history.csv
live,2026-08-18 01:45,2026-08-18,2026-08-25,Argentina Primera Division,Talleres,Rosario Central,over15,1.54,14.47,14.88,0.746,SNIPER,new_format,1.45,6.21,WIN,0.54,,,1.54,1.45,10.0,5.84,6.21,CONFIRMED,newformat_odds_dense.csv
live,2026-08-18 01:45,2026-08-18,2026-08-25,Argentina Primera Division,Lanus,Argentinos Juniors,over15,1.62,13.59,14.61,0.7075,SNIPER,new_format,1.55,4.52,WIN,0.62,,,1.62,1.55,26.0,4.32,4.52,CONFIRMED,newformat_odds_dense.csv
live,2026-08-19 09:23,2026-08-19,2026-08-22,La Liga 2,Oviedo,Leganés,over15,1.43,9.38,6.0,0.7413,MARKSMAN,standard,,,,,,,1.33,1.44,3.0,-8.27,-0.69,CONFLICTED,standard_sidemarket_odds_history.csv
live,2026-08-19 10:00,2026-08-19,2026-08-23,La Liga 2,Sporting Gijón,Burgos CF,over15,1.47,11.69,9.78,0.7468,SNIPER,standard,,,,,,,,,,,,NO_CURVE,
live,2026-08-19 15:16,2026-08-19,2026-08-22,League One,Wigan Athletic,Leyton Orient,over15,1.31,5.31,-0.46,0.7599,VALUABLE,standard,,,,,,,1.31,1.31,1.0,0.0,0.0,NEUTRAL,standard_odds_history.csv
live,2026-08-20 11:14,2026-08-20,2026-08-23,Brazil Serie A,Coritiba,Corinthians,over15,1.55,13.93,14.18,0.7367,SNIPER,new_format,1.59,-2.52,WIN,0.55,,,1.44,1.59,17.0,-10.42,-2.52,CONFLICTED,newformat_odds_history.csv
live,2026-08-21 14:53,2026-08-21,2026-08-23,Argentina Primera Division,Belgrano de Cordoba,Defensa y Justicia,over15,1.54,15.05,15.77,0.7518,SNIPER,new_format,1.53,0.65,WIN,0.54,,,,,,,,NO_CURVE,
live,2026-08-21 20:02,2026-08-21,2026-08-23,Argentina Primera Division,River Plate,Velez Sarsfield BA,over15,1.43,8.34,4.52,0.7309,MARKSMAN,new_format,1.43,0.0,WIN,0.43,,,1.43,1.43,1.0,0.0,0.0,NEUTRAL,newformat_odds_dense.csv
live,2026-08-22 10:03,2026-08-22,2026-08-23,Argentina Primera Division,Atlético Huracán,Deportivo Riestra,btts,2.5,13.69,26.81,0.5073,SNIPER,new_format,8.0,-68.75,LOSS,-1.0,,,,,,,,NO_CURVE,
live,2026-08-22 10:03,2026-08-22,2026-08-24,Argentina Primera Division,CA Tigre BA,Central Córdoba,btts,2.49,13.04,25.07,0.5023,SNIPER,new_format,2.5,-0.4,WIN,1.49,,,,,,,,NO_CURVE,
live,2026-08-22 10:03,2026-08-22,2026-08-23,Argentina Primera Division,Barracas Central,Platense,btts,2.38,10.56,17.73,0.4946,SNIPER,new_format,2.5,-4.8,WIN,1.38,,,7.0,2.5,2.0,64.29,-4.8,CONFIRMED,newformat_odds_history.csv
live,2026-08-22 10:03,2026-08-22,2026-08-23,Argentina Primera Division,Belgrano de Cordoba,Defensa y Justicia,btts,2.2,10.28,15.21,0.5111,SNIPER,new_format,2.1,4.76,WIN,1.2,,,,,,,,NO_CURVE,
live,2026-08-22 10:03,2026-08-22,2026-08-23,Argentina Primera Division,River Plate,Velez Sarsfield BA,btts,2.33,10.97,18.16,0.4975,SNIPER,new_format,2.2,5.91,WIN,1.33,,,,,,,,NO_CURVE,
live,2026-08-22 10:03,2026-08-22,2026-08-25,Argentina Primera Division,Lanus,Argentinos Juniors,btts,2.2,8.36,10.99,0.5045,MARKSMAN,new_format,2.1,4.76,WIN,1.2,,,,,,,,NO_CURVE,
live,2026-08-22 10:03,2026-08-22,2026-08-23,Brazil Serie A,Coritiba,Corinthians,btts,2.15,10.24,14.6,0.5279,SNIPER,new_format,2.1,2.38,WIN,1.15,,,5.5,2.1,3.0,61.82,2.38,CONFIRMED,newformat_odds_history.csv
live,2026-08-22 10:03,2026-08-22,2026-08-22,Brazil Serie A,Fluminense,Remo,btts,2.14,10.19,14.39,0.5344,SNIPER,new_format,6.0,-64.33,WIN,1.14,,,5.5,6.0,3.0,-9.09,-64.33,CONFLICTED,newformat_odds_history.csv
live,2026-08-22 10:03,2026-08-22,2026-08-23,Argentina Primera Division,Sarmiento de Junin,Estudiantes,btts,2.1,7.05,7.39,0.5114,VALUABLE,new_format,2.05,2.44,LOSS,-1.0,,,,,,,,NO_CURVE,
live,2026-08-22 10:03,2026-08-22,2026-08-24,Argentina Primera Division,Racing Club,Boca Juniors,btts,2.11,6.96,7.28,0.5085,VALUABLE,new_format,2.1,0.48,WIN,1.11,,,6.0,2.1,3.0,65.0,0.48,CONFIRMED,newformat_odds_history.csv
live,2026-08-22 10:03,2026-08-22,2026-08-22,Argentina Primera Division,Gimnasia La Plata,Gimnasia Mendoza,btts,2.185,9.26,12.83,0.4952,MARKSMAN,new_format,6.5,-66.38,WIN,1.185,,,,,,,,NO_CURVE,
live,2026-08-22 10:03,2026-08-22,2026-08-25,Argentina Primera Division,Talleres,Rosario Central,btts,2.05,4.88,2.61,0.5005,VALUABLE,new_format,1.95,5.13,WIN,1.05,,,,,,,,NO_CURVE,
live,2026-08-22 10:03,2026-08-22,2026-08-22,La Liga 2,Oviedo,Leganés,btts,2.09,4.62,2.25,0.4892,VALUABLE,standard,,,,,,,5.5,6.5,3.0,-18.18,-67.85,CONFLICTED,standard_sidemarket_odds_history.csv
live,2026-08-22 10:03,2026-08-22,2026-08-22,Argentina Primera Division,Atlético Tucuman,Instituto de Córdoba,btts,2.08,4.55,2.05,0.4906,VALUABLE,new_format,6.0,-65.33,LOSS,-1.0,,,,,,,,NO_CURVE,
live,2026-08-22 10:03,2026-08-22,2026-08-22,Argentina Primera Division,Independiente,Independiente Rivadavia,btts,2.03,4.49,1.7,0.501,VALUABLE,new_format,,,LOSS,-1.0,,,,,,,,NO_CURVE,
live,2026-08-22 10:03,2026-08-22,2026-08-29,Argentina Primera Division,Union Santa Fe,Sarmiento de Junin,btts,1.995,4.37,1.3,0.5078,VALUABLE,new_format,,,,,,,,,,,,NO_CURVE,
live,2026-08-22 11:32,2026-08-22,2026-08-29,Japan J-League,Tokyo Verdy,Kashima Antlers,btts,1.995,8.11,8.77,0.508,MARKSMAN,new_format,,,LOSS,-1.0,,,,,,,,NO_CURVE,
live,2026-08-22 11:32,2026-08-22,2026-08-29,Japan J-League,Kyoto Purple Sanga,Avispa Fukuoka,btts,2.1,6.62,6.5,0.5072,VALUABLE,new_format,,,WIN,1.1,,,,,,,,NO_CURVE,
live,2026-08-22 14:44,2026-08-22,2026-08-24,La Liga 2,Granada CF,Mallorca,btts,2.0,4.28,1.16,0.5058,VALUABLE,standard,,,,,,,5.5,1.91,4.0,65.27,4.71,CONFIRMED,standard_sidemarket_odds_history.csv
live,2026-08-22 16:30,2026-08-22,2026-08-23,Argentina Primera Division,Newells Old Boys,Banfield,btts,1.97,4.06,0.58,0.5106,VALUABLE,new_format,6.0,-67.17,WIN,0.97,,,6.5,6.0,3.0,7.69,-67.17,CONFIRMED,newformat_odds_history.csv
live,2026-08-22 17:27,2026-08-22,2026-08-22,Ligue 2,Saint Etienne,Grenoble,btts,2.075,5.56,4.13,0.5018,VALUABLE,standard,,,,,,,,,,,,NO_CURVE,
live,2026-08-22 20:03,2026-08-22,2026-08-29,Argentina Primera Division,Rosario Central,Gimnasia La Plata,btts,2.14,8.27,10.29,0.4982,MARKSMAN,new_format,2.1,1.9,WIN,1.14,,,,,,,,NO_CURVE,
live,2026-08-22 20:37,2026-08-22,2026-08-22,Argentina Primera Division,Independiente,Independiente Rivadavia,over15,1.48,8.87,5.72,0.7143,MARKSMAN,new_format,1.47,0.68,LOSS,-1.0,,,1.48,1.47,2.0,0.68,0.68,NEUTRAL,newformat_odds_dense.csv
live,2026-08-22 21:33,2026-08-22,2026-08-29,Brazil Serie A,Atletico Mineiro,Vitoria,btts,1.995,7.34,7.23,0.5375,VALUABLE,new_format,,,WIN,0.995,,,,,,,,NO_CURVE,
live,2026-08-22 22:27,2026-08-22,2026-08-29,Argentina Primera Division,Boca Juniors,Lanus,over15,1.53,10.51,8.68,0.7103,SNIPER,new_format,1.47,4.08,LOSS,-1.0,,,1.5,1.47,23.0,2.0,4.08,NEUTRAL,newformat_odds_history.csv
live,2026-08-22 22:27,2026-08-22,2026-08-29,Argentina Primera Division,Boca Juniors,Lanus,btts,2.33,10.64,17.38,0.4989,SNIPER,new_format,2.2,5.91,LOSS,-1.0,,,7.0,2.2,4.0,68.57,5.91,CONFIRMED,newformat_odds_history.csv
live,2026-08-23 08:43,2026-08-23,2026-08-30,Argentina Primera Division,Talleres,Central Córdoba,btts,2.33,11.83,20.17,0.5157,SNIPER,new_format,2.1,10.95,LOSS,-1.0,,,,,,,,NO_CURVE,
live,2026-08-23 08:43,2026-08-23,2026-08-29,Brazil Serie A,Sao Paulo,Bragantino-SP,btts,1.91,4.34,0.88,0.5282,VALUABLE,new_format,,,WIN,0.91,,,,,,,,NO_CURVE,
live,2026-08-23 08:43,2026-08-23,2026-08-23,Serie B,Palermo,Juve Stabia,btts,1.98,4.21,0.92,0.5097,VALUABLE,standard,2.0,-1.0,LOSS,-1.0,,,5.5,2.0,2.0,63.64,-1.0,CONFIRMED,standard_sidemarket_odds_history.csv
live,2026-08-23 08:43,2026-08-23,2026-08-29,League Two,Barnet,Cheltenham Town,btts,1.83,4.01,-0.07,0.5461,VALUABLE,standard,,,,,,,,,,,,NO_CURVE,
live,2026-08-23 11:05,2026-08-23,2026-08-29,Japan J-League,Mito HollyHock,FC Machida Zelvia,btts,2.1,8.44,10.31,0.5253,MARKSMAN,new_format,,,WIN,1.1,,,,,,,,NO_CURVE,
live,2026-08-23 11:05,2026-08-23,2026-08-23,La Liga 2,Sporting Gijón,Burgos CF,btts,2.075,5.31,3.6,0.4993,VALUABLE,standard,,,,,,,,,,,,NO_CURVE,
live,2026-08-23 13:28,2026-08-23,2026-08-23,La Liga 2,SD Eibar,Real Valladolid CF,btts,2.05,4.28,1.37,0.4945,VALUABLE,standard,,,,,,,,,,,,NO_CURVE,
live,2026-08-23 14:33,2026-08-23,2026-08-30,Brazil Serie A,Atletico Paranaense,Fluminense,btts,1.98,5.2,2.88,0.5196,VALUABLE,new_format,1.95,1.54,WIN,0.98,,,6.0,1.95,3.0,67.5,1.54,CONFIRMED,newformat_odds_history.csv
live,2026-08-23 16:58,2026-08-23,2026-08-23,Brazil Serie A,Chapecoense,Sao Paulo,btts,1.92,4.2,0.66,0.5243,VALUABLE,new_format,1.95,-1.54,LOSS,-1.0,,,,,,,,NO_CURVE,
live,2026-08-23 18:22,2026-08-23,2026-08-30,Argentina Primera Division,Banfield,River Plate,btts,2.2,10.63,15.99,0.5167,SNIPER,new_format,2.2,0.0,WIN,1.2,,,2.1,2.2,2.0,-4.76,0.0,CONFLICTED,newformat_odds_history.csv
live,2026-08-23 19:30,2026-08-23,2026-08-30,Brazil Serie A,Corinthians,Santos,btts,1.995,5.66,3.89,0.5208,VALUABLE,new_format,2.0,-0.25,LOSS,-1.0,,,5.5,2.0,2.0,63.64,-0.25,CONFIRMED,newformat_odds_history.csv
live,2026-08-23 19:30,2026-08-23,2026-08-29,Serie B,Sampdoria,Juve Stabia,btts,2.1,4.91,2.9,0.49,VALUABLE,standard,2.05,2.44,WIN,1.1,,,2.05,2.05,1.0,0.0,2.44,NEUTRAL,standard_sidemarket_odds_history.csv
live,2026-08-23 20:16,2026-08-23,2026-08-30,Argentina Primera Division,Argentinos Juniors,Aldosivi Mar del Plata,btts,2.51,14.88,29.93,0.5176,SNIPER,new_format,2.62,-4.2,WIN,1.51,,,,,,,,NO_CURVE,
live,2026-08-23 22:29,2026-08-23,2026-08-30,Argentina Primera Division,Independiente,Gimnasia Mendoza,btts,2.15,8.93,11.79,0.4938,MARKSMAN,new_format,2.05,4.88,LOSS,-1.0,,,,,,,,NO_CURVE,
live,2026-08-24 00:02,2026-08-24,2026-08-30,La Liga 2,Cádiz CF,Real Valladolid CF,btts,2.0,4.06,0.71,0.5035,VALUABLE,standard,,,,,,,,,,,,NO_CURVE,
live,2026-08-24 08:59,2026-08-24,2026-08-24,Argentina Primera Division,CA Tigre BA,Central Córdoba,over15,1.53,11.42,10.06,0.7194,SNIPER,new_format,1.63,-6.13,WIN,0.53,,,1.53,1.63,4.0,-6.54,-6.13,CONFLICTED,newformat_odds_dense.csv
live,2026-08-24 08:59,2026-08-24,2026-08-31,Argentina Primera Division,Independiente Rivadavia,Racing Club,btts,1.95,4.7,1.76,0.5218,VALUABLE,new_format,,,WIN,0.95,,,,,,,,NO_CURVE,
live,2026-08-24 13:32,2026-08-24,2026-08-28,Serie B,Cremonese,Modena,btts,2.15,9.38,12.75,0.5244,MARKSMAN,standard,2.1,2.38,LOSS,-1.0,,,2.2,2.1,2.0,4.55,2.38,CONFIRMED,standard_sidemarket_odds_history.csv
live,2026-08-24 13:32,2026-08-24,2026-08-29,Serie B,Ascoli,Carrarese,btts,2.15,8.75,11.41,0.5182,VALUABLE,standard,1.91,12.57,WIN,1.15,,,2.05,1.91,2.0,6.83,12.57,CONFIRMED,standard_sidemarket_odds_history.csv
live,2026-08-24 13:32,2026-08-24,2026-08-30,Serie B,Pisa,US Catanzaro 1929,btts,2.1,5.86,4.9,0.4995,VALUABLE,standard,1.95,7.69,WIN,1.1,,,,,,,,NO_CURVE,
live,2026-08-24 14:23,2026-08-24,2026-08-28,Ligue 2,Clermont,Sochaux,btts,1.91,4.41,1.02,0.5289,VALUABLE,standard,,,,,,,,,,,,NO_CURVE,
live,2026-08-24 15:59,2026-08-24,2026-08-30,Serie B,Arezzo,Palermo,btts,1.91,4.21,0.64,0.5269,VALUABLE,standard,1.91,0.0,WIN,0.91,,,2.0,1.91,5.0,4.5,0.0,CONFIRMED,standard_sidemarket_odds_history.csv
live,2026-08-24 16:51,2026-08-24,2026-08-29,La Liga 2,Girona FC,Las Palmas,btts,1.91,4.93,2.01,0.5341,VALUABLE,standard,,,,,,,,,,,,NO_CURVE,
live,2026-08-24 16:51,2026-08-24,2026-08-29,La Liga 2,Albacete,Oviedo,btts,2.0,4.57,1.73,0.5087,VALUABLE,standard,,,,,,,2.0,2.0,3.0,0.0,0.0,NEUTRAL,standard_sidemarket_odds_history.csv
live,2026-08-24 17:26,2026-08-24,2026-08-31,La Liga 2,Burgos CF,Real Sociedad B,btts,2.025,4.78,2.28,0.5051,VALUABLE,standard,,,,,,,,,,,,NO_CURVE,
live,2026-08-24 19:33,2026-08-24,2026-08-29,Serie B,Padova,Hellas Verona,btts,1.91,4.18,0.58,0.5266,VALUABLE,standard,1.91,0.0,WIN,0.91,,,2.0,1.91,3.0,4.5,0.0,CONFIRMED,standard_sidemarket_odds_history.csv
live,2026-08-24 22:16,2026-08-24,2026-08-31,Argentina Primera Division,Estudiantes,Newells Old Boys,btts,2.18,10.06,14.53,0.5228,SNIPER,new_format,2.2,-0.91,LOSS,-1.0,,,,,,,,NO_CURVE,
live,2026-08-24 22:16,2026-08-24,2026-08-31,Argentina Primera Division,Defensa y Justicia,Platense,over15,1.6,9.56,7.89,0.6743,MARKSMAN,new_format,1.56,2.56,LOSS,-1.0,,,1.5,1.53,5.0,-2.0,4.58,NEUTRAL,newformat_odds_history.csv
live,2026-08-24 22:16,2026-08-24,2026-08-31,Argentina Primera Division,Defensa y Justicia,Platense,btts,2.17,8.24,10.47,0.5118,MARKSMAN,new_format,2.1,3.33,LOSS,-1.0,,,2.1,2.1,3.0,0.0,3.33,NEUTRAL,newformat_odds_history.csv
live,2026-08-27 01:03,2026-08-27,2026-09-02,Brazil Serie A,Flamengo,Mirassol,btts,2.2,8.43,11.13,0.5029,MARKSMAN,new_format,2.2,0.0,LOSS,-1.0,,,2.05,2.2,7.0,-7.32,0.0,CONFLICTED,newformat_odds_history.csv
live,2026-08-28 00:07,2026-08-28,2026-08-28,Argentina Primera Division,Union Santa Fe,Sarmiento de Junin,btts,1.96,4.43,1.27,0.5167,VALUABLE,new_format,1.95,0.51,WIN,0.96,,,,,,,,NO_CURVE,
live,2026-08-28 00:07,2026-08-28,2026-08-30,Mexico Liga MX,América,Puebla,btts,1.85,4.41,0.75,0.5446,VALUABLE,new_format,1.8,2.78,LOSS,-1.0,,,,,,,,NO_CURVE,
live,2026-08-28 16:08,2026-08-28,2026-08-29,Argentina Primera Division,Deportivo Riestra,Velez Sarsfield BA,over15,1.77,18.49,25.32,0.708,SNIPER,new_format,1.77,0.0,WIN,0.77,,,1.77,1.77,4.0,0.0,0.0,NEUTRAL,newformat_odds_dense.csv
live,2026-08-28 16:08,2026-08-28,2026-08-29,Japan J-League,Kyoto Purple Sanga,Avispa Fukuoka,over15,1.54,15.21,16.02,0.7534,SNIPER,new_format,1.55,-0.65,WIN,0.54,,,1.54,1.55,2.0,-0.65,-0.65,NEUTRAL,newformat_odds_dense.csv
live,2026-08-28 16:08,2026-08-28,2026-08-29,Argentina Primera Division,Atlético Huracán,Estudiantes de Río Cuarto,btts,2.58,15.05,31.41,0.5093,SNIPER,new_format,3.0,-14.0,WIN,1.58,,,,,,,,NO_CURVE,
live,2026-08-28 16:08,2026-08-28,2026-09-01,Argentina Primera Division,CA Tigre BA,Barracas Central,btts,2.5,14.3,28.35,0.5134,SNIPER,new_format,2.62,-4.58,LOSS,-1.0,,,,,,,,NO_CURVE,
live,2026-08-28 16:08,2026-08-28,2026-09-01,Argentina Primera Division,CA Tigre BA,Barracas Central,over15,1.64,14.25,15.96,0.7071,SNIPER,new_format,1.62,1.23,LOSS,-1.0,,,1.64,1.62,2.0,1.22,1.23,NEUTRAL,newformat_odds_dense.csv
live,2026-08-28 16:08,2026-08-28,2026-08-29,Argentina Primera Division,Deportivo Riestra,Velez Sarsfield BA,btts,2.45,14.22,27.43,0.5201,SNIPER,new_format,2.62,-6.49,WIN,1.45,,,,,,,,NO_CURVE,
live,2026-08-28 16:08,2026-08-28,2026-09-01,Argentina Primera Division,Instituto de Córdoba,San Lorenzo,btts,2.35,10.74,17.82,0.5014,SNIPER,new_format,2.5,-6.0,LOSS,-1.0,,,,,,,,NO_CURVE,
live,2026-08-28 16:08,2026-08-28,2026-09-01,Argentina Primera Division,Instituto de Córdoba,San Lorenzo,over15,1.59,10.38,9.09,0.6814,SNIPER,new_format,1.58,0.63,LOSS,-1.0,,,1.58,1.58,9.0,0.0,0.63,NEUTRAL,newformat_odds_dense.csv
live,2026-08-28 16:08,2026-08-28,2026-08-30,Argentina Primera Division,Atlético Tucuman,Belgrano de Cordoba,over15,1.6,11.3,10.67,0.6817,SNIPER,new_format,1.6,0.0,LOSS,-1.0,,,,,,,,NO_CURVE,
live,2026-08-28 16:08,2026-08-28,2026-08-29,Argentina Primera Division,Atlético Huracán,Estudiantes de Río Cuarto,over15,1.67,11.01,10.98,0.6592,SNIPER,new_format,1.68,-0.6,WIN,0.67,,,,,,,,NO_CURVE,
live,2026-08-28 16:08,2026-08-28,2026-08-30,Argentina Primera Division,Atlético Tucuman,Belgrano de Cordoba,btts,2.16,8.18,10.26,0.5007,MARKSMAN,new_format,2.2,-1.82,LOSS,-1.0,,,,,,,,NO_CURVE,
live,2026-08-28 18:26,2026-08-28,2026-08-28,Championship,Wrexham AFC,Birmingham City,btts,1.91,4.07,0.37,0.5255,VALUABLE,standard,1.73,10.4,WIN,0.91,,,,,,,,NO_CURVE,
live,2026-08-29 12:04,2026-08-29,2026-09-02,Japan J-League,Tokyo Verdy,Vissel Kobe,over15,1.47,11.04,8.82,0.729,SNIPER,new_format,1.53,-3.92,WIN,0.47,,,1.47,1.53,3.0,-4.08,-3.92,CONFLICTED,newformat_odds_dense.csv
live,2026-08-29 12:04,2026-08-29,2026-09-02,Japan J-League,Tokyo Verdy,Vissel Kobe,btts,2.15,10.06,14.23,0.5147,SNIPER,new_format,,,LOSS,-1.0,,,,,,,,NO_CURVE,
live,2026-08-29 14:27,2026-08-29,2026-09-02,Championship,West Bromwich Albion,Charlton Athletic,btts,1.975,4.62,1.71,0.515,VALUABLE,standard,1.83,7.92,WIN,0.975,,,,,,,,NO_CURVE,
live,2026-08-29 16:46,2026-08-29,2026-09-05,Championship,West Ham United,Derby County,btts,2.5,13.14,25.43,0.5017,SNIPER,standard,1.8,38.89,LOSS,-1.0,,,,,,,,NO_CURVE,
live,2026-08-29 16:46,2026-08-29,2026-09-05,Argentina Primera Division,Aldosivi Mar del Plata,Banfield,btts,2.175,8.04,10.07,0.5038,MARKSMAN,new_format,2.05,6.1,WIN,1.175,,,,,,,,NO_CURVE,
live,2026-08-29 16:46,2026-08-29,2026-09-05,Championship,Millwall,Bolton Wanderers,btts,2.0,6.25,5.09,0.5254,VALUABLE,standard,1.73,15.61,LOSS,-1.0,,,,,,,,NO_CURVE,
live,2026-08-29 18:27,2026-08-29,2026-09-05,Argentina Primera Division,Gimnasia La Plata,CA Tigre BA,over15,1.5,10.15,7.81,0.6994,SNIPER,new_format,1.54,-2.6,WIN,0.5,,,1.5,1.54,4.0,-2.67,-2.6,NEUTRAL,newformat_odds_dense.csv
live,2026-08-29 18:27,2026-08-29,2026-09-05,Argentina Primera Division,Gimnasia La Plata,CA Tigre BA,btts,2.2,10.49,15.67,0.5108,SNIPER,new_format,2.25,-2.22,WIN,1.2,,,,,,,,NO_CURVE,
live,2026-08-29 21:14,2026-08-29,2026-09-05,Argentina Primera Division,Gimnasia Mendoza,Boca Juniors,btts,2.155,8.39,10.68,0.5136,MARKSMAN,new_format,2.0,7.75,WIN,1.155,,,,,,,,NO_CURVE,
live,2026-08-29 21:14,2026-08-29,2026-09-01,League Two,Chesterfield FC,Gillingham,btts,1.97,4.62,1.69,0.5162,VALUABLE,standard,,,,,,,,,,,,NO_CURVE,
live,2026-08-29 23:29,2026-08-29,2026-09-05,Argentina Primera Division,San Lorenzo,Talleres,over15,1.6,12.26,12.22,0.6731,SNIPER,new_format,1.47,8.84,LOSS,-1.0,,,1.6,1.47,8.0,8.13,8.84,CONFIRMED,newformat_odds_dense.csv
live,2026-08-29 23:29,2026-08-29,2026-09-05,Argentina Primera Division,San Lorenzo,Talleres,btts,2.18,8.8,11.79,0.5128,MARKSMAN,new_format,2.05,6.34,LOSS,-1.0,,,,,,,,NO_CURVE,
live,2026-08-30 01:40,2026-08-30,2026-09-06,Argentina Primera Division,Velez Sarsfield BA,Estudiantes,over15,1.61,10.18,8.98,0.6769,SNIPER,new_format,1.52,5.92,LOSS,-1.0,,,1.61,1.52,10.0,5.59,5.92,CONFIRMED,newformat_odds_dense.csv
live,2026-08-30 01:40,2026-08-30,2026-09-06,Argentina Primera Division,Velez Sarsfield BA,Estudiantes,btts,2.2,10.35,15.36,0.5116,SNIPER,new_format,2.2,0.0,LOSS,-1.0,,,,,,,,NO_CURVE,
live,2026-08-30 10:16,2026-08-30,2026-09-05,Championship,Stoke City,Charlton Athletic,btts,1.88,4.54,1.13,0.5379,VALUABLE,standard,1.83,2.73,LOSS,-1.0,,,,,,,,NO_CURVE,
live,2026-08-30 13:49,2026-08-30,2026-09-04,Argentina Primera Division,Platense,Deportivo Riestra,btts,2.405,13.79,25.75,0.5229,SNIPER,new_format,2.5,-3.8,WIN,1.405,,,2.5,2.5,3.0,0.0,-3.8,NEUTRAL,newformat_odds_history.csv
live,2026-08-30 13:49,2026-08-30,2026-09-04,Argentina Primera Division,Platense,Deportivo Riestra,over15,1.71,13.14,15.05,0.6728,SNIPER,new_format,1.72,-0.58,WIN,0.71,,,1.73,1.72,6.0,0.58,-0.58,NEUTRAL,newformat_odds_history.csv
live,2026-08-30 13:49,2026-08-30,2026-09-05,Argentina Primera Division,Aldosivi Mar del Plata,Banfield,over15,1.6,10.98,10.16,0.6885,SNIPER,new_format,1.47,8.84,WIN,0.6,,,1.6,1.47,8.0,8.13,8.84,CONFIRMED,newformat_odds_dense.csv
live,2026-08-30 13:49,2026-08-30,2026-08-30,Serie B,Benevento,Südtirol,btts,2.0,5.59,3.78,0.5189,VALUABLE,standard,2.0,0.0,WIN,1.0,,,2.1,2.0,3.0,4.76,0.0,CONFIRMED,standard_sidemarket_odds_history.csv
live,2026-08-30 17:51,2026-08-30,2026-09-06,Argentina Primera Division,Rosario Central,Newells Old Boys,btts,2.38,12.48,22.31,0.5139,SNIPER,new_format,2.5,-4.8,WIN,1.38,,,2.5,2.5,3.0,0.0,-4.8,NEUTRAL,newformat_odds_history.csv
live,2026-08-30 17:51,2026-08-30,2026-09-06,Argentina Primera Division,Rosario Central,Newells Old Boys,over15,1.56,10.61,9.15,0.6996,SNIPER,new_format,1.47,6.12,WIN,0.56,,,1.53,1.47,15.0,3.92,6.12,CONFIRMED,newformat_odds_history.csv
live,2026-08-30 20:21,2026-08-30,2026-09-06,Argentina Primera Division,Central Córdoba,Independiente,btts,2.2,10.57,15.84,0.5265,SNIPER,new_format,2.05,7.32,LOSS,-1.0,,,,,,,,NO_CURVE,
live,2026-08-30 20:21,2026-08-30,2026-09-06,Argentina Primera Division,Lanus,Defensa y Justicia,btts,2.25,10.52,16.25,0.5167,SNIPER,new_format,2.1,7.14,LOSS,-1.0,,,2.25,2.1,3.0,6.67,7.14,CONFIRMED,newformat_odds_history.csv
live,2026-08-30 20:21,2026-08-30,2026-09-06,Argentina Primera Division,Estudiantes de Río Cuarto,Sarmiento de Junin,btts,2.2,8.97,12.33,0.5106,MARKSMAN,new_format,,,,,,,,,,,,NO_CURVE,
live,2026-08-30 20:21,2026-08-30,2026-09-06,Argentina Primera Division,Central Córdoba,Independiente,over15,1.53,10.37,8.46,0.7024,SNIPER,new_format,1.51,1.32,LOSS,-1.0,,,1.51,1.51,9.0,0.0,1.32,NEUTRAL,newformat_odds_dense.csv
live,2026-08-30 20:21,2026-08-30,2026-09-06,Argentina Primera Division,Lanus,Defensa y Justicia,over15,1.54,8.39,5.51,0.6851,MARKSMAN,new_format,1.54,0.0,LOSS,-1.0,,,1.53,1.4,5.0,8.5,10.0,CONFIRMED,newformat_odds_history.csv
live,2026-08-30 22:53,2026-08-30,2026-09-06,Argentina Primera Division,River Plate,Independiente Rivadavia,btts,2.14,10.46,14.97,0.508,SNIPER,new_format,,,WIN,1.14,,,,,,,,NO_CURVE,
live,2026-08-30 22:53,2026-08-30,2026-09-06,Brazil Serie A,Corinthians,Chapecoense,btts,2.16,10.64,15.57,0.5125,SNIPER,new_format,2.05,5.37,WIN,1.16,,,,,,,,NO_CURVE,
live,2026-08-31 01:04,2026-08-31,2026-09-07,Argentina Primera Division,Racing Club,Atlético Tucuman,btts,2.15,10.82,15.86,0.4836,SNIPER,new_format,2.1,2.38,WIN,1.15,,,2.2,2.1,2.0,4.55,2.38,CONFIRMED,newformat_odds_history.csv
live,2026-08-31 01:04,2026-08-31,2026-09-06,Brazil Serie A,Coritiba,Mirassol,btts,1.91,4.45,1.1,0.5293,VALUABLE,new_format,1.8,6.11,WIN,0.91,,,1.95,1.8,3.0,7.69,6.11,CONFIRMED,newformat_odds_history.csv
live,2026-08-31 13:39,2026-08-31,2026-09-04,Argentina Primera Division,Belgrano de Cordoba,Atlético Huracán,btts,2.38,11.3,19.49,0.5021,SNIPER,new_format,2.5,-4.8,WIN,1.38,,,,,,,,NO_CURVE,
live,2026-08-31 13:39,2026-08-31,2026-09-04,Argentina Primera Division,Belgrano de Cordoba,Atlético Huracán,over15,1.62,11.18,10.7,0.6834,SNIPER,new_format,1.63,-0.61,WIN,0.62,,,1.62,1.63,4.0,-0.62,-0.61,NEUTRAL,newformat_odds_dense.csv
live,2026-08-31 13:39,2026-08-31,2026-09-04,Ligue 2,Boulogne,Dijon,btts,1.92,8.06,8.08,0.5629,MARKSMAN,standard,,,,,,,,,,,,NO_CURVE,
live,2026-08-31 13:39,2026-08-31,2026-09-06,La Liga 2,SD Eibar,Granada CF,btts,2.0,5.98,4.55,0.5228,VALUABLE,standard,,,,,,,,,,,,NO_CURVE,
live,2026-08-31 13:39,2026-08-31,2026-08-31,Brazil Serie A,Remo,Coritiba,btts,1.95,5.65,3.62,0.5314,VALUABLE,new_format,1.95,0.0,WIN,0.95,,,5.0,1.95,6.0,61.0,0.0,CONFIRMED,newformat_odds_history.csv
live,2026-09-01 00:48,2026-09-01,2026-09-06,La Liga 2,Oviedo,Burgos CF,over15,1.54,10.28,8.43,0.7041,SNIPER,standard,,,,,,,1.54,1.5,5.0,2.6,2.67,NEUTRAL,standard_odds_history.csv
live,2026-09-01 00:48,2026-09-01,2026-09-07,Argentina Primera Division,Barracas Central,Argentinos Juniors,btts,2.295,10.66,17.05,0.512,SNIPER,new_format,2.38,-3.57,LOSS,-1.0,,,,,,,,NO_CURVE,
live,2026-09-01 00:48,2026-09-01,2026-09-07,Argentina Primera Division,Barracas Central,Argentinos Juniors,over15,1.62,11.68,11.51,0.6879,SNIPER,new_format,1.56,3.85,LOSS,-1.0,,,1.57,1.56,6.0,0.64,3.85,NEUTRAL,newformat_odds_dense.csv
live,2026-09-01 00:48,2026-09-01,2026-09-06,La Liga 2,Oviedo,Burgos CF,btts,2.25,13.41,22.77,0.4942,SNIPER,standard,,,,,,,,,,,,NO_CURVE,
live,2026-09-01 00:48,2026-09-01,2026-09-04,Ligue 2,Pau FC,Sochaux,btts,1.91,4.96,2.08,0.5344,VALUABLE,standard,,,,,,,,,,,,NO_CURVE,
live,2026-09-01 00:48,2026-09-01,2026-09-06,Serie B,Hellas Verona,Arezzo,btts,1.83,4.23,0.34,0.5483,VALUABLE,standard,1.8,1.67,LOSS,-1.0,,,1.91,1.8,2.0,5.76,1.67,CONFIRMED,standard_sidemarket_odds_history.csv
live,2026-09-01 10:03,2026-09-01,2026-09-06,Serie B,Virtus Entella,Vicenza,btts,1.97,7.75,7.85,0.5253,MARKSMAN,standard,2.0,-1.5,WIN,0.97,,,,,,,,NO_CURVE,
live,2026-09-01 10:03,2026-09-01,2026-09-06,Brazil Serie A,Cruzeiro,Atletico Paranaense,btts,1.91,5.02,2.18,0.535,VALUABLE,new_format,1.8,6.11,WIN,0.91,,,2.05,1.8,3.0,12.2,6.11,CONFIRMED,newformat_odds_history.csv
live,2026-09-01 10:03,2026-09-01,2026-09-05,Brazil Serie A,Sao Paulo,Atletico Mineiro,btts,1.92,8.33,8.59,0.5281,MARKSMAN,new_format,,,LOSS,-1.0,,,,,,,,NO_CURVE,
live,2026-09-01 17:02,2026-09-01,2026-09-04,Argentina Primera Division,Estudiantes de Río Cuarto,Sarmiento de Junin,over15,1.55,11.06,9.74,0.708,SNIPER,new_format,1.62,-4.32,WIN,0.55,,,,,,,,NO_CURVE,
live,2026-09-01 17:02,2026-09-01,2026-09-04,Argentina Primera Division,Estudiantes de Río Cuarto,Sarmiento de Junin,btts,2.1900000000000004,10.33,15.22,0.5261,SNIPER,new_format,2.5,-12.4,LOSS,-1.0,,,,,,,,NO_CURVE,
live,2026-09-01 17:02,2026-09-01,2026-09-06,Japan J-League,Vissel Kobe,V-Varen Nagasaki,btts,2.0,7.0,6.6,0.533,VALUABLE,new_format,,,WIN,1.0,,,,,,,,NO_CURVE,
live,2026-09-01 17:02,2026-09-01,2026-09-02,Japan J-League,Mito HollyHock,Kashima Antlers,btts,1.85,4.68,1.25,0.5473,VALUABLE,new_format,,,WIN,0.85,,,,,,,,NO_CURVE,
live,2026-09-01 17:02,2026-09-01,2026-09-06,Japan J-League,FC Tokyo,Kyoto Purple Sanga,btts,1.79,4.64,0.9,0.5637,VALUABLE,new_format,,,LOSS,-1.0,,,,,,,,NO_CURVE,
live,2026-09-02 04:25,2026-09-02,2026-09-06,Brazil Serie A,Remo,Flamengo,btts,1.85,5.16,2.14,0.5521,VALUABLE,new_format,1.95,-5.13,LOSS,-1.0,,,1.8,1.95,3.0,-8.33,-5.13,CONFLICTED,newformat_odds_history.csv
live,2026-09-02 09:34,2026-09-02,2026-09-02,Japan J-League,Shimizu S Pulse,FC Tokyo,btts,1.86,4.24,0.48,0.5402,VALUABLE,new_format,,,WIN,0.86,,,,,,,,NO_CURVE,
live,2026-09-02 17:09,2026-09-02,2026-09-05,Argentina Primera Division,Gimnasia Mendoza,Boca Juniors,over15,1.45,8.84,5.4,0.6935,MARKSMAN,new_format,1.45,0.0,WIN,0.45,,,1.5,1.45,2.0,3.33,0.0,CONFIRMED,newformat_odds_dense.csv
live,2026-09-03 17:03,2026-09-03,2026-09-05,League Two,Rochdale,Gillingham,btts,1.815,4.01,-0.12,0.5503,VALUABLE,standard,,,,,,,1.8,1.67,3.0,7.22,8.68,CONFIRMED,standard_sidemarket_odds_history.csv
live,2026-09-04 12:05,2026-09-04,2026-09-04,Ligue 2,Grenoble,Annecy FC,btts,1.95,5.11,2.55,0.5259,VALUABLE,standard,,,,,,,,,,,,NO_CURVE,
live,2026-09-04 16:41,2026-09-04,2026-09-06,Serie B,Modena,Avellino,btts,1.93,7.46,6.99,0.5312,MARKSMAN,standard,2.0,-3.5,LOSS,-1.0,,,1.95,2.0,4.0,-2.56,-3.5,NEUTRAL,standard_sidemarket_odds_history.csv
live,2026-09-04 19:11,2026-09-04,2026-09-11,Ligue 2,Clermont,Boulogne,btts,2.0,10.18,12.96,0.5189,SNIPER,standard,,,,,,,,,,,,NO_CURVE,
live,2026-09-04 21:32,2026-09-04,2026-09-11,Argentina Primera Division,Newells Old Boys,Velez Sarsfield BA,btts,2.05,9.71,12.51,0.519,MARKSMAN,new_format,2.1,-2.38,WIN,1.05,,,,,,,,NO_CURVE,
live,2026-09-04 23:21,2026-09-04,2026-09-11,Argentina Primera Division,Defensa y Justicia,Gimnasia Mendoza,btts,2.0,8.57,9.74,0.5188,MARKSMAN,new_format,1.95,2.56,LOSS,-1.0,,,,,,,,NO_CURVE,
live,2026-09-05 01:11,2026-09-05,2026-09-12,Argentina Primera Division,Boca Juniors,Central Córdoba,btts,2.49,12.29,23.2,0.4948,SNIPER,new_format,2.38,4.62,WIN,1.49,,,,,,,,NO_CURVE,
live,2026-09-05 01:11,2026-09-05,2026-09-12,Brazil Serie A,Coritiba,Atletico Paranaense,btts,1.97,5.8,4.01,0.528,VALUABLE,new_format,1.91,3.14,WIN,0.97,,,2.0,1.91,2.0,4.5,3.14,CONFIRMED,newformat_odds_history.csv
live,2026-09-05 10:48,2026-09-05,2026-09-11,Argentina Primera Division,Newells Old Boys,Velez Sarsfield BA,over15,1.53,15.16,15.78,0.7567,SNIPER,new_format,1.48,3.38,WIN,0.53,,,1.53,1.48,8.0,3.27,3.38,CONFIRMED,newformat_odds_dense.csv
live,2026-09-05 10:48,2026-09-05,2026-09-08,Argentina Primera Division,Union Santa Fe,Instituto de Córdoba,over15,1.54,10.17,8.25,0.6966,SNIPER,new_format,1.57,-1.91,WIN,0.54,,,1.54,1.57,4.0,-1.95,-1.91,NEUTRAL,newformat_odds_dense.csv
live,2026-09-05 10:48,2026-09-05,2026-09-11,La Liga 2,Burgos CF,AD Ceuta FC,btts,1.98,5.66,3.81,0.5243,VALUABLE,standard,,,,,,,,,,,,NO_CURVE,
live,2026-09-05 10:48,2026-09-05,2026-09-05,League Two,Fleetwood Town,Shrewsbury Town,btts,1.835,5.47,2.62,0.5592,VALUABLE,standard,,,,,,,,,,,,NO_CURVE,
live,2026-09-05 10:48,2026-09-05,2026-09-06,Japan J-League,Cerezo Osaka,Tokyo Verdy,btts,1.91,5.01,2.16,0.5349,VALUABLE,new_format,,,LOSS,-1.0,,,,,,,,NO_CURVE,
live,2026-09-05 10:48,2026-09-05,2026-09-05,La Liga 2,Real Sociedad B,Tenerife,btts,1.85,4.89,1.64,0.5494,VALUABLE,standard,,,,,,,,,,,,NO_CURVE,
live,2026-09-05 10:48,2026-09-05,2026-09-06,Japan J-League,Kashiwa Reysol,Yokohama F Marinos,btts,1.75,4.75,0.9,0.5766,VALUABLE,new_format,,,LOSS,-1.0,,,,,,,,NO_CURVE,
live,2026-09-05 10:48,2026-09-05,2026-09-05,League One,Burton Albion,Cambridge United,btts,1.8,4.51,0.7,0.5595,VALUABLE,standard,,,,,,,1.8,1.91,2.0,-6.11,-5.76,CONFLICTED,standard_sidemarket_odds_history.csv
live,2026-09-05 10:48,2026-09-05,2026-09-08,Argentina Primera Division,Union Santa Fe,Instituto de Córdoba,btts,2.0,4.26,1.11,0.5055,VALUABLE,new_format,2.05,-2.44,WIN,1.0,,,,,,,,NO_CURVE,
live,2026-09-05 10:48,2026-09-05,2026-09-06,Serie B,Juve Stabia,Pisa,btts,1.88,4.11,0.32,0.5336,VALUABLE,standard,1.91,-1.57,LOSS,-1.0,,,1.95,1.91,2.0,2.05,-1.57,NEUTRAL,standard_sidemarket_odds_history.csv
live,2026-09-05 10:48,2026-09-05,2026-09-07,Serie B,Palermo,Sampdoria,btts,1.82,4.09,0.04,0.5497,VALUABLE,standard,1.8,1.11,WIN,0.82,,,1.95,1.8,3.0,7.69,1.11,CONFIRMED,standard_sidemarket_odds_history.csv
live,2026-09-05 10:48,2026-09-05,2026-09-05,Serie B,Carrarese,Empoli,btts,1.8,4.02,-0.16,0.5546,VALUABLE,standard,1.8,0.0,LOSS,-1.0,,,1.91,1.8,2.0,5.76,0.0,CONFIRMED,standard_sidemarket_odds_history.csv
live,2026-09-05 11:51,2026-09-05,2026-09-12,League One,Notts County,Bradford City,btts,1.8,4.13,0.03,0.5557,VALUABLE,standard,,,,,,,,,,,,NO_CURVE,
live,2026-09-05 13:11,2026-09-05,2026-09-08,Finland Veikkausliiga,VPS Vaasa,AC Oulu,btts,1.75,4.3,0.12,0.5721,VALUABLE,new_format,1.8,-2.78,LOSS,-1.0,,,,,,,,NO_CURVE,
live,2026-09-05 13:11,2026-09-05,2026-09-06,Brazil Serie A,Fluminense,Vasco da Gama,btts,1.85,4.02,0.02,0.5407,VALUABLE,new_format,1.91,-3.14,LOSS,-1.0,,,1.95,1.91,2.0,2.05,-3.14,NEUTRAL,newformat_odds_history.csv
live,2026-09-05 14:11,2026-09-05,2026-09-06,Mexico Liga MX,Atlas,Atlante FC,btts,1.73,4.3,0.04,0.5782,VALUABLE,new_format,1.8,-3.89,WIN,0.73,,,1.7,1.8,5.0,-5.88,-3.89,CONFLICTED,newformat_odds_history.csv
live,2026-09-06 10:21,2026-09-06,2026-09-12,Argentina Primera Division,Estudiantes,Platense,btts,2.25,13.43,22.82,0.5459,SNIPER,new_format,2.25,0.0,WIN,1.25,,,,,,,,NO_CURVE,
live,2026-09-06 10:21,2026-09-06,2026-09-12,Argentina Primera Division,Estudiantes,Platense,over15,1.52,12.84,12.11,0.7376,SNIPER,new_format,1.57,-3.18,WIN,0.52,,,1.52,1.57,7.0,-3.29,-3.18,CONFLICTED,newformat_odds_dense.csv
live,2026-09-06 10:21,2026-09-06,2026-09-12,Argentina Primera Division,Independiente Rivadavia,Aldosivi Mar del Plata,btts,2.26,11.3,18.13,0.5227,SNIPER,new_format,,,WIN,1.26,,,,,,,,NO_CURVE,
live,2026-09-06 10:21,2026-09-06,2026-09-12,Argentina Primera Division,Atlético Tucuman,River Plate,btts,2.2,11.0,16.8,0.5309,SNIPER,new_format,2.1,4.76,WIN,1.2,,,2.25,2.1,2.0,6.67,4.76,CONFIRMED,newformat_odds_history.csv
live,2026-09-06 10:21,2026-09-06,2026-09-12,Argentina Primera Division,Atlético Tucuman,River Plate,over15,1.57,10.79,9.53,0.6977,SNIPER,new_format,1.47,6.8,WIN,0.57,,,1.53,1.5,2.0,1.96,4.67,NEUTRAL,newformat_odds_history.csv
live,2026-09-06 10:21,2026-09-06,2026-09-12,Argentina Primera Division,Talleres,Union Santa Fe,btts,2.0,8.2,9.0,0.545,MARKSMAN,new_format,1.95,2.56,WIN,1.0,,,,,,,,NO_CURVE,
live,2026-09-06 10:21,2026-09-06,2026-09-12,Brazil Serie A,Palmeiras,Sao Paulo,btts,2.1,11.38,16.5,0.5483,SNIPER,new_format,2.0,5.0,LOSS,-1.0,,,2.0,2.0,3.0,0.0,5.0,NEUTRAL,newformat_odds_history.csv
live,2026-09-06 10:21,2026-09-06,2026-09-11,Japan J-League,Vissel Kobe,Kashima Antlers,btts,1.9,6.07,4.13,0.548,VALUABLE,new_format,,,WIN,0.9,,,,,,,,NO_CURVE,
live,2026-09-06 10:21,2026-09-06,2026-09-06,La Liga 2,Almería,Cádiz CF,btts,1.885,6.04,3.98,0.5516,VALUABLE,standard,,,,,,,,,,,,NO_CURVE,
live,2026-09-06 10:21,2026-09-06,2026-09-12,Brazil Serie A,Botafogo,Bragantino-SP,btts,1.765,5.86,2.93,0.5832,VALUABLE,new_format,,,WIN,0.765,,,,,,,,NO_CURVE,
live,2026-09-06 10:21,2026-09-06,2026-09-12,La Liga 2,Granada CF,Albacete,btts,1.89,5.62,3.22,0.5461,VALUABLE,standard,,,,,,,1.83,1.83,1.0,0.0,3.28,NEUTRAL,standard_sidemarket_odds_history.csv
live,2026-09-06 10:21,2026-09-06,2026-09-11,Ireland Premier Division,St Patricks Athletic,Shamrock Rovers,btts,1.79,5.46,2.36,0.5719,VALUABLE,new_format,,,,,,,,,,,,NO_CURVE,
live,2026-09-06 10:21,2026-09-06,2026-09-12,Brazil Serie A,Atletico Mineiro,Fluminense,btts,1.91,8.12,8.1,0.5397,MARKSMAN,new_format,,,WIN,0.91,,,,,,,,NO_CURVE,
live,2026-09-06 10:21,2026-09-06,2026-09-06,Sweden Allsvenskan,Örgryte IS,Hammarby IF,btts,1.73,4.93,1.13,0.5845,VALUABLE,new_format,1.75,-1.14,WIN,0.73,,,,,,,,NO_CURVE,
live,2026-09-06 10:21,2026-09-06,2026-09-12,League Two,Shrewsbury Town,Northampton Town,btts,1.95,8.68,9.51,0.5464,MARKSMAN,standard,,,,,,,,,,,,NO_CURVE,
live,2026-09-06 10:21,2026-09-06,2026-09-08,League One,Oxford United,Reading,btts,1.84,4.3,0.5,0.5462,VALUABLE,standard,,,,,,,,,,,,NO_CURVE,
live,2026-09-06 10:21,2026-09-06,2026-09-11,Ireland Premier Division,Drogheda United,Sligo Rovers,btts,1.8,4.03,-0.15,0.5547,VALUABLE,new_format,1.91,-5.76,LOSS,-1.0,,,1.95,1.91,2.0,2.05,-5.76,NEUTRAL,newformat_odds_history.csv
live,2026-09-06 12:08,2026-09-06,2026-09-13,Japan J-League,Tokyo Verdy,JEF United Chiba,btts,1.865,5.95,3.7,0.556,VALUABLE,new_format,,,WIN,0.865,,,,,,,,NO_CURVE,
live,2026-09-06 12:08,2026-09-06,2026-09-12,Japan J-League,Shimizu S Pulse,Avispa Fukuoka,btts,2.0,10.65,13.9,0.5532,SNIPER,new_format,,,LOSS,-1.0,,,,,,,,NO_CURVE,
live,2026-09-06 12:08,2026-09-06,2026-09-11,Denmark Superliga,FC Copenhagen,AC Horsens,btts,1.84,4.26,0.42,0.5458,VALUABLE,new_format,1.95,-5.64,LOSS,-1.0,,,1.91,1.95,4.0,-2.09,-5.64,NEUTRAL,newformat_odds_history.csv
live,2026-09-06 15:29,2026-09-06,2026-09-13,La Liga 2,Real Valladolid CF,Oviedo,btts,2.1,11.43,16.59,0.5576,MARKSMAN,standard,,,,,,,,,,,,NO_CURVE,
live,2026-09-06 15:29,2026-09-06,2026-09-13,Sweden Allsvenskan,Hammarby IF,IF Brommapojkarna,btts,1.78,8.0,6.84,0.5975,MARKSMAN,new_format,1.8,-1.11,WIN,0.78,,,,,,,,NO_CURVE,
live,2026-09-06 15:29,2026-09-06,2026-09-12,League Two,Gillingham,Tranmere Rovers,btts,1.75,5.25,1.78,0.5816,VALUABLE,standard,,,,,,,,,,,,NO_CURVE,
live,2026-09-06 15:29,2026-09-06,2026-09-06,Brazil Serie A,Internacional,Santos,btts,1.88,4.96,1.91,0.5421,VALUABLE,new_format,1.95,-3.59,WIN,0.88,,,1.8,1.95,4.0,-8.33,-3.59,CONFLICTED,newformat_odds_history.csv
live,2026-09-06 15:29,2026-09-06,2026-09-12,Championship,Charlton Athletic,Portsmouth,btts,1.85,4.29,0.53,0.5434,VALUABLE,standard,1.83,1.09,LOSS,-1.0,,,,,,,,NO_CURVE,
live,2026-09-06 15:29,2026-09-06,2026-09-11,Japan J-League,Kyoto Purple Sanga,Kashiwa Reysol,btts,1.77,4.02,-0.29,0.5633,VALUABLE,new_format,,,WIN,0.77,,,,,,,,NO_CURVE,
live,2026-09-06 17:42,2026-09-06,2026-09-13,La Liga 2,Mallorca,Sabadell FC,btts,1.95,6.44,5.14,0.5392,VALUABLE,standard,,,,,,,,,,,,NO_CURVE,
live,2026-09-06 17:42,2026-09-06,2026-09-12,Serie B,Südtirol,Modena,btts,1.83,4.72,1.23,0.5532,VALUABLE,standard,1.91,-4.19,WIN,0.83,,,,,,,,NO_CURVE,
live,2026-09-06 17:42,2026-09-06,2026-09-12,League One,Oxford United,Burton Albion,btts,1.725,4.55,0.44,0.5822,VALUABLE,standard,,,,,,,1.75,1.75,3.0,0.0,-1.43,NEUTRAL,standard_sidemarket_odds_history.csv
live,2026-09-06 19:45,2026-09-06,2026-09-13,Argentina Primera Division,Sarmiento de Junin,Belgrano de Cordoba,over15,1.51,11.94,10.63,0.7326,SNIPER,new_format,1.47,2.72,WIN,0.51,,,1.51,1.47,8.0,2.65,2.72,NEUTRAL,newformat_odds_dense.csv
live,2026-09-06 19:45,2026-09-06,2026-09-13,Argentina Primera Division,Sarmiento de Junin,Belgrano de Cordoba,btts,2.1,10.31,14.25,0.544,SNIPER,new_format,2.05,2.44,WIN,1.1,,,,,,,,NO_CURVE,
live,2026-09-06 19:45,2026-09-06,2026-09-13,Argentina Primera Division,CA Tigre BA,Rosario Central,btts,2.05,10.49,14.1,0.5488,SNIPER,new_format,2.2,-6.82,LOSS,-1.0,,,,,,,,NO_CURVE,
live,2026-09-06 19:45,2026-09-06,2026-09-13,La Liga 2,Tenerife,Leganés,btts,1.98,7.47,7.38,0.5423,VALUABLE,standard,,,,,,,2.1,2.2,2.0,-4.76,-10.0,CONFLICTED,standard_sidemarket_odds_history.csv
live,2026-09-06 19:45,2026-09-06,2026-09-13,Sweden Allsvenskan,Hammarby IF,IF Brommapojkarna,over35,1.93,4.06,0.44,0.5204,VALUABLE,new_format,1.8,7.22,WIN,0.93,,,1.93,1.8,14.0,6.74,7.22,CONFIRMED,newformat_odds_dense.csv
live,2026-09-06 21:51,2026-09-06,2026-09-13,Brazil Serie A,Flamengo,Corinthians,btts,2.2,13.15,21.52,0.5523,SNIPER,new_format,2.25,-2.22,WIN,1.2,,,2.2,2.25,8.0,-2.27,-2.22,NEUTRAL,newformat_odds_history.csv
live,2026-09-06 21:51,2026-09-06,2026-09-13,Argentina Primera Division,Argentinos Juniors,Gimnasia La Plata,btts,2.1,11.46,16.67,0.5556,SNIPER,new_format,2.05,2.44,WIN,1.1,,,,,,,,NO_CURVE,
live,2026-09-06 23:22,2026-09-06,2026-09-13,Argentina Primera Division,Independiente,San Lorenzo,over15,1.59,13.53,14.1,0.7176,SNIPER,new_format,1.59,0.0,WIN,0.59,,,1.57,1.59,15.0,-1.27,0.0,NEUTRAL,newformat_odds_history.csv
live,2026-09-06 23:22,2026-09-06,2026-09-13,Argentina Primera Division,Independiente,San Lorenzo,btts,2.25,11.39,18.22,0.5254,SNIPER,new_format,2.25,0.0,WIN,1.25,,,2.25,2.25,1.0,0.0,0.0,NEUTRAL,newformat_odds_history.csv
live,2026-09-07 01:11,2026-09-07,2026-09-14,Argentina Primera Division,Atlético Huracán,Racing Club,over15,1.67,17.16,21.25,0.7261,SNIPER,new_format,1.61,3.73,WIN,0.67,,,1.67,1.61,5.0,3.59,3.73,CONFIRMED,newformat_odds_dense.csv
live,2026-09-07 01:11,2026-09-07,2026-09-13,Argentina Primera Division,CA Tigre BA,Rosario Central,over15,1.57,16.27,18.13,0.7524,SNIPER,new_format,1.55,1.29,LOSS,-1.0,,,1.57,1.55,3.0,1.27,1.29,NEUTRAL,newformat_odds_dense.csv
live,2026-09-07 01:11,2026-09-07,2026-09-14,Argentina Primera Division,Atlético Huracán,Racing Club,btts,2.32,12.58,21.78,0.5249,SNIPER,new_format,2.25,3.11,WIN,1.32,,,,,,,,NO_CURVE,
live,2026-09-07 10:13,2026-09-07,2026-09-13,La Liga 2,Real Valladolid CF,Oviedo,over15,1.5,14.39,14.18,0.7612,SNIPER,standard,,,,,,,1.5,1.49,4.0,0.67,0.67,NEUTRAL,standard_odds_history.csv
live,2026-09-07 10:13,2026-09-07,2026-09-13,La Liga 2,Sporting Gijón,CD Eldense,btts,1.85,5.4,2.58,0.5545,VALUABLE,standard,,,,,,,,,,,,NO_CURVE,
live,2026-09-07 10:13,2026-09-07,2026-09-12,League One,Cambridge United,Reading,btts,1.715,4.22,-0.17,0.5821,VALUABLE,standard,,,,,,,1.7,1.75,6.0,-2.94,-2.0,NEUTRAL,standard_sidemarket_odds_history.csv
live,2026-09-07 14:13,2026-09-07,2026-09-11,Serie B,Pisa,Virtus Entella,btts,2.15,10.3,14.73,0.5336,SNIPER,standard,2.05,4.88,WIN,1.15,,,2.2,2.05,5.0,6.82,4.88,CONFIRMED,standard_sidemarket_odds_history.csv
live,2026-09-07 14:13,2026-09-07,2026-09-12,Serie B,Vicenza,Juve Stabia,btts,2.0,7.03,6.65,0.529,MARKSMAN,standard,1.91,4.71,WIN,1.0,,,,,,,,NO_CURVE,
live,2026-09-07 14:13,2026-09-07,2026-09-11,Serie B,Empoli,Arezzo,btts,1.91,6.06,4.17,0.5454,VALUABLE,standard,1.91,0.0,LOSS,-1.0,,,1.95,1.91,2.0,2.05,0.0,NEUTRAL,standard_sidemarket_odds_history.csv
live,2026-09-07 14:13,2026-09-07,2026-09-12,Ligue 2,Sochaux,Nantes,btts,1.85,5.8,3.32,0.5585,VALUABLE,standard,,,,,,,,,,,,NO_CURVE,
live,2026-09-07 14:13,2026-09-07,2026-09-12,Serie B,Padova,Ascoli,btts,1.91,4.8,1.75,0.5327,VALUABLE,standard,1.8,6.11,LOSS,-1.0,,,2.0,1.8,3.0,10.0,6.11,CONFIRMED,standard_sidemarket_odds_history.csv
live,2026-09-07 14:13,2026-09-07,2026-09-11,Ligue 2,Nancy,Stade de Reims,btts,1.8,4.52,0.74,0.5596,VALUABLE,standard,,,,,,,,,,,,NO_CURVE,
live,2026-09-07 14:13,2026-09-07,2026-09-11,Ligue 2,Dijon,Stade Lavallois,btts,1.8,4.37,0.45,0.5581,VALUABLE,standard,,,,,,,,,,,,NO_CURVE,
live,2026-09-07 18:52,2026-09-07,2026-09-14,Ireland Premier Division,Shelbourne Dublin,Drogheda United,btts,1.73,4.06,-0.38,0.5758,VALUABLE,new_format,1.8,-3.89,WIN,0.73,,,,,,,,NO_CURVE,
live,2026-09-07 22:00,2026-09-07,2026-09-13,Serie B,Mantova,Sampdoria,btts,1.91,9.53,10.8,0.5801,SNIPER,standard,1.8,6.11,LOSS,-1.0,,,2.0,1.8,4.0,10.0,6.11,CONFIRMED,standard_sidemarket_odds_history.csv
live,2026-09-07 22:00,2026-09-07,2026-09-13,Serie B,Avellino,Palermo,btts,1.8,5.21,1.97,0.5665,VALUABLE,standard,1.91,-5.76,WIN,0.8,,,1.95,1.91,2.0,2.05,-5.76,NEUTRAL,standard_sidemarket_odds_history.csv
live,2026-09-08 00:14,2026-09-08,2026-09-14,Argentina Primera Division,Banfield,Barracas Central,over15,1.59,14.51,15.67,0.7275,SNIPER,new_format,1.6,-0.63,WIN,0.59,,,1.57,1.6,9.0,-1.91,-0.62,NEUTRAL,newformat_odds_history.csv
live,2026-09-08 00:14,2026-09-08,2026-09-14,Argentina Primera Division,Deportivo Riestra,Lanus,over15,1.7,13.96,16.32,0.6842,SNIPER,new_format,1.74,-2.3,WIN,0.7,,,1.67,1.74,14.0,-4.19,-2.3,CONFLICTED,newformat_odds_history.csv
live,2026-09-08 00:14,2026-09-08,2026-09-14,Argentina Primera Division,Deportivo Riestra,Lanus,btts,2.35,10.82,18.02,0.5022,SNIPER,new_format,2.38,-1.26,LOSS,-1.0,,,2.38,2.38,5.0,0.0,-1.26,NEUTRAL,newformat_odds_history.csv
live,2026-09-08 00:14,2026-09-08,2026-09-14,Argentina Primera Division,Banfield,Barracas Central,btts,2.22,10.4,15.69,0.5211,SNIPER,new_format,2.2,0.91,WIN,1.22,,,2.25,2.2,2.0,2.22,0.91,NEUTRAL,newformat_odds_history.csv
live,2026-09-08 00:14,2026-09-08,2026-09-14,Brazil Serie A,Bahia,Remo,btts,1.83,6.69,4.83,0.5728,VALUABLE,new_format,1.75,4.57,WIN,0.83,,,1.95,1.75,4.0,10.26,4.57,CONFIRMED,newformat_odds_history.csv
live,2026-09-08 04:28,2026-09-08,2026-09-15,Argentina Primera Division,Instituto de Córdoba,Estudiantes de Río Cuarto,btts,2.64,18.56,41.59,0.5363,SNIPER,new_format,2.75,-4.0,WIN,1.64,,,,,,,,NO_CURVE,
live,2026-09-08 20:12,2026-09-08,2026-09-11,Ligue 2,Clermont,Boulogne,over35,4.3,10.71,38.65,0.3224,SNIPER,standard,,,,,,,4.3,4.3,1.0,0.0,0.0,NEUTRAL,standard_odds_history.csv
live,2026-09-08 20:12,2026-09-08,2026-09-14,La Liga 2,Celta Fortuna,SD Eibar,btts,1.83,4.82,1.41,0.5541,VALUABLE,standard,,,,,,,,,,,,NO_CURVE,
live,2026-09-09 12:57,2026-09-09,2026-09-11,Ligue 2,Montpellier,Pau FC,btts,1.8,4.2,0.15,0.5564,VALUABLE,standard,,,,,,,,,,,,NO_CURVE,
live,2026-09-09 15:52,2026-09-09,2026-09-11,Ligue 2,Clermont,Boulogne,over15,1.55,18.78,21.71,0.7852,SNIPER,standard,,,,,,,1.55,1.56,2.0,-0.65,-0.64,NEUTRAL,standard_odds_history.csv
live,2026-09-09 15:52,2026-09-09,2026-09-09,Championship,Derby County,West Bromwich Albion,btts,1.795,4.14,0.02,0.5572,VALUABLE,standard,1.8,-0.28,LOSS,-1.0,,,,,,,,NO_CURVE,
live,2026-09-10 09:41,2026-09-10,2026-09-13,Norway Eliteserien,IK Start,SK Brann,over35,2.28,10.12,15.67,0.4845,SNIPER,new_format,2.28,0.0,LOSS,-1.0,,,2.25,2.28,4.0,-1.33,0.0,NEUTRAL,newformat_odds_dense.csv
live,2026-09-10 09:41,2026-09-10,2026-09-14,Ligue 2,Red Star,Metz,btts,1.85,10.07,11.21,0.6051,SNIPER,standard,,,,,,,,,,,,NO_CURVE,
live,2026-09-10 09:41,2026-09-10,2026-09-14,Finland Veikkausliiga,FC Inter Turku,VPS Vaasa,btts,1.85,5.99,3.67,0.5604,VALUABLE,new_format,1.95,-5.13,LOSS,-1.0,,,,,,,,NO_CURVE,
live,2026-09-10 09:41,2026-09-10,2026-09-12,Norway Eliteserien,Lillestrom,Vålerenga,over35,2.14,5.84,5.1,0.4911,VALUABLE,new_format,1.96,9.18,LOSS,-1.0,,,2.0,1.91,2.0,4.5,12.04,CONFIRMED,newformat_odds_history.csv
live,2026-09-10 09:41,2026-09-10,2026-09-16,Mexico Liga MX,Puebla,Toluca,over35,2.38,4.93,4.32,0.4383,VALUABLE,new_format,2.36,0.85,LOSS,-1.0,,,2.38,2.36,11.0,0.84,0.85,NEUTRAL,newformat_odds_history.csv
live,2026-09-11 09:10,2026-09-11,2026-09-12,Championship,Derby County,Birmingham City,btts,1.815,4.36,0.51,0.5538,VALUABLE,standard,1.83,-0.82,WIN,0.815,,,,,,,,NO_CURVE,
live,2026-09-11 16:52,2026-09-11,2026-09-12,League Two,Colchester United,Crewe Alexandra,over15,1.26,5.11,-0.97,0.7859,VALUABLE,standard,,,,,,,1.26,1.26,1.0,0.0,0.0,NEUTRAL,standard_odds_history.csv
live,2026-09-11 19:24,2026-09-11,2026-09-18,Ligue 2,Grenoble,Clermont,btts,1.905,5.32,2.73,0.5393,VALUABLE,standard,,,,,,,,,,,,NO_CURVE,
live,2026-09-11 19:24,2026-09-11,2026-09-18,Ireland Premier Division,Bohemians,Drogheda United,btts,1.78,4.49,0.58,0.5651,VALUABLE,new_format,1.8,-1.11,WIN,0.78,,,1.91,1.8,4.0,5.76,-1.11,CONFIRMED,newformat_odds_history.csv
live,2026-09-11 21:51,2026-09-11,2026-09-18,Argentina Primera Division,Central Córdoba,Defensa y Justicia,btts,2.01,8.86,10.41,0.5378,MARKSMAN,new_format,2.0,0.5,WIN,1.01,,,,,,,,NO_CURVE,
live,2026-09-11 21:51,2026-09-11,2026-09-13,Brazil Serie A,Flamengo,Corinthians,over15,1.3,7.42,2.23,0.7864,VALUABLE,new_format,1.3,0.0,WIN,0.3,,,1.3,1.3,5.0,0.0,0.0,NEUTRAL,newformat_odds_history.csv
live,2026-09-11 21:51,2026-09-11,2026-09-18,Serie B,Juve Stabia,Cesena FC,btts,1.76,4.36,0.27,0.5697,VALUABLE,standard,1.7,3.53,WIN,0.76,,,,,,,,NO_CURVE,
live,2026-09-12 02:02,2026-09-12,2026-09-19,Argentina Primera Division,Racing Club,Sarmiento de Junin,btts,2.16,12.19,18.93,0.5506,SNIPER,new_format,1.95,10.77,WIN,1.16,,,,,,,,NO_CURVE,
live,2026-09-12 04:31,2026-09-12,2026-09-15,Championship,Middlesbrough,Millwall,btts,1.71,4.02,-0.54,0.5817,VALUABLE,standard,1.73,-1.16,WIN,0.71,,,1.73,1.73,5.0,0.0,-1.16,NEUTRAL,standard_sidemarket_odds_history.csv
live,2026-09-12 13:59,2026-09-12,2026-09-19,Serie B,Cremonese,Virtus Entella,btts,1.95,9.06,10.26,0.5573,SNIPER,standard,1.95,0.0,LOSS,-1.0,,,1.95,1.95,1.0,0.0,0.0,NEUTRAL,standard_sidemarket_odds_history.csv
live,2026-09-12 13:59,2026-09-12,2026-09-19,Ligue 2,Boulogne,Nantes,btts,1.9,7.72,7.27,0.5646,VALUABLE,standard,,,,,,,,,,,,NO_CURVE,
live,2026-09-12 13:59,2026-09-12,2026-09-12,Championship,Blackburn Rovers,Millwall,btts,1.81,5.17,1.96,0.5633,VALUABLE,standard,1.67,8.38,WIN,0.81,,,,,,,,NO_CURVE,
live,2026-09-12 13:59,2026-09-12,2026-09-19,Serie B,Palermo,Padova,btts,1.82,4.5,0.79,0.5538,VALUABLE,standard,1.8,1.11,WIN,0.82,,,1.75,1.8,2.0,-2.86,1.11,NEUTRAL,standard_sidemarket_odds_history.csv
live,2026-09-12 15:35,2026-09-12,2026-09-16,Brazil Serie A,Botafogo,Grêmio,btts,1.91,8.77,9.34,0.5725,MARKSMAN,new_format,1.7,12.35,WIN,0.91,,,1.75,1.7,2.0,2.86,12.35,NEUTRAL,newformat_odds_history.csv
live,2026-09-12 15:35,2026-09-12,2026-09-19,League One,Leyton Orient,Stevenage,btts,1.83,9.35,9.7,0.5924,MARKSMAN,standard,,,,,,,1.95,1.95,5.0,0.0,-6.15,NEUTRAL,standard_sidemarket_odds_history.csv
live,2026-09-12 15:35,2026-09-12,2026-09-19,Serie B,Sampdoria,US Catanzaro 1929,btts,1.88,7.55,6.79,0.568,MARKSMAN,standard,1.75,7.43,WIN,0.88,,,,,,,,NO_CURVE,
live,2026-09-12 15:35,2026-09-12,2026-09-19,League Two,Salford City,Swindon Town,btts,1.73,4.83,0.96,0.5836,VALUABLE,standard,,,,,,,1.73,1.62,3.0,6.36,6.79,CONFIRMED,standard_sidemarket_odds_history.csv
live,2026-09-12 15:35,2026-09-12,2026-09-19,League Two,Northampton Town,Rotherham United,btts,1.83,4.5,0.84,0.551,VALUABLE,standard,,,,,,,,,,,,NO_CURVE,
live,2026-09-12 15:35,2026-09-12,2026-09-12,Mexico Liga MX,Toluca,Atlas,btts,1.75,4.47,0.42,0.5738,VALUABLE,new_format,1.91,-8.38,WIN,0.75,,,1.75,1.91,3.0,-9.14,-8.38,CONFLICTED,newformat_odds_history.csv
live,2026-09-12 17:52,2026-09-12,2026-09-19,Argentina Primera Division,Gimnasia Mendoza,Deportivo Riestra,over15,1.61,13.73,14.7,0.7124,SNIPER,new_format,1.6,0.63,LOSS,-1.0,,,1.61,1.6,6.0,0.62,0.63,NEUTRAL,newformat_odds_dense.csv
live,2026-09-12 17:52,2026-09-12,2026-09-19,Argentina Primera Division,Gimnasia Mendoza,Deportivo Riestra,btts,2.24,11.76,18.95,0.531,SNIPER,new_format,2.38,-5.88,LOSS,-1.0,,,,,,,,NO_CURVE,
live,2026-09-12 17:52,2026-09-12,2026-09-19,Argentina Primera Division,Gimnasia La Plata,Banfield,btts,2.01,8.48,9.63,0.5454,MARKSMAN,new_format,2.0,0.5,WIN,1.01,,,,,,,,NO_CURVE,
live,2026-09-12 19:52,2026-09-12,2026-09-19,Brazil Serie A,Atletico Mineiro,Chapecoense,btts,2.0,9.45,11.49,0.5575,MARKSMAN,new_format,,,WIN,1.0,,,,,,,,NO_CURVE,
live,2026-09-12 19:52,2026-09-12,2026-09-19,Argentina Primera Division,Union Santa Fe,Independiente,btts,2.0,8.12,8.84,0.5318,MARKSMAN,new_format,2.05,-2.44,WIN,1.0,,,2.0,2.05,4.0,-2.5,-2.44,NEUTRAL,newformat_odds_history.csv
live,2026-09-12 23:35,2026-09-12,2026-09-19,Argentina Primera Division,River Plate,Atlético Huracán,btts,2.405,15.15,29.03,0.5365,SNIPER,new_format,2.38,1.05,WIN,1.405,,,,,,,,NO_CURVE,
live,2026-09-12 23:35,2026-09-12,2026-09-19,Brazil Serie A,Vasco da Gama,Coritiba,btts,1.95,10.15,12.38,0.5668,SNIPER,new_format,1.95,0.0,LOSS,-1.0,,,1.95,1.95,1.0,0.0,0.0,NEUTRAL,newformat_odds_history.csv
live,2026-09-13 01:26,2026-09-13,2026-09-20,Argentina Primera Division,Instituto de Córdoba,Talleres,btts,2.02,10.04,12.88,0.5588,SNIPER,new_format,2.25,-10.22,WIN,1.02,,,,,,,,NO_CURVE,
live,2026-09-13 01:26,2026-09-13,2026-09-20,Brazil Serie A,Sao Paulo,Internacional,btts,2.05,10.52,14.17,0.5654,SNIPER,new_format,2.05,0.0,LOSS,-1.0,,,1.95,2.05,4.0,-5.13,0.0,CONFLICTED,newformat_odds_history.csv
live,2026-09-13 10:15,2026-09-13,2026-09-13,La Liga 2,Tenerife,Leganés,over15,1.49,12.84,11.72,0.7498,SNIPER,standard,,,,,,,1.44,1.5,4.0,-4.17,-0.67,CONFLICTED,standard_sidemarket_odds_history.csv
live,2026-09-13 13:20,2026-09-13,2026-09-19,Japan J-League,Urawa Red Diamonds,Tokyo Verdy,btts,2.01,9.05,10.79,0.5512,MARKSMAN,new_format,,,WIN,1.01,,,,,,,,NO_CURVE,
live,2026-09-13 13:20,2026-09-13,2026-09-20,Serie B,Arezzo,Südtirol,btts,1.93,9.1,10.16,0.5534,SNIPER,standard,2.0,-3.5,WIN,0.93,,,2.0,2.0,1.0,0.0,-3.5,NEUTRAL,standard_sidemarket_odds_history.csv
live,2026-09-13 13:20,2026-09-13,2026-09-20,Bundesliga 2,Arminia Bielefeld,1. FC Heidenheim,over35,2.3,5.44,5.1,0.457,VALUABLE,standard,,,,,,,2.25,2.25,8.0,0.0,2.22,NEUTRAL,standard_sidemarket_odds_history.csv
live,2026-09-13 13:20,2026-09-13,2026-09-20,Serie B,Hellas Verona,Vicenza,btts,1.83,4.14,0.17,0.5474,VALUABLE,standard,1.7,7.65,WIN,0.83,,,,,,,,NO_CURVE,
live,2026-09-13 19:29,2026-09-13,2026-09-20,Argentina Primera Division,San Lorenzo,Boca Juniors,over15,1.61,16.28,18.8,0.7379,SNIPER,new_format,1.59,1.26,WIN,0.61,,,1.57,1.59,16.0,-1.27,1.26,NEUTRAL,newformat_odds_history.csv
live,2026-09-13 19:29,2026-09-13,2026-09-20,Argentina Primera Division,San Lorenzo,Boca Juniors,btts,2.33,13.64,24.38,0.5338,SNIPER,new_format,2.1,10.95,LOSS,-1.0,,,2.38,2.1,5.0,11.76,10.95,CONFIRMED,newformat_odds_history.csv
live,2026-09-13 19:29,2026-09-13,2026-09-20,La Liga 2,Leganés,Granada CF,btts,2.05,11.35,15.86,0.5657,MARKSMAN,standard,,,,,,,,,,,,NO_CURVE,
live,2026-09-13 19:29,2026-09-13,2026-09-20,Brazil Serie A,Corinthians,Fluminense,btts,2.05,8.33,9.67,0.5289,MARKSMAN,new_format,2.0,2.5,WIN,1.05,,,2.05,2.0,2.0,2.44,2.5,NEUTRAL,newformat_odds_history.csv
live,2026-09-13 19:29,2026-09-13,2026-09-19,Norway Eliteserien,Molde,Aalesund,over35,1.75,4.97,1.28,0.5788,VALUABLE,new_format,1.56,12.18,LOSS,-1.0,,,1.53,1.56,7.0,-1.96,12.18,NEUTRAL,newformat_odds_history.csv
live,2026-09-13 19:29,2026-09-13,2026-09-20,Serie B,Modena,Empoli,btts,1.8,4.94,1.49,0.5638,VALUABLE,standard,1.91,-5.76,WIN,0.8,,,1.91,1.91,1.0,0.0,-5.76,NEUTRAL,standard_sidemarket_odds_history.csv
live,2026-09-13 21:43,2026-09-13,2026-09-20,Argentina Primera Division,Rosario Central,Argentinos Juniors,over15,1.53,14.26,14.41,0.7478,SNIPER,new_format,1.44,6.25,LOSS,-1.0,,,1.53,1.44,7.0,5.88,6.25,CONFIRMED,newformat_odds_dense.csv
live,2026-09-13 21:43,2026-09-13,2026-09-20,Argentina Primera Division,Rosario Central,Argentinos Juniors,btts,2.1,12.17,18.15,0.5626,SNIPER,new_format,2.1,0.0,LOSS,-1.0,,,,,,,,NO_CURVE,
live,2026-09-13 21:43,2026-09-13,2026-09-20,Argentina Primera Division,Platense,Newells Old Boys,over15,1.54,12.1,11.23,0.7223,SNIPER,new_format,1.55,-0.65,LOSS,-1.0,,,1.53,1.55,10.0,-1.31,-0.65,NEUTRAL,newformat_odds_history.csv
live,2026-09-13 21:43,2026-09-13,2026-09-20,Argentina Primera Division,Platense,Newells Old Boys,btts,2.15,11.24,16.75,0.543,SNIPER,new_format,2.25,-4.44,LOSS,-1.0,,,2.2,2.25,4.0,-2.27,-4.44,NEUTRAL,newformat_odds_history.csv
live,2026-09-13 21:43,2026-09-13,2026-09-20,Brazil Serie A,Flamengo,Bragantino-SP,btts,1.91,4.76,1.68,0.5323,VALUABLE,new_format,,,WIN,0.91,,,,,,,,NO_CURVE,
live,2026-09-13 23:48,2026-09-13,2026-09-20,Argentina Primera Division,Belgrano de Cordoba,Estudiantes de Río Cuarto,btts,2.565,19.39,42.34,0.5549,SNIPER,new_format,2.62,-2.1,WIN,1.565,,,,,,,,NO_CURVE,
live,2026-09-13 23:48,2026-09-13,2026-09-19,Championship,Burnley,Derby County,btts,1.735,4.06,-0.37,0.5742,VALUABLE,standard,1.73,0.29,WIN,0.735,,,,,,,,NO_CURVE,
live,2026-09-14 02:14,2026-09-14,2026-09-21,Argentina Primera Division,Velez Sarsfield BA,CA Tigre BA,over15,1.54,14.63,15.13,0.7476,SNIPER,new_format,1.58,-2.53,WIN,0.54,,,1.54,1.58,8.0,-2.6,-2.53,NEUTRAL,newformat_odds_dense.csv
live,2026-09-14 02:14,2026-09-14,2026-09-21,Argentina Primera Division,Velez Sarsfield BA,CA Tigre BA,btts,2.11,10.63,15.01,0.5451,SNIPER,new_format,2.25,-6.22,WIN,1.11,,,,,,,,NO_CURVE,
live,2026-09-14 02:14,2026-09-14,2026-09-19,Championship,Portsmouth,Blackburn Rovers,btts,1.8,4.09,-0.04,0.5553,VALUABLE,standard,1.83,-1.64,WIN,0.8,,,,,,,,NO_CURVE,
live,2026-09-14 10:35,2026-09-14,2026-09-19,Serie B,Ascoli,Avellino,btts,1.785,4.0,-0.26,0.5588,VALUABLE,standard,1.75,2.0,WIN,0.785,,,1.75,1.75,1.0,0.0,2.0,NEUTRAL,standard_sidemarket_odds_history.csv
live,2026-09-14 15:01,2026-09-14,2026-09-20,La Liga 2,Sabadell FC,Oviedo,over15,1.45,10.8,8.25,0.7465,SNIPER,standard,,,,,,,1.45,1.49,2.0,-2.76,-2.68,NEUTRAL,standard_odds_history.csv
live,2026-09-14 15:01,2026-09-14,2026-09-20,La Liga 2,Sabadell FC,Oviedo,btts,2.0,9.04,10.68,0.5534,VALUABLE,standard,,,,,,,,,,,,NO_CURVE,
live,2026-09-14 15:01,2026-09-14,2026-09-19,Ireland Premier Division,Sligo Rovers,St Patricks Athletic,btts,1.91,6.3,4.62,0.5477,VALUABLE,new_format,,,,,,,,,,,,NO_CURVE,
live,2026-09-14 15:01,2026-09-14,2026-09-18,Ligue 2,Stade Lavallois,Sochaux,btts,1.83,6.08,3.72,0.5668,VALUABLE,standard,,,,,,,,,,,,NO_CURVE,
live,2026-09-14 15:01,2026-09-14,2026-09-19,La Liga 2,CD Eldense,SD Eibar,btts,1.83,5.94,3.46,0.5653,VALUABLE,standard,,,,,,,,,,,,NO_CURVE,
live,2026-09-14 15:01,2026-09-14,2026-09-18,Finland Veikkausliiga,AC Oulu,FC Inter Turku,btts,1.75,4.47,0.42,0.5738,VALUABLE,new_format,1.91,-8.38,LOSS,-1.0,,,,,,,,NO_CURVE,
live,2026-09-14 15:01,2026-09-14,2026-09-20,La Liga 2,Almería,Celta Fortuna,btts,1.78,4.17,0.02,0.5619,VALUABLE,standard,,,,,,,,,,,,NO_CURVE,
live,2026-09-14 15:01,2026-09-14,2026-09-20,Japan J-League,Gamba Osaka,Vissel Kobe,btts,1.755,4.05,-0.31,0.568,VALUABLE,new_format,,,LOSS,-1.0,,,,,,,,NO_CURVE,
live,2026-09-14 19:51,2026-09-14,2026-09-21,Argentina Primera Division,Aldosivi Mar del Plata,Atlético Tucuman,over15,1.59,12.14,11.89,0.7037,SNIPER,new_format,1.53,3.92,LOSS,-1.0,,,,,,,,NO_CURVE,
live,2026-09-14 19:51,2026-09-14,2026-09-21,Argentina Primera Division,Aldosivi Mar del Plata,Atlético Tucuman,btts,2.2,10.2,15.02,0.5228,SNIPER,new_format,2.1,4.76,LOSS,-1.0,,,,,,,,NO_CURVE,
live,2026-09-14 19:51,2026-09-14,2026-09-20,Sweden Allsvenskan,Degerfors IF,Hammarby IF,btts,1.825,4.06,-0.0,0.5479,VALUABLE,new_format,1.91,-4.45,LOSS,-1.0,,,,,,,,NO_CURVE,
live,2026-09-14 23:06,2026-09-14,2026-09-15,Argentina Primera Division,Instituto de Córdoba,Estudiantes de Río Cuarto,over15,1.57,16.2,18.02,0.7517,SNIPER,new_format,1.57,0.0,WIN,0.57,,,,,,,,NO_CURVE,
live,2026-09-14 23:06,2026-09-14,2026-09-21,Argentina Primera Division,Barracas Central,Independiente Rivadavia,over15,1.56,13.82,14.15,0.7318,SNIPER,new_format,1.51,3.31,LOSS,-1.0,,,1.56,1.51,4.0,3.21,3.31,CONFIRMED,newformat_odds_dense.csv
live,2026-09-14 23:06,2026-09-14,2026-09-21,Argentina Primera Division,Barracas Central,Independiente Rivadavia,btts,2.13,10.07,14.05,0.531,SNIPER,new_format,,,LOSS,-1.0,,,,,,,,NO_CURVE,
live,2026-09-15 01:25,2026-09-15,2026-09-22,Argentina Primera Division,Lanus,Estudiantes,over15,1.56,14.11,14.6,0.7346,SNIPER,new_format,1.56,0.0,WIN,0.56,,,1.56,1.56,3.0,0.0,0.0,NEUTRAL,newformat_odds_dense.csv
live,2026-09-15 01:25,2026-09-15,2026-09-22,Argentina Primera Division,Lanus,Estudiantes,btts,2.2,12.75,20.63,0.5483,SNIPER,new_format,2.25,-2.22,WIN,1.2,,,,,,,,NO_CURVE,
live,2026-09-15 13:30,2026-09-15,2026-09-20,Austrian Bundesliga,Hartberg,LASK,btts,1.84,8.64,8.49,0.5896,MARKSMAN,new_format,1.8,2.22,WIN,0.84,,,,,,,,NO_CURVE,
live,2026-09-16 09:55,2026-09-16,2026-09-20,La Liga 2,Las Palmas,Burgos CF,btts,1.91,4.51,1.22,0.5299,VALUABLE,standard,,,,,,,,,,,,NO_CURVE,
live,2026-09-16 17:46,2026-09-16,2026-09-19,League One,Leyton Orient,Stevenage,over15,1.36,9.48,5.49,0.7756,SNIPER,standard,,,,,,,1.36,1.34,3.0,1.47,1.49,NEUTRAL,standard_sidemarket_odds_history.csv
live,2026-09-16 17:46,2026-09-16,2026-09-21,Mexico Liga MX,Toluca,Santos Laguna,over35,1.91,4.63,1.43,0.531,VALUABLE,new_format,1.83,4.37,WIN,0.91,,,2.0,1.83,8.0,8.5,4.37,CONFIRMED,newformat_odds_history.csv
live,2026-09-16 23:48,2026-09-16,2026-09-19,Japan J-League,Avispa Fukuoka,Hiroshima Sanfrecce FC,btts,1.7,5.43,1.82,0.5989,VALUABLE,new_format,,,,,,,,,,,,NO_CURVE,
live,2026-09-17 13:24,2026-09-17,2026-09-20,Sweden Allsvenskan,Degerfors IF,Hammarby IF,over35,2.31,4.55,3.1,0.4463,VALUABLE,new_format,2.31,0.0,LOSS,-1.0,,,2.02,2.31,7.0,-14.36,0.0,CONFLICTED,newformat_odds_dense.csv
live,2026-09-17 17:48,2026-09-17,2026-09-19,Austrian Bundesliga,Grazer AK,Austria Wien,btts,1.75,4.26,0.05,0.5717,VALUABLE,new_format,1.8,-2.78,WIN,0.75,,,,,,,,NO_CURVE,
live,2026-09-18 12:59,2026-09-18,2026-09-19,Mexico Liga MX,Atlas,Pumas,btts,1.68,4.07,-0.58,0.5918,VALUABLE,new_format,1.7,-1.18,WIN,0.68,,,,,,,,NO_CURVE,
live,2026-09-19 09:02,2026-09-19,2026-09-20,Argentina Primera Division,Instituto de Córdoba,Talleres,over15,1.5,12.74,11.71,0.7447,SNIPER,new_format,1.52,-1.32,WIN,0.5,,,1.5,1.52,2.0,-1.33,-1.32,NEUTRAL,newformat_odds_dense.csv
live,2026-09-19 09:02,2026-09-19,2026-09-19,Japan J-League,Shimizu S Pulse,JEF United Chiba,btts,1.93,7.39,6.85,0.5536,VALUABLE,new_format,,,WIN,0.93,,,,,,,,NO_CURVE,
live,2026-09-19 09:02,2026-09-19,2026-09-19,La Liga 2,CD Castellón,Tenerife,btts,1.975,6.39,5.22,0.5328,VALUABLE,standard,,,,,,,,,,,,NO_CURVE,
live,2026-09-19 18:37,2026-09-19,2026-09-26,La Liga 2,Tenerife,Cádiz CF,btts,2.05,15.35,24.06,0.5405,SNIPER,standard,,,,,,,,,,,,NO_CURVE,
live,2026-09-19 18:37,2026-09-19,2026-09-26,La Liga 2,Celta Fortuna,Sabadell FC,btts,1.84,5.47,2.65,0.5579,VALUABLE,standard,,,,,,,,,,,,NO_CURVE,
live,2026-09-19 21:03,2026-09-19,2026-09-20,Mexico Liga MX,Monterrey,Cruz Azul,over35,2.38,4.66,3.69,0.4357,VALUABLE,new_format,2.38,0.0,LOSS,-1.0,,,2.5,2.38,9.0,4.8,0.0,CONFIRMED,newformat_odds_history.csv
live,2026-09-19 21:03,2026-09-19,2026-09-26,League One,Cambridge United,Wimbledon,btts,1.775,12.21,14.26,0.5673,SNIPER,standard,,,,,,,,,,,,NO_CURVE,
live,2026-09-20 16:48,2026-09-20,2026-09-27,La Liga 2,Burgos CF,CD Eldense,btts,1.94,6.48,5.17,0.5421,VALUABLE,standard,,,,,,,,,,,,NO_CURVE,
live,2026-09-20 16:48,2026-09-20,2026-09-27,La Liga 2,SD Eibar,Las Palmas,btts,1.76,5.91,2.99,0.5852,VALUABLE,standard,,,,,,,,,,,,NO_CURVE,
live,2026-09-20 21:43,2026-09-20,2026-09-20,Argentina Primera Division,Belgrano de Cordoba,Estudiantes de Río Cuarto,over15,1.48,11.85,10.14,0.7442,SNIPER,new_format,1.48,0.0,WIN,0.48,,,,,,,,NO_CURVE,
live,2026-09-20 21:43,2026-09-20,2026-09-27,La Liga 2,Oviedo,Sporting Gijón,btts,1.98,11.32,15.0,0.5444,MARKSMAN,standard,,,,,,,2.0,2.1,8.0,-5.0,-5.71,CONFLICTED,standard_sidemarket_odds_history.csv
live,2026-09-22 09:55,2026-09-22,2026-09-26,League Two,Port Vale,Northampton Town,btts,1.845,4.17,0.28,0.5435,VALUABLE,standard,,,,,,,,,,,,NO_CURVE,
live,2026-09-22 13:22,2026-09-22,2026-09-26,USA MLS,Charlotte FC,Chicago Fire,over35,2.04,13.17,19.45,0.5856,SNIPER,new_format,,,,,,,2.04,2.01,7.0,1.47,1.49,NEUTRAL,newformat_odds_dense.csv
live,2026-09-22 13:22,2026-09-22,2026-09-26,Mexico Liga MX,Tijuana,Atlas,btts,1.7,10.42,10.31,0.6489,SNIPER,new_format,1.7,0.0,WIN,0.7,,,,,,,,NO_CURVE,
live,2026-09-22 13:22,2026-09-22,2026-09-26,League One,Milton Keynes Dons,Bromley FC,btts,1.67,13.05,14.38,0.6535,SNIPER,standard,,,,,,,,,,,,NO_CURVE,
live,2026-09-22 13:22,2026-09-22,2026-09-25,La Liga 2,Girona FC,Albacete,btts,1.7,14.73,17.64,0.6437,SNIPER,standard,,,,,,,,,,,,NO_CURVE,
live,2026-09-22 13:22,2026-09-22,2026-09-26,La Liga 2,Granada CF,Andorra CF,btts,1.775,7.03,5.06,0.5919,VALUABLE,standard,,,,,,,,,,,,NO_CURVE,
live,2026-09-22 13:22,2026-09-22,2026-09-27,Mexico Liga MX,Pumas,Atlético San Luis,btts,1.58,8.15,5.48,0.657,MARKSMAN,new_format,1.62,-2.47,WIN,0.58,,,,,,,,NO_CURVE,
live,2026-09-22 13:22,2026-09-22,2026-09-27,USA MLS,Real Salt Lake,New England Revolution,btts,1.49,14.29,13.88,0.6838,SNIPER,new_format,1.5,-0.67,LOSS,-1.0,,,1.5,1.5,1.0,0.0,-0.67,NEUTRAL,newformat_odds_history.csv
live,2026-09-22 13:22,2026-09-22,2026-09-26,La Liga 2,AD Ceuta FC,Real Sociedad B,btts,1.61,12.72,13.08,0.6336,MARKSMAN,standard,,,,,,,,,,,,NO_CURVE,
live,2026-09-22 13:22,2026-09-22,2026-09-26,League Two,Bristol Rovers,Exeter City,btts,1.73,10.93,11.5,0.6043,SNIPER,standard,,,,,,,1.73,1.8,4.0,-4.05,-3.89,CONFLICTED,standard_sidemarket_odds_history.csv
live,2026-09-22 13:22,2026-09-22,2026-09-27,USA MLS,FC Dallas,Los Angeles FC,over35,2.31,26.25,53.22,0.4502,SNIPER,new_format,2.39,-3.35,LOSS,-1.0,,,2.25,2.39,14.0,-6.22,-3.35,CONFLICTED,newformat_odds_history.csv
live,2026-09-22 13:22,2026-09-22,2026-09-26,League Two,Swindon Town,Accrington Stanley,btts,1.65,4.62,0.22,0.6074,VALUABLE,standard,,,,,,,,,,,,NO_CURVE,
live,2026-09-22 13:22,2026-09-22,2026-09-26,USA MLS,Charlotte FC,Chicago Fire,btts,1.4,13.01,10.81,0.7033,SNIPER,new_format,,,,,,,,,,,,NO_CURVE,
live,2026-09-22 13:22,2026-09-22,2026-09-26,League One,Plymouth Argyle,Burton Albion,btts,1.69,4.07,-0.52,0.5886,VALUABLE,standard,,,,,,,,,,,,NO_CURVE,
live,2026-09-22 23:47,2026-09-22,2026-09-26,USA MLS,Philadelphia Union,Orlando City SC,btts,1.42,14.49,13.17,0.6925,SNIPER,new_format,,,,,,,1.44,1.36,3.0,5.56,4.41,CONFIRMED,newformat_odds_history.csv
live,2026-09-23 09:56,2026-09-23,2026-09-26,League Two,Newport County,Grimsby Town,btts,1.7,24.06,33.49,0.7852,SNIPER,standard,,,,,,,,,,,,NO_CURVE,
live,2026-09-23 09:56,2026-09-23,2026-09-26,USA MLS,Philadelphia Union,Orlando City SC,over35,1.71,12.77,14.43,0.6692,SNIPER,new_format,,,,,,,1.8,1.71,15.0,5.0,0.0,CONFIRMED,newformat_odds_history.csv
live,2026-09-23 09:56,2026-09-23,2026-09-27,USA MLS,FC Dallas,Los Angeles FC,btts,1.46,10.5,7.93,0.7392,SNIPER,new_format,1.62,-9.88,LOSS,-1.0,,,1.5,1.62,5.0,-8.0,-9.88,CONFLICTED,newformat_odds_history.csv
live,2026-09-23 09:56,2026-09-23,2026-09-28,Mexico Liga MX,Necaxa,América,btts,1.565,10.48,9.0,0.6854,SNIPER,new_format,1.62,-3.4,WIN,0.565,,,,,,,,NO_CURVE,
live,2026-09-23 09:56,2026-09-23,2026-09-26,Mexico Liga MX,Cruz Azul,Toluca,btts,1.475,5.04,0.02,0.6781,VALUABLE,new_format,1.5,-1.67,WIN,0.475,,,1.62,1.5,3.0,7.41,-1.67,CONFIRMED,newformat_odds_history.csv
live,2026-09-23 09:56,2026-09-23,2026-09-26,League One,Wycombe Wanderers,Reading,btts,1.55,13.27,13.16,0.639,SNIPER,standard,,,,,,,,,,,,NO_CURVE,
live,2026-09-23 13:36,2026-09-23,2026-09-25,La Liga 2,Girona FC,Albacete,over35,2.42,4.28,2.95,0.4254,VALUABLE,standard,,,,,,,2.39,2.3,8.0,3.77,5.22,CONFIRMED,standard_odds_history.csv
live,2026-09-24 09:57,2026-09-24,2026-09-26,League One,Stockport County FC,Peterborough United,btts,1.57,10.25,8.68,0.6922,MARKSMAN,standard,,,,,,,,,,,,NO_CURVE,
live,2026-09-24 09:57,2026-09-24,2026-09-25,Ireland Premier Division,Galway United,Shelbourne Dublin,btts,1.56,9.39,7.24,0.6874,MARKSMAN,new_format,1.57,-0.64,WIN,0.56,,,,,,,,NO_CURVE,
live,2026-09-24 09:57,2026-09-24,2026-09-26,League Two,York City,Gillingham,btts,1.71,10.55,10.63,0.6195,SNIPER,standard,,,,,,,,,,,,NO_CURVE,
live,2026-09-24 09:57,2026-09-24,2026-09-26,USA MLS,Atlanta United FC,New York City FC,btts,1.565,6.76,3.17,0.6592,VALUABLE,new_format,,,,,,,1.57,1.53,4.0,2.55,2.29,NEUTRAL,newformat_odds_history.csv
live,2026-09-24 09:57,2026-09-24,2026-09-26,League Two,Fleetwood Town,Rochdale,btts,1.75,9.93,9.98,0.5929,MARKSMAN,standard,,,,,,,1.73,1.8,3.0,-4.05,-2.78,CONFLICTED,standard_sidemarket_odds_history.csv
live,2026-09-24 09:57,2026-09-24,2026-09-26,League Two,Crawley Town,Barnet,over35,2.23,5.36,4.54,0.4688,VALUABLE,standard,,,,,,,2.25,2.26,5.0,-0.44,-1.33,NEUTRAL,standard_sidemarket_odds_history.csv
live,2026-09-24 13:32,2026-09-24,2026-09-26,League Two,Crawley Town,Barnet,btts,1.56,9.68,7.69,0.6569,MARKSMAN,standard,,,,,,,1.57,1.57,1.0,0.0,-0.64,NEUTRAL,standard_sidemarket_odds_history.csv
live,2026-09-24 13:32,2026-09-24,2026-09-27,USA MLS,Seattle Sounders FC,Minnesota United FC,btts,1.47,4.22,-1.21,0.6721,VALUABLE,new_format,1.5,-2.0,WIN,0.47,,,,,,,,NO_CURVE,
live,2026-09-25 10:11,2026-09-25,2026-09-26,Mexico Liga MX,Guadalajara,Querétaro,btts,1.73,5.22,1.62,0.5874,VALUABLE,new_format,1.75,-1.14,LOSS,-1.0,,,,,,,,NO_CURVE,
live,2026-09-25 21:36,2026-09-25,2026-10-02,La Liga 2,CD Eldense,Oviedo,btts,1.88,5.42,2.78,0.5467,VALUABLE,standard,,,,,,,,,,,,NO_CURVE,
live,2026-09-25 21:36,2026-09-25,2026-09-27,USA MLS,Vancouver Whitecaps FC,D.C. United,btts,1.75,4.28,0.08,0.5719,VALUABLE,new_format,,,,,,,,,,,,NO_CURVE,
live,2026-09-26 00:10,2026-09-26,2026-10-02,Argentina Primera Division,Independiente,Instituto de Córdoba,over15,1.52,11.07,9.42,0.7199,SNIPER,new_format,1.57,-3.18,WIN,0.52,,,1.52,1.52,1.0,0.0,0.0,NEUTRAL,newformat_odds_dense.csv
live,2026-09-26 00:10,2026-09-26,2026-10-02,Argentina Primera Division,Independiente,Instituto de Córdoba,btts,2.08,11.05,15.57,0.5556,SNIPER,new_format,2.2,-5.45,WIN,1.08,,,,,,,,NO_CURVE,
live,2026-09-26 04:52,2026-09-26,2026-10-03,Argentina Primera Division,Independiente Rivadavia,Gimnasia La Plata,btts,1.85,5.59,2.94,0.5564,VALUABLE,new_format,,,WIN,0.85,,,,,,,,NO_CURVE,
live,2026-09-26 22:20,2026-09-26,2026-10-03,Argentina Primera Division,Argentinos Juniors,CA Tigre BA,btts,2.22,12.41,20.15,0.5412,SNIPER,new_format,,,,,,,,,,,,NO_CURVE,
live,2026-09-26 22:20,2026-09-26,2026-10-03,Argentina Primera Division,Newells Old Boys,Lanus,over15,1.56,12.13,11.51,0.7148,SNIPER,new_format,1.56,0.0,LOSS,-1.0,,,1.53,1.56,2.0,-1.96,0.0,NEUTRAL,newformat_odds_history.csv
live,2026-09-26 22:20,2026-09-26,2026-10-03,Argentina Primera Division,Argentinos Juniors,CA Tigre BA,over15,1.52,10.86,9.1,0.7178,SNIPER,new_format,,,,,,,1.52,1.52,1.0,0.0,0.0,NEUTRAL,newformat_odds_dense.csv
live,2026-09-26 22:20,2026-09-26,2026-10-03,Argentina Primera Division,Newells Old Boys,Lanus,btts,2.14,8.26,10.27,0.4934,MARKSMAN,new_format,2.1,1.9,LOSS,-1.0,,,2.2,2.2,1.0,0.0,-2.73,NEUTRAL,newformat_odds_history.csv
live,2026-09-26 22:20,2026-09-26,2026-10-03,Argentina Primera Division,Atlético Tucuman,Barracas Central,btts,2.37,10.66,17.85,0.4466,SNIPER,new_format,2.5,-5.2,WIN,1.37,,,2.38,2.38,1.0,0.0,-0.42,NEUTRAL,newformat_odds_history.csv
live,2026-09-27 00:45,2026-09-27,2026-10-04,Argentina Primera Division,Atlético Huracán,Aldosivi Mar del Plata,btts,2.33,12.22,21.07,0.5196,SNIPER,new_format,2.38,-2.1,LOSS,-1.0,,,,,,,,NO_CURVE,
live,2026-09-27 10:44,2026-09-27,2026-10-03,Argentina Primera Division,Boca Juniors,Union Santa Fe,btts,2.09,10.83,15.24,0.5093,SNIPER,new_format,2.0,4.5,LOSS,-1.0,,,,,,,,NO_CURVE,
live,2026-09-27 21:31,2026-09-27,2026-10-04,Argentina Primera Division,Talleres,Belgrano de Cordoba,btts,2.07,5.31,3.58,0.5004,VALUABLE,new_format,2.0,3.5,LOSS,-1.0,,,,,,,,NO_CURVE,
live,2026-09-27 23:59,2026-09-27,2026-10-04,Argentina Primera Division,Argentinos Juniors,CA Tigre BA,over15,1.52,12.74,11.95,0.7365,SNIPER,new_format,1.5,1.33,WIN,0.52,,,1.52,1.49,3.0,1.97,2.01,NEUTRAL,newformat_odds_dense.csv
live,2026-09-27 23:59,2026-09-27,2026-10-04,Argentina Primera Division,Argentinos Juniors,CA Tigre BA,btts,2.22,11.29,17.67,0.53,SNIPER,new_format,2.25,-1.33,WIN,1.22,,,,,,,,NO_CURVE,
live,2026-09-27 23:59,2026-09-27,2026-10-03,Argentina Primera Division,Atlético Tucuman,Barracas Central,over15,1.61,10.41,9.35,0.6422,SNIPER,new_format,1.61,0.0,WIN,0.61,,,1.57,1.57,1.0,0.0,2.55,NEUTRAL,newformat_odds_history.csv
live,2026-09-27 23:59,2026-09-27,2026-10-03,Argentina Primera Division,Defensa y Justicia,San Lorenzo,over15,1.57,8.94,6.64,0.6502,MARKSMAN,new_format,1.44,9.03,WIN,0.57,,,1.53,1.53,3.0,0.0,1.31,NEUTRAL,newformat_odds_history.csv
live,2026-09-27 23:59,2026-09-27,2026-10-04,La Liga 2,Sporting Gijón,Celta Fortuna,btts,1.76,4.74,0.93,0.5735,VALUABLE,standard,,,,,,,,,,,,NO_CURVE,
live,2026-09-27 23:59,2026-09-27,2026-10-02,Brazil Serie A,Sao Paulo,Santos,btts,1.87,8.35,8.21,0.5526,MARKSMAN,new_format,1.95,-4.1,WIN,0.87,,,1.91,1.91,1.0,0.0,-4.19,NEUTRAL,newformat_odds_history.csv
live,2026-09-28 13:47,2026-09-28,2026-10-04,La Liga 2,CD Castellón,AD Ceuta FC,btts,2.025,7.18,7.13,0.529,VALUABLE,standard,,,,,,,,,,,,NO_CURVE,
live,2026-09-28 16:44,2026-09-28,2026-10-03,La Liga 2,Cádiz CF,Leganés,btts,1.83,4.49,0.8,0.5508,VALUABLE,standard,,,,,,,,,,,,NO_CURVE,
live,2026-09-28 22:31,2026-09-28,2026-10-05,Argentina Primera Division,Velez Sarsfield BA,Platense,btts,2.49,14.75,29.31,0.5193,SNIPER,new_format,2.5,-0.4,WIN,1.49,,,,,,,,NO_CURVE,
live,2026-09-28 22:31,2026-09-28,2026-10-05,Argentina Primera Division,Velez Sarsfield BA,Platense,over15,1.67,11.97,12.59,0.6742,SNIPER,new_format,1.61,3.73,WIN,0.67,,,1.67,1.67,1.0,0.0,0.0,NEUTRAL,newformat_odds_dense.csv
live,2026-09-28 22:31,2026-09-28,2026-10-05,Argentina Primera Division,Estudiantes,Gimnasia Mendoza,btts,2.07,8.35,9.88,0.5261,MARKSMAN,new_format,2.1,-1.43,LOSS,-1.0,,,,,,,,NO_CURVE,
live,2026-09-29 02:16,2026-09-29,2026-10-06,Argentina Primera Division,Banfield,Rosario Central,btts,1.95,6.79,5.84,0.5428,VALUABLE,new_format,1.95,0.0,WIN,0.95,,,2.0,2.0,1.0,0.0,-2.5,NEUTRAL,newformat_odds_history.csv
live,2026-09-29 12:45,2026-09-29,2026-10-05,Argentina Primera Division,Estudiantes de Río Cuarto,Racing Club,btts,2.25,11.13,17.64,0.5228,SNIPER,new_format,2.2,2.27,WIN,1.25,,,,,,,,,
live,2026-09-29 12:45,2026-09-29,2026-10-05,Argentina Primera Division,Estudiantes de Río Cuarto,Racing Club,over15,1.56,10.32,8.69,0.6967,SNIPER,new_format,1.53,1.96,WIN,0.56,,,,,,,,,
live,2026-09-30 12:28,2026-09-30,2026-10-03,Argentina Primera Division,Defensa y Justicia,San Lorenzo,btts,2.15,4.15,1.51,0.4722,VALUABLE,new_format,2.1,2.38,LOSS,-1.0,,,,,,,,,
live,2026-09-30 23:42,2026-09-30,2026-10-07,Brazil Serie A,Vitoria,Chapecoense,btts,1.8,4.62,0.9,0.5606,VALUABLE,new_format,1.91,-5.76,LOSS,-1.0,,,,,,,,,
live,2026-09-30 23:42,2026-09-30,2026-10-03,League Two,Colchester United,Port Vale,btts,1.78,4.59,0.76,0.5661,VALUABLE,standard,,,,,,,,,,,,,
live,2026-10-01 20:29,2026-10-01,2026-10-08,Ireland Premier Division,Shamrock Rovers,Drogheda United,btts,1.91,6.5,5.01,0.5498,VALUABLE,new_format,2.0,-4.5,WIN,0.91,,,,,,,,,
live,2026-10-02 05:30,2026-10-02,2026-10-09,Brazil Serie A,Fluminense,Coritiba,btts,1.98,10.59,13.56,0.5612,SNIPER,new_format,1.8,10.0,LOSS,-1.0,,,,,,,,,
live,2026-10-02 11:21,2026-10-02,2026-10-08,Finland Veikkausliiga,HJK Helsinki,VPS Vaasa,btts,1.67,4.08,-0.59,0.5953,VALUABLE,new_format,1.75,-4.57,LOSS,-1.0,,,,,,,,,
live,2026-10-02 19:40,2026-10-02,2026-10-09,Argentina Primera Division,Aldosivi Mar del Plata,Sarmiento de Junin,btts,2.0,5.27,3.12,0.5156,VALUABLE,new_format,1.95,2.56,WIN,1.0,,,,,,,,,
live,2026-10-02 23:18,2026-10-02,2026-10-09,Argentina Primera Division,Instituto de Córdoba,Boca Juniors,over15,1.56,11.3,10.23,0.7066,SNIPER,new_format,1.56,0.0,WIN,0.56,,,,,,,,,
live,2026-10-02 23:18,2026-10-02,2026-10-09,Argentina Primera Division,Instituto de Córdoba,Boca Juniors,btts,2.14,10.07,14.14,0.5334,SNIPER,new_format,2.2,-2.73,WIN,1.14,,,,,,,,,
live,2026-10-03 10:37,2026-10-03,2026-10-10,Japan J-League,Avispa Fukuoka,Fagiano Okayama,btts,1.92,8.31,8.55,0.5653,MARKSMAN,new_format,,,,,,,,,,,,,
live,2026-10-03 13:22,2026-10-03,2026-10-10,Championship,Charlton Athletic,Bristol City,btts,1.8,4.78,1.19,0.5622,VALUABLE,standard,,,,,,,,,,,,,
live,2026-10-03 13:22,2026-10-03,2026-10-03,League Two,Gillingham,Newport County,btts,1.795,4.46,0.59,0.5604,VALUABLE,standard,,,,,,,,,,,,,
live,2026-10-03 17:30,2026-10-03,2026-10-10,Norway Eliteserien,Bodø/Glimt,Kristiansund BK,btts,1.785,9.2,9.02,0.5741,MARKSMAN,new_format,,,,,,,,,,,,,
live,2026-10-03 17:30,2026-10-03,2026-10-10,League Two,Rotherham United,Gillingham,btts,1.795,5.05,1.65,0.5663,VALUABLE,standard,,,,,,,,,,,,,
live,2026-10-03 17:30,2026-10-03,2026-10-10,Serie B,Arezzo,Cremonese,btts,1.8,4.71,1.07,0.5615,VALUABLE,standard,,,,,,,,,,,,,
live,2026-10-03 20:14,2026-10-03,2026-10-10,Argentina Primera Division,Barracas Central,Atlético Huracán,btts,2.3,10.19,16.03,0.506,SNIPER,new_format,,,,,,,,,,,,,
live,2026-10-03 20:14,2026-10-03,2026-10-10,Argentina Primera Division,Barracas Central,Atlético Huracán,over15,1.66,11.19,11.18,0.6417,SNIPER,new_format,,,,,,,,,,,,,
live,2026-10-03 20:14,2026-10-03,2026-10-10,Argentina Primera Division,Central Córdoba,Estudiantes,btts,2.1,8.32,10.07,0.4936,MARKSMAN,new_format,,,,,,,,,,,,,
live,2026-10-03 20:14,2026-10-03,2026-10-10,Brazil Serie A,Vasco da Gama,Remo,btts,1.85,4.88,1.62,0.5493,VALUABLE,new_format,,,,,,,,,,,,,
live,2026-10-03 20:14,2026-10-03,2026-10-09,Argentina Primera Division,Gimnasia La Plata,Atlético Tucuman,btts,2.05,4.1,1.0,0.4927,VALUABLE,new_format,2.0,2.5,WIN,1.05,,,,,,,,,
live,2026-10-03 20:14,2026-10-03,2026-10-10,Argentina Primera Division,Central Córdoba,Estudiantes,over15,1.49,10.23,7.83,0.6581,SNIPER,new_format,,,,,,,,,,,,,
live,2026-10-03 23:14,2026-10-03,2026-10-10,Argentina Primera Division,CA Tigre BA,Banfield,btts,2.15,6.45,6.45,0.4951,VALUABLE,new_format,,,,,,,,,,,,,
live,2026-10-04 02:48,2026-10-04,2026-10-11,Argentina Primera Division,River Plate,Estudiantes de Río Cuarto,btts,3.0,19.72,51.77,0.5059,SNIPER,new_format,,,,,,,,,,,,,
live,2026-10-04 12:17,2026-10-04,2026-10-04,Argentina Primera Division,Talleres,Belgrano de Cordoba,over15,1.55,8.92,6.43,0.6866,MARKSMAN,new_format,1.55,0.0,LOSS,-1.0,,,,,,,,,
live,2026-10-04 12:17,2026-10-04,2026-10-11,Japan J-League,Tokyo Verdy,Hiroshima Sanfrecce FC,btts,1.8,5.4,2.32,0.5684,VALUABLE,new_format,,,,,,,,,,,,,
live,2026-10-04 12:17,2026-10-04,2026-10-10,USA MLS,Philadelphia Union,Real Salt Lake,over35,1.93,5.32,2.85,0.5329,VALUABLE,new_format,,,,,,,,,,,,,
live,2026-10-04 18:10,2026-10-04,2026-10-11,Argentina Primera Division,San Lorenzo,Deportivo Riestra,over15,1.77,9.47,9.36,0.6178,MARKSMAN,new_format,,,,,,,,,,,,,
live,2026-10-04 18:10,2026-10-04,2026-10-11,Argentina Primera Division,San Lorenzo,Deportivo Riestra,btts,2.5,11.14,20.43,0.4644,SNIPER,new_format,,,,,,,,,,,,,
live,2026-10-04 21:26,2026-10-04,2026-10-11,Argentina Primera Division,Platense,Argentinos Juniors,over15,1.55,10.13,8.29,0.7041,SNIPER,new_format,,,,,,,,,,,,,
live,2026-10-04 21:26,2026-10-04,2026-10-11,Brazil Serie A,Flamengo,Fluminense,btts,2.0,10.37,13.33,0.5553,SNIPER,new_format,,,,,,,,,,,,,
live,2026-10-04 21:26,2026-10-04,2026-10-11,Argentina Primera Division,Platense,Argentinos Juniors,btts,2.16,8.59,11.16,0.5106,MARKSMAN,new_format,,,,,,,,,,,,,
live,2026-10-04 21:26,2026-10-04,2026-10-11,Brazil Serie A,Palmeiras,Corinthians,btts,2.08,10.93,15.32,0.5155,SNIPER,new_format,,,,,,,,,,,,,
live,2026-10-04 21:26,2026-10-04,2026-10-11,Argentina Primera Division,Rosario Central,Independiente Rivadavia,btts,2.0,5.31,3.22,0.5161,VALUABLE,new_format,,,,,,,,,,,,,
live,2026-10-05 00:11,2026-10-05,2026-10-11,La Liga 2,Cádiz CF,Sporting Gijón,btts,1.79,5.54,2.51,0.5727,VALUABLE,standard,,,,,,,,,,,,,
live,2026-10-05 00:11,2026-10-05,2026-10-11,Brazil Serie A,Sao Paulo,Vitoria,btts,1.945,4.32,0.99,0.5192,VALUABLE,new_format,,,,,,,,,,,,,
live,2026-10-05 05:30,2026-10-05,2026-10-12,Argentina Primera Division,Talleres,Independiente,btts,1.95,8.15,8.49,0.5564,MARKSMAN,new_format,,,,,,,,,,,,,
live,2026-10-05 05:30,2026-10-05,2026-10-11,Argentina Primera Division,Racing Club,Belgrano de Cordoba,over15,1.52,4.81,-0.1,0.6573,VALUABLE,new_format,,,,,,,,,,,,,
live,2026-10-05 05:30,2026-10-05,2026-10-11,Norway Eliteserien,Fredrikstad FK,Tromso,btts,1.62,4.47,-0.16,0.6163,VALUABLE,new_format,,,,,,,,,,,,,
live,2026-10-05 14:29,2026-10-05,2026-10-05,Argentina Primera Division,Deportivo Riestra,Central Córdoba,btts,2.38,7.01,9.28,0.4592,VALUABLE,new_format,2.5,-4.8,WIN,1.38,,,,,,,,,
live,2026-10-05 14:29,2026-10-05,2026-10-11,Austrian Bundesliga,Hartberg,Austria Lustenau,btts,1.67,4.53,0.16,0.5997,VALUABLE,new_format,,,,,,,,,,,,,
live,2026-10-05 14:29,2026-10-05,2026-10-11,Brazil Serie A,Atletico Mineiro,Santos,btts,1.755,4.4,0.31,0.5716,VALUABLE,new_format,,,,,,,,,,,,,
live,2026-10-05 17:07,2026-10-05,2026-10-12,Sweden Allsvenskan,IF Elfsborg,Halmstads BK,btts,1.86,5.49,2.81,0.5527,VALUABLE,new_format,,,,,,,,,,,,,
live,2026-10-05 23:09,2026-10-05,2026-10-12,Argentina Primera Division,Lanus,Velez Sarsfield BA,over15,1.58,10.25,8.79,0.6886,SNIPER,new_format,,,,,,,,,,,,,
live,2026-10-05 23:09,2026-10-05,2026-10-12,Argentina Primera Division,Gimnasia Mendoza,Newells Old Boys,over15,1.52,8.69,5.8,0.6961,MARKSMAN,new_format,,,,,,,,,,,,,
live,2026-10-05 23:09,2026-10-05,2026-10-12,Argentina Primera Division,Lanus,Velez Sarsfield BA,btts,2.2,11.02,16.84,0.5025,SNIPER,new_format,,,,,,,,,,,,,
live,2026-10-05 23:09,2026-10-05,2026-10-12,Argentina Primera Division,Gimnasia Mendoza,Newells Old Boys,btts,2.1,5.66,4.48,0.4975,VALUABLE,new_format,,,,,,,,,,,,,
live,2026-10-05 23:09,2026-10-05,2026-10-10,USA MLS,Charlotte FC,FC Dallas,over35,2.24,4.0,1.55,0.4534,VALUABLE,new_format,,,,,,,,,,,,,
live,2026-10-06 02:57,2026-10-06,2026-10-10,League One,Plymouth Argyle,Wimbledon,btts,1.745,4.84,1.03,0.579,VALUABLE,standard,,,,,,,,,,,,,
live,2026-10-06 02:57,2026-10-06,2026-10-07,Brazil Serie A,Internacional,Corinthians,btts,2.15,8.02,9.84,0.5484,MARKSMAN,new_format,2.2,-2.27,WIN,1.15,,,,,,,,,
live,2026-10-06 02:57,2026-10-06,2026-10-11,USA MLS,Minnesota United FC,Houston Dynamo,btts,1.56,4.22,-0.83,0.6357,VALUABLE,new_format,,,,,,,,,,,,,
live,2026-10-06 14:10,2026-10-06,2026-10-11,Championship,Southampton,Portsmouth,btts,1.68,5.56,1.93,0.6067,VALUABLE,standard,,,,,,,,,,,,,
live,2026-10-07 15:31,2026-10-07,2026-10-07,Brazil Serie A,Internacional,Corinthians,over15,1.53,9.68,7.41,0.702,MARKSMAN,new_format,1.52,0.66,WIN,0.53,,,,,,,,,
live,2026-10-08 00:58,2026-10-08,2026-10-14,Argentina Primera Division,Sarmiento de Junin,River Plate,btts,2.11,4.32,1.7,0.482,VALUABLE,new_format,,,,,,,,,,,,,
live,2026-10-08 13:22,2026-10-08,2026-10-08,Finland Veikkausliiga,KuPS Kuopio,AC Oulu,btts,1.99,4.43,1.4,0.5096,VALUABLE,new_format,1.91,4.19,LOSS,-1.0,,,,,,,,,
live,2026-10-09 06:04,2026-10-09,2026-10-09,Argentina Primera Division,Aldosivi Mar del Plata,Sarmiento de Junin,over15,1.47,6.91,2.75,0.699,VALUABLE,new_format,1.47,0.0,WIN,0.47,,,,,,,,,
live,2026-10-09 13:12,2026-10-09,2026-10-15,Argentina Primera Division,Atlético Huracán,Gimnasia La Plata,over15,1.44,6.77,2.35,0.7108,VALUABLE,new_format,,,,,,,,,,,,,
live,2026-10-09 13:12,2026-10-09,2026-10-11,Norway Eliteserien,Lillestrom,Molde,over35,1.84,5.14,2.06,0.5547,VALUABLE,new_format,,,,,,,,,,,,,
live,2026-10-09 13:12,2026-10-09,2026-10-15,Argentina Primera Division,Atlético Huracán,Gimnasia La Plata,btts,2.065,5.13,3.18,0.4997,VALUABLE,new_format,,,,,,,,,,,,,
live,2026-10-09 13:12,2026-10-09,2026-10-10,Championship,Derby County,Wrexham AFC,btts,1.75,4.26,0.05,0.5717,VALUABLE,standard,,,,,,,,,,,,,
live,2026-10-09 13:12,2026-10-09,2026-10-10,League One,Stevenage,Wigan Athletic,btts,1.9,4.07,0.33,0.528,VALUABLE,standard,,,,,,,,,,,,,
live,2026-10-09 15:18,2026-10-09,2026-10-09,Ligue 2,Pau FC,Stade Lavallois,btts,1.795,4.02,-0.19,0.5561,VALUABLE,standard,,,,,,,,,,,,,
live,2026-10-09 20:12,2026-10-09,2026-10-10,League Two,York City,Northampton Town,btts,1.835,5.54,2.77,0.56,VALUABLE,standard,,,,,,,,,,,,,
live,2026-10-10 05:46,2026-10-10,2026-10-17,Argentina Primera Division,Boca Juniors,Talleres,btts,2.1,8.58,10.61,0.5267,MARKSMAN,new_format,,,,,,,,,,,,,
live,2026-10-10 08:33,2026-10-10,2026-10-10,Norway Eliteserien,Rosenborg,Sandefjord,btts,1.63,4.69,0.24,0.615,VALUABLE,new_format,,,,,,,,,,,,,
