fixture_id,logged_at,match_date,kickoff_utc,league,model_type,p_v9,p_v91,p_pro_hgb,p_goal_distribution,p_market,v9_side,v91_side,v9_tier,v91_tier,v9_edge,v91_edge,entry_odds,closing_odds,clv,result,v9_model_sha,v91_model_sha,dataset_id,market,production_valuable_gate,production_marksman_gate,production_sniper_gate,threshold_regime_id,opening_odds,book_count,market_dispersion
838aaa8567409b87835ad22ed9255e61,2026-10-04T13:11:10.736608+00:00,2026-10-09,2026-10-09 19:00:00,Championship,standard,0.5676831849663657,,,0.7618966944464556,0.6451612903225806,UNDER,,AVOID,,0.0121487478067435,,2.38,,,,43772ac8d639,,e837b54a1bef,ou25,,,,,,,
3e8a2baae4566a7c7fcc390dc089e9b8,2026-10-04T13:11:10.736608+00:00,2026-10-10,2026-10-10 11:30:00,Championship,standard,0.5539994468073616,,,0.3233235838169366,0.5586592178770949,OVER,,AVOID,,-0.0046597710697333,,1.79,,,,43772ac8d639,,e837b54a1bef,ou25,,,,,,,
4e129a33a3e42b361294e9dd393c9513,2026-10-04T13:11:10.736608+00:00,2026-10-10,2026-10-10 11:30:00,Championship,standard,0.5632133798535993,,,0.5305463165333173,0.5,OVER,,MARKSMAN,,0.0632133798535993,,2.0,,,,43772ac8d639,,e837b54a1bef,ou25,,,,,,,
34156ace068fbe5b24944791e752b43d,2026-10-04T13:11:10.736608+00:00,2026-10-10,2026-10-10 11:30:00,Championship,standard,0.6129771188158412,,,0.6200962589216268,0.5847953216374269,OVER,,AVOID,,0.0281817971784142,,1.71,,,,43772ac8d639,,e837b54a1bef,ou25,,,,,,,
713bc529f655efc0aff6109cb2396c11,2026-10-04T13:11:10.736608+00:00,2026-10-10,2026-10-10 14:00:00,Championship,standard,0.5787514479398791,,,0.4815704240639494,0.625,UNDER,,AVOID,,-0.0438677270096465,,2.15,,,,43772ac8d639,,e837b54a1bef,ou25,,,,,,,
23b8467e4efdab4833d7e38ccfc06353,2026-10-04T13:11:10.736608+00:00,2026-10-10,2026-10-10 14:00:00,Championship,standard,0.5623954508359871,,,0.3233235838169366,0.5586592178770949,OVER,,AVOID,,0.0037362329588921,,1.79,,,,43772ac8d639,,e837b54a1bef,ou25,,,,,,,
92f161645aed415d240b06de729f5015,2026-10-04T13:11:10.736608+00:00,2026-10-10,2026-10-10 14:00:00,Championship,standard,0.556435406787134,,,0.3772862500036834,0.5681818181818182,OVER,,AVOID,,-0.0117464113946842,,1.76,,,,43772ac8d639,,e837b54a1bef,ou25,,,,,,,
9f2bb19d00e60d89a304ff8c8da85e2c,2026-10-04T13:11:10.736608+00:00,2026-10-10,2026-10-10 14:00:00,Championship,standard,0.5496211982109738,,,0.4302912533424894,0.5181347150259068,OVER,,VALUABLE,,0.0314864831850669,,1.93,,,,43772ac8d639,,e837b54a1bef,ou25,,,,,,,
6e370faecd2f841fc843ec49c641a9e3,2026-10-04T13:11:10.736608+00:00,2026-10-10,2026-10-10 14:00:00,Championship,standard,0.5256345674028833,,,0.4302912533424894,0.53475935828877,OVER,,AVOID,,-0.0091247908858866,,1.87,,,,43772ac8d639,,e837b54a1bef,ou25,,,,,,,
96673c1fdea1d48aa7440246f5e00bd6,2026-10-04T13:11:10.736608+00:00,2026-10-10,2026-10-10 14:00:00,Championship,standard,0.5873443641552595,,,0.5305463165333173,0.6493506493506493,UNDER,,AVOID,,-0.0278729985164929,,2.27,,,,43772ac8d639,,e837b54a1bef,ou25,,,,,,,
1f9e31de12bb3b92a0deaaf9ee57af3d,2026-10-04T13:11:10.736608+00:00,2026-10-10,2026-10-10 14:00:00,Championship,standard,0.5074949638117924,,,0.4815704240639494,0.5494505494505494,UNDER,,AVOID,,-0.0283282971451257,,1.92,,,,43772ac8d639,,e837b54a1bef,ou25,,,,,,,
e0fe5ad17865ef24994316c5e46dc8b1,2026-10-04T13:11:10.736608+00:00,2026-10-11,2026-10-11 11:00:00,Championship,standard,0.5620299523206685,,,0.5305463165333173,0.6211180124223602,UNDER,,AVOID,,-0.0315135203957859,,2.13,,,,43772ac8d639,,e837b54a1bef,ou25,,,,,,,
f62bbfdf5adc6caa96b7efcae3c0cbec,2026-10-04T13:11:10.736608+00:00,2026-10-10,2026-10-10 11:30:00,League One,standard,0.491255140601756,,,0.4302912533424895,0.5405405405405405,UNDER,,AVOID,,-0.0317956811422964,,1.85,,,,43772ac8d639,,e837b54a1bef,ou25,,,,,,,
5bbf732565427bf7b459216e04114db0,2026-10-04T13:11:10.736608+00:00,2026-10-10,2026-10-10 11:30:00,League One,standard,0.5013107718995589,,,0.6200962589216269,0.5988023952095809,UNDER,,AVOID,,0.0224987519099649,,2.1,,,,43772ac8d639,,e837b54a1bef,ou25,,,,,,,
46565a1cbc6f2e15ba0b2223a5a1fde8,2026-10-04T13:11:10.736608+00:00,2026-10-10,2026-10-10 14:00:00,League One,standard,0.5108223198377836,,,0.4815704240639494,0.7142857142857143,UNDER,,SNIPER,,0.1320348230193592,,2.8,,,,43772ac8d639,,e837b54a1bef,ou25,,,,,,,
da9455392ae630109d4a778c371a47a0,2026-10-04T13:11:10.736608+00:00,2026-10-10,2026-10-10 14:00:00,League One,standard,0.6250933758584035,,,0.5305463165333173,0.6060606060606061,OVER,,AVOID,,0.0190327697977974,,1.65,,,,43772ac8d639,,e837b54a1bef,ou25,,,,,,,
f7533418f3c1250cc4e5df52fb1ad3b7,2026-10-04T13:11:10.736608+00:00,2026-10-10,2026-10-10 14:00:00,League One,standard,0.5643676349122994,,,0.4815704240639495,0.5376344086021505,OVER,,AVOID,,0.0267332263101488,,1.86,,,,43772ac8d639,,e837b54a1bef,ou25,,,,,,,
39c218d909fdac4a2a1d91d301a55f9b,2026-10-04T13:11:10.736608+00:00,2026-10-10,2026-10-10 14:00:00,League One,standard,0.5222009382692678,,,0.5768099188731564,0.6369426751592356,UNDER,,VALUABLE,,0.0333546172862877,,2.25,,,,43772ac8d639,,e837b54a1bef,ou25,,,,,,,
e1450378be7485fb77b97e336ddf2ae4,2026-10-04T13:11:10.736608+00:00,2026-10-10,2026-10-10 14:00:00,League One,standard,0.5672514587408468,,,0.4302912533424892,0.5780346820809249,OVER,,AVOID,,-0.010783223340078,,1.73,,,,43772ac8d639,,e837b54a1bef,ou25,,,,,,,
9fa271d4bc9f3d18ae48c60f4a029374,2026-10-04T13:11:10.736608+00:00,2026-10-10,2026-10-10 14:00:00,League One,standard,0.5979070571585846,,,0.7544784839865974,0.6211180124223602,OVER,,AVOID,,-0.0232109552637755,,1.61,,,,43772ac8d639,,e837b54a1bef,ou25,,,,,,,
bda45e4adb060dba4f588c53b32f6492,2026-10-04T13:11:10.736608+00:00,2026-10-10,2026-10-10 14:00:00,League One,standard,0.5035107378102858,,,0.2166415101807368,0.7142857142857143,UNDER,,SNIPER,,0.1261188918193438,,2.7,,,,43772ac8d639,,e837b54a1bef,ou25,,,,,,,
25c7d39ef0b719e54043c88173c61d2b,2026-10-04T13:11:10.736608+00:00,2026-10-10,2026-10-10 14:00:00,League One,standard,0.6085525367261285,,,0.7311033222888894,0.6172839506172839,OVER,,AVOID,,-0.0087314138911553,,1.62,,,,43772ac8d639,,e837b54a1bef,ou25,,,,,,,
a0422c4834e2d72bcfcb4f7f2b4cb253,2026-10-04T13:11:10.736608+00:00,2026-10-10,2026-10-10 14:00:00,League One,standard,0.5818829335719029,,,0.4302912533424896,0.6097560975609756,OVER,,AVOID,,-0.0278731639890726,,1.64,,,,43772ac8d639,,e837b54a1bef,ou25,,,,,,,
f45913f87996bc8630020ff133f45e6b,2026-10-04T13:11:10.736608+00:00,2026-10-10,2026-10-10 14:00:00,League One,standard,0.5085099264407202,,,0.3233235838169365,0.495049504950495,OVER,,AVOID,,0.0134604214902251,,2.02,,,,43772ac8d639,,e837b54a1bef,ou25,,,,,,,
d39a1c2978bc4f103c5e142364b3cb09,2026-10-04T13:11:10.736608+00:00,2026-10-10,2026-10-10 11:30:00,League Two,standard,0.4572182760104507,,,0.216641510180737,0.5847953216374269,UNDER,,VALUABLE,,0.0573448307856657,,2.06,,,,43772ac8d639,,e837b54a1bef,ou25,,,,,,,
55ccef63aba8acf1ae0844216d078c91,2026-10-04T13:11:10.736608+00:00,2026-10-10,2026-10-10 11:30:00,League Two,standard,0.5321543597558502,,,0.0628569342979191,0.5847953216374269,UNDER,,AVOID,,-0.0175912529597337,,2.06,,,,43772ac8d639,,e837b54a1bef,ou25,,,,,,,
b5f968d75e72d5dfb0280ba17b5b6158,2026-10-04T13:11:10.736608+00:00,2026-10-10,2026-10-10 14:00:00,League Two,standard,0.6417023417785638,,,0.7618966944464556,0.6024096385542169,OVER,,AVOID,,0.0392927032243468,,1.66,,,,43772ac8d639,,e837b54a1bef,ou25,,,,,,,
0d8f917ffae03de3f9c0f381b1bc6be6,2026-10-04T13:11:10.736608+00:00,2026-10-10,2026-10-10 14:00:00,League Two,standard,0.59507842532074,,,0.3772862500036836,0.6172839506172839,OVER,,AVOID,,-0.0222055252965439,,1.62,,,,43772ac8d639,,e837b54a1bef,ou25,,,,,,,
95ef1765c140859061160bc568599547,2026-10-04T13:11:10.736608+00:00,2026-10-10,2026-10-10 14:00:00,League Two,standard,0.5700117330688195,,,0.5305463165333173,0.6493506493506493,UNDER,,AVOID,,-0.0204621835192698,,2.22,,,,43772ac8d639,,e837b54a1bef,ou25,,,,,,,
a0a85e3cadea112c19e6d5692d74ded8,2026-10-04T13:11:10.736608+00:00,2026-10-10,2026-10-10 14:00:00,League Two,standard,0.5479330867860999,,,0.3233235838169366,0.5617977528089888,OVER,,AVOID,,-0.0138646660228889,,1.78,,,,43772ac8d639,,e837b54a1bef,ou25,,,,,,,
1cb816753074391e2c89ae2897582d08,2026-10-04T13:11:10.736608+00:00,2026-10-10,2026-10-10 14:00:00,League Two,standard,0.4339554896697525,,,0.1428875109080303,0.4854368932038835,UNDER,,AVOID,,-0.0187508113071794,,1.71,,,,43772ac8d639,,e837b54a1bef,ou25,,,,,,,
e7d28ab713370bbe60c3b842a0de3a4c,2026-10-04T13:11:10.736608+00:00,2026-10-10,2026-10-10 14:00:00,League Two,standard,0.5277253068589121,,,0.5305463165333173,0.5586592178770949,UNDER,,AVOID,,-0.0252377446698573,,2.01,,,,43772ac8d639,,e837b54a1bef,ou25,,,,,,,
f24c5b5697db672cf073eee6ceff3148,2026-10-04T13:11:10.736608+00:00,2026-10-10,2026-10-10 14:00:00,League Two,standard,0.5545783487485263,,,0.4302912533424894,0.5263157894736842,OVER,,AVOID,,0.0282625592748421,,1.9,,,,43772ac8d639,,e837b54a1bef,ou25,,,,,,,
0fd3782da0668831f01047e83d618638,2026-10-04T13:11:10.736608+00:00,2026-10-10,2026-10-10 14:00:00,League Two,standard,0.4796234984393571,,,0.2693789140605874,0.5208333333333334,UNDER,,AVOID,,-0.014382856728127,,1.87,,,,43772ac8d639,,e837b54a1bef,ou25,,,,,,,
7e977593dbd49b0a49d2caed3e875dfa,2026-10-04T13:11:10.736608+00:00,2026-10-10,2026-10-10 14:00:00,League Two,standard,0.5530834123931762,,,0.3772862500036837,0.5780346820809249,OVER,,AVOID,,-0.0249512696877487,,1.73,,,,43772ac8d639,,e837b54a1bef,ou25,,,,,,,
d4e22c9c02af3147f4812a5761386656,2026-10-04T13:11:10.736608+00:00,2026-10-10,2026-10-10 14:00:00,League Two,standard,0.4791242249975749,,,0.1205129012163699,0.5235602094240838,UNDER,,AVOID,,-0.0110391186145961,,1.88,,,,43772ac8d639,,e837b54a1bef,ou25,,,,,,,
78773ce49c803868efcc014fce7299c2,2026-10-04T13:11:10.736608+00:00,2026-10-09,2026-10-09 16:30:00,Bundesliga 2,standard,0.6133189671103947,,,0.3772862500036836,0.6451612903225806,OVER,,AVOID,,-0.0318423232121859,,1.55,,,,43772ac8d639,,e837b54a1bef,ou25,,,,,,,
8dbe13623ac23fa7d820a7d0c6c001ca,2026-10-04T13:11:10.736608+00:00,2026-10-09,2026-10-09 16:30:00,Bundesliga 2,standard,0.5777049765350797,,,0.5305463165333173,0.6578947368421053,UNDER,,AVOID,,-0.0087394592937004,,2.32,,,,43772ac8d639,,e837b54a1bef,ou25,,,,,,,
3bb1d920fd29104775ac4f4878cbbf67,2026-10-04T13:11:10.736608+00:00,2026-10-10,2026-10-10 11:00:00,Bundesliga 2,standard,0.5742624640998935,,,0.620096258921627,0.7246376811594204,UNDER,,VALUABLE,,0.0711276068220923,,2.82,,,,43772ac8d639,,e837b54a1bef,ou25,,,,,,,
43e906d3142b57365c8ea449630934f3,2026-10-04T13:11:10.736608+00:00,2026-10-10,2026-10-10 11:00:00,Bundesliga 2,standard,0.5275612195588713,,,0.5305463165333173,0.6578947368421053,UNDER,,VALUABLE,,0.0469068655475117,,2.35,,,,43772ac8d639,,e837b54a1bef,ou25,,,,,,,
3c813baeb4f415e152409b8dafc46366,2026-10-04T13:11:10.736608+00:00,2026-10-10,2026-10-10 11:00:00,Bundesliga 2,standard,0.5739340593833149,,,0.5768099188731564,0.7142857142857143,UNDER,,VALUABLE,,0.0584188817931557,,2.72,,,,43772ac8d639,,e837b54a1bef,ou25,,,,,,,
82968b1158f3525b7e630cf633233708,2026-10-04T13:11:10.736608+00:00,2026-10-10,2026-10-10 18:30:00,Bundesliga 2,standard,0.573062256533727,,,0.8912133496225976,0.7246376811594204,UNDER,,VALUABLE,,0.0723278143882588,,2.82,,,,43772ac8d639,,e837b54a1bef,ou25,,,,,,,
c5c7c608e7281f13de08f5a7d17f2501,2026-10-04T13:11:10.736608+00:00,2026-10-11,2026-10-11 11:30:00,Bundesliga 2,standard,0.6027456367835008,,,0.4815704240639494,0.6211180124223602,OVER,,AVOID,,-0.0183723756388594,,1.61,,,,43772ac8d639,,e837b54a1bef,ou25,,,,,,,
493003b887e713d8b4a45eff72a8a8b4,2026-10-04T13:11:10.736608+00:00,2026-10-11,2026-10-11 11:30:00,Bundesliga 2,standard,0.5528416441981162,,,0.4815704240639495,0.6944444444444444,UNDER,,VALUABLE,,0.0654789664889067,,2.62,,,,43772ac8d639,,e837b54a1bef,ou25,,,,,,,
7bf8808d17b4001e62c11bf125a9ac34,2026-10-04T13:11:10.736608+00:00,2026-10-11,2026-10-11 11:30:00,Bundesliga 2,standard,0.580176813643189,,,0.620096258921627,0.7142857142857143,UNDER,,VALUABLE,,0.0561868227204473,,2.75,,,,43772ac8d639,,e837b54a1bef,ou25,,,,,,,
a51469305cf10ec897551514656c6659,2026-10-04T13:11:10.736608+00:00,2026-10-09,2026-10-09 18:00:00,Ligue 2,standard,0.4954985659137331,,,0.6972531552839984,0.5714285714285714,UNDER,,AVOID,,-0.008319078734246,,1.95,,,,43772ac8d639,,e837b54a1bef,ou25,,,,,,,
7fe15f7d678d65f34d147ceb6ce1313b,2026-10-04T13:11:10.736608+00:00,2026-10-09,2026-10-09 18:00:00,Ligue 2,standard,0.4824772540249731,,,0.0628569342979191,0.4504504504504504,OVER,,VALUABLE,,0.0320268035745227,,2.22,,,,43772ac8d639,,e837b54a1bef,ou25,,,,,,,
7a73fcc27a988bb9be707933ea8123a7,2026-10-04T13:11:10.736608+00:00,2026-10-09,2026-10-09 18:00:00,Ligue 2,standard,0.5802365942766852,,,0.4302912533424894,0.5,OVER,,MARKSMAN,,0.0802365942766851,,2.0,,,,43772ac8d639,,e837b54a1bef,ou25,,,,,,,
225881660dfe725cda7ef9c358b441d3,2026-10-04T13:11:10.736608+00:00,2026-10-09,2026-10-09 18:00:00,Ligue 2,standard,0.5202280156421768,,,0.4815704240639494,0.5813953488372093,UNDER,,AVOID,,-0.0202280156421768,,2.0,,,,43772ac8d639,,e837b54a1bef,ou25,,,,,,,
d521746ba593784ac8a1625cf8ffad4e,2026-10-04T13:11:10.736608+00:00,2026-10-09,2026-10-09 18:00:00,Ligue 2,standard,0.4870568167488039,,,0.4815704240639494,0.5319148936170213,UNDER,,AVOID,,-0.0365073661993533,,1.82,,,,43772ac8d639,,e837b54a1bef,ou25,,,,,,,
675615889d558f6bd4e13840194b6794,2026-10-04T13:11:10.736608+00:00,2026-10-10,2026-10-10 12:00:00,Ligue 2,standard,0.5143360674325691,,,0.5768099188731564,0.4878048780487805,OVER,,AVOID,,0.0265311893837885,,2.05,,,,43772ac8d639,,e837b54a1bef,ou25,,,,,,,
6e64df16986bf9c7ce098cea7d824669,2026-10-04T13:11:10.736608+00:00,2026-10-10,2026-10-10 12:00:00,Ligue 2,standard,0.5475089720823159,,,0.6200962589216268,0.5405405405405405,OVER,,AVOID,,0.0069684315417753,,1.85,,,,43772ac8d639,,e837b54a1bef,ou25,,,,,,,
fcef931dd86b6c626a3bc0006639c22f,2026-10-04T13:11:10.736608+00:00,2026-10-10,2026-10-10 18:00:00,Ligue 2,standard,0.516026788001138,,,0.2427767928014149,0.6993006993006994,UNDER,,AVOID,,0.1022938226858849,,2.62,,,,43772ac8d639,,e837b54a1bef,ou25,,,,,,,
429c16be4cc62dc2acb2799d91abd94a,2026-10-04T13:11:10.736608+00:00,2026-10-04,2026-10-04 14:15:00,La Liga 2,standard,0.5773413317816946,,,0.2962796465575021,0.5681818181818182,OVER,,AVOID,,0.0091595135998763,,1.76,,,,43772ac8d639,,e837b54a1bef,ou25,,,,,,,
973746780f7c2d027194eba7204674b2,2026-10-04T13:11:10.736608+00:00,2026-10-04,2026-10-04 16:30:00,La Liga 2,standard,0.5835229149671233,,,0.6200962589216268,0.7462686567164178,UNDER,,VALUABLE,,0.0774940341854191,,2.95,,,,43772ac8d639,,e837b54a1bef,ou25,,,,,,,
f42371061db78b72824e768318c7e80b,2026-10-04T13:11:10.736608+00:00,2026-10-04,2026-10-04 16:30:00,La Liga 2,standard,0.5489282172421903,,,0.3772862500036835,0.5102040816326531,OVER,,VALUABLE,,0.0387241356095372,,1.96,,,,43772ac8d639,,e837b54a1bef,ou25,,,,,,,
71df73801eb691fef039b6a34b076df3,2026-10-04T13:11:10.736608+00:00,2026-10-04,2026-10-04 19:00:00,La Liga 2,standard,0.5402549438111022,,,0.2427767928014148,0.5076142131979695,OVER,,VALUABLE,,0.0326407306131326,,1.97,,,,43772ac8d639,,e837b54a1bef,ou25,,,,,,,
04ec46217ab498eea210d1e96ead781c,2026-10-04T13:11:10.736608+00:00,2026-10-04,2026-10-04 19:00:00,La Liga 2,standard,0.5728983016572332,,,0.3233235838169365,0.5464480874316939,OVER,,AVOID,,0.0264502142255392,,1.83,,,,43772ac8d639,,e837b54a1bef,ou25,,,,,,,
87e6a3807e957e43bedb63ebeabdf76e,2026-10-04T13:11:10.736608+00:00,2026-10-05,2026-10-05 18:30:00,La Liga 2,standard,0.5604979346972888,,,0.3772862500036837,0.5464480874316939,OVER,,AVOID,,0.0140498472655948,,1.83,,,,43772ac8d639,,e837b54a1bef,ou25,,,,,,,
d77351dbeec002fbc5d942392f102eef,2026-10-04T13:11:10.736608+00:00,2026-10-10,2026-10-10 14:15:00,La Liga 2,standard,0.5528334395992995,,,0.2427767928014148,0.5319148936170213,OVER,,AVOID,,0.0209185459822782,,1.88,,,,43772ac8d639,,e837b54a1bef,ou25,,,,,,,
d79783ce845a4d360b3926e719d04f10,2026-10-04T13:11:10.736608+00:00,2026-10-10,2026-10-10 16:30:00,La Liga 2,standard,0.5236401387630948,,,0.3233235838169366,0.5847953216374269,UNDER,,AVOID,,-0.0236401387630947,,2.0,,,,43772ac8d639,,e837b54a1bef,ou25,,,,,,,
e3c9d955043df858d28a6100e8fe6d28,2026-10-04T13:11:10.736608+00:00,2026-10-10,2026-10-10 19:00:00,La Liga 2,standard,0.5710697368759816,,,0.296279646557502,0.6097560975609756,OVER,,AVOID,,-0.0386863606849939,,1.64,,,,43772ac8d639,,e837b54a1bef,ou25,,,,,,,
22ce0c24a7181089c924cf68110e2203,2026-10-04T13:11:10.736608+00:00,2026-10-09,2026-10-09 18:30:00,Serie B,standard,0.467396771999413,,,0.1205129012163698,0.4926108374384237,UNDER,,AVOID,,-0.0168473214499623,,1.82,,,,43772ac8d639,,e837b54a1bef,ou25,,,,,,,
d4b4b1c6db1258fa90bb32e8b5548869,2026-10-04T13:11:10.736608+00:00,2026-10-10,2026-10-10 13:00:00,Serie B,standard,0.4703466874417059,,,0.4815704240639494,0.4901960784313725,OVER,,AVOID,,-0.0198493909896665,,2.04,,,,43772ac8d639,,e837b54a1bef,ou25,,,,,,,
399fb77a197def79a24831a51ff317b4,2026-10-04T13:11:10.736608+00:00,2026-10-10,2026-10-10 13:00:00,Serie B,standard,0.4974514628873421,,,0.2166415101807369,0.5617977528089888,UNDER,,AVOID,,-0.0182847962206754,,1.92,,,,43772ac8d639,,e837b54a1bef,ou25,,,,,,,
80e0ce2fd3fae9a4a1fafc4a25339997,2026-10-04T13:11:10.736608+00:00,2026-10-10,2026-10-10 13:00:00,Serie B,standard,0.5123036057567497,,,0.3233235838169366,0.5813953488372093,UNDER,,AVOID,,-0.0123036057567497,,2.0,,,,43772ac8d639,,e837b54a1bef,ou25,,,,,,,
7e624ab39c4b3406fdcf3bae75c18e0b,2026-10-04T13:11:10.736608+00:00,2026-10-10,2026-10-10 13:00:00,Serie B,standard,0.5273239865452605,,,0.3233235838169366,0.5076142131979695,OVER,,AVOID,,0.0197097733472909,,1.97,,,,43772ac8d639,,e837b54a1bef,ou25,,,,,,,
331406f6e1871f65240ff8e43707dd32,2026-10-04T13:11:10.736608+00:00,2026-10-10,2026-10-10 15:15:00,Serie B,standard,0.4902482752131707,,,0.5768099188731564,0.5494505494505494,UNDER,,AVOID,,0.0171408873484055,,2.03,,,,43772ac8d639,,e837b54a1bef,ou25,,,,,,,
3263d7997e69a2d57187c53aa3f1221d,2026-10-04T13:11:10.736608+00:00,2026-10-10,2026-10-10 17:30:00,Serie B,standard,0.5380279732884062,,,0.4815704240639494,0.495049504950495,OVER,,VALUABLE,,0.0429784683379111,,2.02,,,,43772ac8d639,,e837b54a1bef,ou25,,,,,,,
f2d2f38aff4f6d166a6c703b1501aa96,2026-10-04T13:11:10.736608+00:00,2026-10-09,2026-10-09 17:00:00,Denmark Superliga,new_format,0.4744154182996623,,,0.4302912533424894,0.7142857142857143,UNDER,,SNIPER,,0.161948218063974,,2.75,,,,43772ac8d639,,e837b54a1bef,ou25,,,,,,,
43d8f6240b8c2f640c4f130ffc14a43e,2026-10-04T13:11:10.736608+00:00,2026-10-11,2026-10-11 12:00:00,Denmark Superliga,new_format,0.4987109791647188,,,0.6602601118038804,0.5988023952095809,UNDER,,AVOID,,0.0134841427865006,,2.05,,,,43772ac8d639,,e837b54a1bef,ou25,,,,,,,
133a82f238e6139bbf25147fe95c92db,2026-10-04T13:11:10.736608+00:00,2026-10-11,2026-10-11 12:00:00,Denmark Superliga,new_format,0.4303286578210775,,,0.3772862500036834,0.625,UNDER,,MARKSMAN,,0.1151258876334679,,2.2,,,,43772ac8d639,,e837b54a1bef,ou25,,,,,,,
8a4e9cbf0ed4815740ac95533431aae2,2026-10-04T13:11:10.736608+00:00,2026-10-10,2026-10-10 15:00:00,Austrian Bundesliga,new_format,0.4764219679980179,,,0.2166415101807369,0.6944444444444444,UNDER,,SNIPER,,0.1418986426890049,,2.62,,,,43772ac8d639,,e837b54a1bef,ou25,,,,,,,
2086909dbadce27182e2423251f893db,2026-10-04T13:11:10.736608+00:00,2026-10-10,2026-10-10 15:00:00,Austrian Bundesliga,new_format,0.5601608275694977,,,0.4302912533424892,0.625,UNDER,,AVOID,,-0.0046052720139421,,2.25,,,,43772ac8d639,,e837b54a1bef,ou25,,,,,,,
2165a44702c2c21f763ed9c1623fc48c,2026-10-04T13:11:10.736608+00:00,2026-10-10,2026-10-10 17:30:00,Austrian Bundesliga,new_format,0.4553969642331297,,,0.0995837185966947,0.5847953216374269,UNDER,,AVOID,,0.0591661425629868,,2.06,,,,43772ac8d639,,e837b54a1bef,ou25,,,,,,,
1e3df4aa03d29d572e81b8e8c2e82c61,2026-10-04T13:11:10.736608+00:00,2026-10-09,2026-10-09 17:00:00,Sweden Allsvenskan,new_format,0.5714824684253895,,,0.6200962589216268,0.6329113924050632,UNDER,,AVOID,,-0.0081636911328131,,2.29,,,,43772ac8d639,,e837b54a1bef,ou25,,,,,,,
fa46aeb666f55f9c93966462214c1603,2026-10-04T13:11:10.736608+00:00,2026-10-10,2026-10-10 13:00:00,Sweden Allsvenskan,new_format,0.4986000876321783,,,0.4815704240639494,0.625,UNDER,,VALUABLE,,0.0569554679233772,,2.25,,,,43772ac8d639,,e837b54a1bef,ou25,,,,,,,
2e6f73e06dd346c5065d2d27e3928af1,2026-10-04T13:11:10.736608+00:00,2026-10-10,2026-10-10 13:00:00,Sweden Allsvenskan,new_format,0.4242352068414962,,,0.6200962589216269,0.5813953488372093,UNDER,,MARKSMAN,,0.0879599151097231,,2.05,,,,43772ac8d639,,e837b54a1bef,ou25,,,,,,,
d244c606d49466161f68850a621e1a64,2026-10-04T13:11:10.736608+00:00,2026-10-10,2026-10-10 15:30:00,Sweden Allsvenskan,new_format,0.4655858196279591,,,0.2693789140605873,0.5464480874316939,UNDER,,AVOID,,0.0267999671740714,,1.97,,,,43772ac8d639,,e837b54a1bef,ou25,,,,,,,
c5b6361e29b4df4fd0acb51b11e81b90,2026-10-04T13:11:10.736608+00:00,2026-10-11,2026-10-11 12:00:00,Sweden Allsvenskan,new_format,0.4477640155314474,,,0.5768099188731564,0.6578947368421053,UNDER,,SNIPER,,0.1490101780169395,,2.48,,,,43772ac8d639,,e837b54a1bef,ou25,,,,,,,
0e00da6db42ec635e847caa414af6db4,2026-10-04T13:11:10.736608+00:00,2026-10-09,2026-10-09 17:00:00,Norway Eliteserien,new_format,0.5271527961535909,,,0.4302912533424895,0.7142857142857143,UNDER,,MARKSMAN,,0.1024768334760387,,2.7,,,,43772ac8d639,,e837b54a1bef,ou25,,,,,,,
a1f3194e9a44992733f2bad0cb6b857b,2026-10-04T13:11:10.736608+00:00,2026-10-10,2026-10-10 14:00:00,Norway Eliteserien,new_format,0.6165039032831786,,,0.6200962589216268,0.8771929824561404,UNDER,,SNIPER,,0.1834960967168213,,5.0,,,,43772ac8d639,,e837b54a1bef,ou25,,,,,,,
038e3b46c2f199a363b3cde44ce31ec9,2026-10-04T13:11:10.736608+00:00,2026-10-10,2026-10-10 16:00:00,Norway Eliteserien,new_format,0.6249459820133576,,,0.7311033222888895,0.7142857142857143,UNDER,,AVOID,,0.0179111608437852,,2.8,,,,43772ac8d639,,e837b54a1bef,ou25,,,,,,,
6e8c3d1d5ffa2608ba4a8dad9d8b3d68,2026-10-04T13:11:10.736608+00:00,2026-10-07,2026-10-07 16:00:00,Finland Veikkausliiga,new_format,0.4800662714145233,,,0.6602601118038804,0.5681818181818182,UNDER,,AVOID,,0.0174211657714064,,1.99,,,,43772ac8d639,,e837b54a1bef,ou25,,,,,,,
d75814f21cf0bf28560e38a646ae8fd2,2026-10-04T13:11:10.736608+00:00,2026-10-08,2026-10-08 15:00:00,Finland Veikkausliiga,new_format,0.5415201542876915,,,0.5768099188731566,0.6060606060606061,UNDER,,AVOID,,-0.0066364333574589,,2.15,,,,43772ac8d639,,e837b54a1bef,ou25,,,,,,,
65167d69030e2ecfb1f3b2c78ca2469b,2026-10-04T13:11:10.736608+00:00,2026-10-08,2026-10-08 16:00:00,Finland Veikkausliiga,new_format,0.4188428447865013,,,0.2693789140605874,0.5319148936170213,UNDER,,VALUABLE,,0.0683366423929857,,1.95,,,,43772ac8d639,,e837b54a1bef,ou25,,,,,,,
63703a31f1da139c8de9125917549a70,2026-10-04T13:11:10.736608+00:00,2026-10-09,2026-10-09 15:00:00,Finland Veikkausliiga,new_format,0.405887004836416,,,0.1205129012163698,0.591715976331361,UNDER,,MARKSMAN,,0.1156440956420528,,2.09,,,,43772ac8d639,,e837b54a1bef,ou25,,,,,,,
fc0292320c1b75d0259e968a296d2648,2026-10-04T13:11:10.736608+00:00,2026-10-10,2026-10-10 14:00:00,Finland Veikkausliiga,new_format,0.4749083872624259,,,0.1428875109080303,0.5405405405405405,UNDER,,AVOID,,0.0200411076870689,,1.98,,,,43772ac8d639,,e837b54a1bef,ou25,,,,,,,
1b6695e903752afab1491e904b5e0115,2026-10-04T13:11:10.736608+00:00,2026-10-10,2026-10-10 16:00:00,Finland Veikkausliiga,new_format,0.4791780906578861,,,0.6602601118038804,0.6578947368421053,UNDER,,VALUABLE,,0.0743933379135424,,2.24,,,,43772ac8d639,,e837b54a1bef,ou25,,,,,,,
c19714ad28f969aca29efd17ea971154,2026-10-04T13:11:10.736608+00:00,2026-10-11,2026-10-11 12:00:00,Finland Veikkausliiga,new_format,0.4108777509840374,,,0.3772862500036834,0.5555555555555556,UNDER,,VALUABLE,,0.0572073553989413,,1.88,,,,43772ac8d639,,e837b54a1bef,ou25,,,,,,,
73589bfa5d97346dc0b833839589516c,2026-10-04T13:11:10.736608+00:00,2026-10-08,2026-10-08 19:00:00,Ireland Premier Division,new_format,0.4617236025777707,,,0.2693789140605875,0.5882352941176471,UNDER,,VALUABLE,,0.0504715193734487,,2.05,,,,43772ac8d639,,e837b54a1bef,ou25,,,,,,,
a04f857e2d89d49f5fe373f21503651d,2026-10-04T13:11:10.736608+00:00,2026-10-09,2026-10-09 18:45:00,Ireland Premier Division,new_format,0.3715701457246563,,,0.2427767928014149,0.5405405405405405,UNDER,,AVOID,,0.0296274590657628,,1.67,,,,43772ac8d639,,e837b54a1bef,ou25,,,,,,,
34cf8faf04f0a5300b9a6a095831696a,2026-10-04T13:11:10.736608+00:00,2026-10-09,2026-10-09 18:45:00,Ireland Premier Division,new_format,0.4516408701033905,,,0.3772862500036834,0.6451612903225806,UNDER,,MARKSMAN,,0.1173246471379887,,2.32,,,,43772ac8d639,,e837b54a1bef,ou25,,,,,,,
39478bfc9dc4e2767ed96a755fbaf25f,2026-10-04T13:11:10.736608+00:00,2026-10-09,2026-10-09 18:45:00,Ireland Premier Division,new_format,0.433875375675471,,,0.2693789140605874,0.6172839506172839,UNDER,,MARKSMAN,,0.1074090279942538,,2.18,,,,43772ac8d639,,e837b54a1bef,ou25,,,,,,,
aa690fd7e46982c83048052821dc9cc6,2026-10-04T13:11:10.736608+00:00,2026-10-04,2026-10-04 17:45:00,Argentina Primera Division,new_format,0.4126610388526472,,,0.4302912533424892,0.4016064257028112,OVER,,AVOID,,0.011054613149836,,2.49,,,,43772ac8d639,,e837b54a1bef,ou25,,,,,,,
b572ad6feac72764dd496ddd90f019ce,2026-10-04T13:11:10.736608+00:00,2026-10-04,2026-10-04 20:00:00,Argentina Primera Division,new_format,0.3907296020980443,,,0.1911531694619418,0.3968253968253968,OVER,,AVOID,,-0.0060957947273524,,2.52,,,,43772ac8d639,,e837b54a1bef,ou25,,,,,,,
fd73ff6279d08f38434fb0c4fca0f065,2026-10-04T13:11:10.736608+00:00,2026-10-04,2026-10-04 22:15:00,Argentina Primera Division,new_format,0.4214117888683837,,,0.296279646557502,0.4098360655737705,OVER,,AVOID,,0.0115757232946132,,2.44,,,,43772ac8d639,,e837b54a1bef,ou25,,,,,,,
82be231269013917c7649f4143004dde,2026-10-04T13:11:10.736608+00:00,2026-10-05,2026-10-05 00:30:00,Argentina Primera Division,new_format,0.4152638812202264,,,0.16650226187737,0.3636363636363636,OVER,,VALUABLE,,0.0516275175838627,,2.75,,,,43772ac8d639,,e837b54a1bef,ou25,,,,,,,
570408816c1cec5681409e38c4d04f59,2026-10-04T13:11:10.736608+00:00,2026-10-05,2026-10-05 22:00:00,Argentina Primera Division,new_format,0.4317975316698792,,,0.1428875109080304,0.4608294930875576,UNDER,,AVOID,,-0.0235135080012401,,1.69,,,,43772ac8d639,,e837b54a1bef,ou25,,,,,,,
a918e9889e7c0c7126a1d2bb437d1fbb,2026-10-04T13:11:10.736608+00:00,2026-10-05,2026-10-05 22:00:00,Argentina Primera Division,new_format,0.3575855362871526,,,0.3772862500036834,0.3424657534246575,OVER,,AVOID,,0.0151197828624951,,2.92,,,,43772ac8d639,,e837b54a1bef,ou25,,,,,,,
887722a9c77581f0bb94ffde30026253,2026-10-04T13:11:10.736608+00:00,2026-10-06,2026-10-06 00:15:00,Argentina Primera Division,new_format,0.3998161738394711,,,0.4302912533424892,0.4484304932735426,UNDER,,AVOID,,-0.002225812393688,,1.66,,,,43772ac8d639,,e837b54a1bef,ou25,,,,,,,
271a6d20ede17d1858ebf2089454b948,2026-10-04T13:11:10.736608+00:00,2026-10-09,2026-10-09 17:30:00,Argentina Primera Division,new_format,0.4240334379340169,,,0.4815704240639494,0.4219409282700421,OVER,,AVOID,,0.0020925096639747,,2.37,,,,43772ac8d639,,e837b54a1bef,ou25,,,,,,,
52782f7a9b6917268227ca65fec15528,2026-10-04T13:11:10.736608+00:00,2026-10-09,2026-10-09 21:00:00,Argentina Primera Division,new_format,0.3609358721401431,,,0.0628569342979192,0.4201680672268907,UNDER,,AVOID,,-0.0060971624627237,,1.55,,,,43772ac8d639,,e837b54a1bef,ou25,,,,,,,
f87773f0aca0cfaa154985be26336c21,2026-10-04T13:11:10.736608+00:00,2026-10-09,2026-10-09 22:30:00,Argentina Primera Division,new_format,0.4426451504438726,,,0.2427767928014149,0.3731343283582089,OVER,,AVOID,,0.0695108220856636,,2.68,,,,43772ac8d639,,e837b54a1bef,ou25,,,,,,,
9d0c5f56eef99d6301d547adde8ef368,2026-10-04T13:11:10.736608+00:00,2026-10-10,2026-10-10 00:45:00,Argentina Primera Division,new_format,0.404538982578889,,,0.4302912533424894,0.4716981132075471,UNDER,,AVOID,,0.0002229221830157,,1.68,,,,43772ac8d639,,e837b54a1bef,ou25,,,,,,,
a4f88b2e04b06ffc66014520b7e484ee,2026-10-04T13:11:10.736608+00:00,2026-10-10,2026-10-10 18:45:00,Argentina Primera Division,new_format,0.3188283031594271,,,0.2693789140605874,0.3636363636363636,UNDER,,AVOID,,-0.0181290024601264,,1.43,,,,43772ac8d639,,e837b54a1bef,ou25,,,,,,,
4d9ca33b88d61314c79c75fc7a109dec,2026-10-04T13:11:10.736608+00:00,2026-10-10,2026-10-10 20:00:00,Argentina Primera Division,new_format,0.4019371683571233,,,0.0628569342979192,0.3968253968253968,OVER,,AVOID,,0.0051117715317264,,2.52,,,,43772ac8d639,,e837b54a1bef,ou25,,,,,,,
ae0467d02e1e53bb0ebaba185b5917aa,2026-10-04T13:11:10.736608+00:00,2026-10-10,2026-10-10 22:15:00,Argentina Primera Division,new_format,0.3476589675123795,,,0.5768099188731564,0.4347826086956522,UNDER,,AVOID,,-0.0055537043544848,,1.52,,,,43772ac8d639,,e837b54a1bef,ou25,,,,,,,
1507425376d8bf9c482d9761e8be72b0,2026-10-04T13:11:10.736608+00:00,2026-10-11,2026-10-11 00:30:00,Argentina Primera Division,new_format,0.378452011364806,,,0.2693789140605873,0.5263157894736842,UNDER,,MARKSMAN,,0.0952321991615098,,1.9,,,,43772ac8d639,,e837b54a1bef,ou25,,,,,,,
133633d4bf9de886a1a7f87849db6541,2026-10-04T13:11:10.736608+00:00,2026-10-07,2026-10-07 22:30:00,Brazil Serie A,new_format,0.4512941976602229,,,0.2693789140605875,0.5524861878453039,UNDER,,AVOID,,0.0223900128660928,,1.9,,,,43772ac8d639,,e837b54a1bef,ou25,,,,,,,
24acf540ec0fb31c95969ac3a2f7fad7,2026-10-04T13:11:10.736608+00:00,2026-10-07,2026-10-07 22:30:00,Brazil Serie A,new_format,0.3889198184699825,,,0.3772862500036836,0.4807692307692307,UNDER,,AVOID,,0.0122777863204366,,1.67,,,,43772ac8d639,,e837b54a1bef,ou25,,,,,,,
242d16c03cc1ccbca226d07eabbb65e3,2026-10-04T13:11:10.736608+00:00,2026-10-07,2026-10-07 22:30:00,Brazil Serie A,new_format,0.4695488846296405,,,0.16650226187737,0.5235602094240838,UNDER,,AVOID,,0.0123164003444526,,1.93,,,,43772ac8d639,,e837b54a1bef,ou25,,,,,,,
403ddf40d72d5dd09cd109c237884af9,2026-10-04T13:11:10.736608+00:00,2026-10-07,2026-10-07 23:00:00,Brazil Serie A,new_format,0.3797418693042834,,,0.2693789140605874,0.5494505494505494,UNDER,,MARKSMAN,,0.0883432370786954,,1.88,,,,43772ac8d639,,e837b54a1bef,ou25,,,,,,,
d319757a9b81c976a0677b8cc6c7abad,2026-10-04T13:11:10.736608+00:00,2026-10-07,2026-10-07 23:30:00,Brazil Serie A,new_format,0.4674664216264492,,,0.1665022618773702,0.5714285714285714,UNDER,,AVOID,,0.0223294967408976,,1.96,,,,43772ac8d639,,e837b54a1bef,ou25,,,,,,,
160b49afa70ce1312a6ba4cf93a47ee0,2026-10-04T13:11:10.736608+00:00,2026-10-08,2026-10-08 00:30:00,Brazil Serie A,new_format,0.5592529583880349,,,0.3772862500036836,0.5,OVER,,VALUABLE,,0.0592529583880349,,2.0,,,,43772ac8d639,,e837b54a1bef,ou25,,,,,,,
0730f5688a304703da1240d69f1e5cc4,2026-10-04T13:11:10.736608+00:00,2026-10-08,2026-10-08 22:30:00,Brazil Serie A,new_format,0.5069083847409184,,,0.8574607811109731,0.5813953488372093,UNDER,,AVOID,,-0.0069083847409183,,2.0,,,,43772ac8d639,,e837b54a1bef,ou25,,,,,,,
61d9f8c88fe17a59b75af74b21f7e8c8,2026-10-04T13:11:10.736608+00:00,2026-10-08,2026-10-08 23:00:00,Brazil Serie A,new_format,0.4149546938349223,,,0.2962796465575021,0.5,UNDER,,AVOID,,0.0136167347365062,,1.75,,,,43772ac8d639,,e837b54a1bef,ou25,,,,,,,
f662003f9942401f40a1f127500f0ac7,2026-10-04T13:11:10.736608+00:00,2026-10-09,2026-10-09 00:30:00,Brazil Serie A,new_format,0.4263887814366869,,,0.6200962589216268,0.6060606060606061,UNDER,,MARKSMAN,,0.0996775692742135,,2.11,,,,43772ac8d639,,e837b54a1bef,ou25,,,,,,,
38a335b265e15cadc748cd78a866bcaf,2026-10-04T13:11:10.736608+00:00,2026-10-09,2026-10-09 00:30:00,Brazil Serie A,new_format,0.5420513402778192,,,0.6972531552839984,0.5464480874316939,OVER,,AVOID,,-0.0043967471538747,,1.83,,,,43772ac8d639,,e837b54a1bef,ou25,,,,,,,
6b4e8427b141ca8b5cdfc718a2ba9de3,2026-10-04T13:11:10.736608+00:00,2026-10-10,2026-10-10 20:00:00,Brazil Serie A,new_format,0.4894009467395012,,,0.2693789140605875,0.625,UNDER,,VALUABLE,,0.0720025620324286,,2.28,,,,43772ac8d639,,e837b54a1bef,ou25,,,,,,,
773350a08a09123fde40986a9d4cbec5,2026-10-04T13:11:10.736608+00:00,2026-10-11,2026-10-11 00:00:00,Brazil Serie A,new_format,0.4191275251556718,,,0.1205129012163699,0.5,UNDER,,AVOID,,-0.0073628192733189,,1.7,,,,43772ac8d639,,e837b54a1bef,ou25,,,,,,,
12fdf684beaef6886c881097adc1bdf6,2026-10-04T13:11:10.736608+00:00,2026-10-09,2026-10-09 10:00:00,Japan J-League,new_format,0.5029227027486624,,,0.7618966944464556,0.6451612903225806,UNDER,,VALUABLE,,0.0584808060232674,,2.28,,,,43772ac8d639,,e837b54a1bef,ou25,,,,,,,
831ac48414d7dad57b5a89c43819df32,2026-10-04T13:11:10.736608+00:00,2026-10-09,2026-10-09 10:00:00,Japan J-League,new_format,0.4488754876760049,,,0.5768099188731566,0.5494505494505494,UNDER,,AVOID,,0.0192096187069737,,1.88,,,,43772ac8d639,,e837b54a1bef,ou25,,,,,,,
788a2119a53738450e6cda4ebdb756a0,2026-10-04T13:11:10.736608+00:00,2026-10-10,2026-10-10 05:00:00,Japan J-League,new_format,0.3632594433286263,,,0.4302912533424894,0.6060606060606061,UNDER,,SNIPER,,0.1650424434638266,,2.12,,,,43772ac8d639,,e837b54a1bef,ou25,,,,,,,
824d3fd1121c563080ca11702df84ea8,2026-10-04T13:11:10.736608+00:00,2026-10-10,2026-10-10 06:00:00,Japan J-League,new_format,0.4928116186641501,,,0.5305463165333173,0.4444444444444444,OVER,,VALUABLE,,0.0483671742197057,,2.25,,,,43772ac8d639,,e837b54a1bef,ou25,,,,,,,
1551739c5d6eb0a66490912824d3ec89,2026-10-04T13:11:10.736608+00:00,2026-10-10,2026-10-10 06:00:00,Japan J-League,new_format,0.3904181949777834,,,0.350368648117931,0.625,UNDER,,AVOID,,0.155036350476762,,2.2,,,,43772ac8d639,,e837b54a1bef,ou25,,,,,,,
be22214f7b58a2b861aac71b11b4ca6f,2026-10-04T13:11:10.736608+00:00,2026-10-10,2026-10-10 10:00:00,Japan J-League,new_format,0.4817199949403336,,,0.3503686481179309,0.5780346820809249,UNDER,,AVOID,,0.0465818918521193,,2.12,,,,43772ac8d639,,e837b54a1bef,ou25,,,,,,,
96d486efb65ebecef9e31c8371b6c35e,2026-10-04T13:11:10.736608+00:00,2026-10-11,2026-10-11 05:00:00,Japan J-League,new_format,0.4961108918146336,,,0.4302912533424896,0.5555555555555556,UNDER,,AVOID,,-0.0224266812883177,,1.9,,,,43772ac8d639,,e837b54a1bef,ou25,,,,,,,
5e36b5eef2b372c38c69b9be03e8bfe2,2026-10-04T13:11:10.736608+00:00,2026-10-11,2026-10-11 06:00:00,Japan J-League,new_format,0.4371754927568457,,,0.4815704240639495,0.6172839506172839,UNDER,,MARKSMAN,,0.104108910912879,,2.18,,,,43772ac8d639,,e837b54a1bef,ou25,,,,,,,
162e19bdf81a78d3a9851cd1bad4f19b,2026-10-04T13:11:10.736608+00:00,2026-10-11,2026-10-11 06:00:00,Japan J-League,new_format,0.4167606645772723,,,0.04742259607149,0.5208333333333334,UNDER,,VALUABLE,,0.0541388063221984,,1.89,,,,43772ac8d639,,e837b54a1bef,ou25,,,,,,,
907d38904547dd16c792410718741acc,2026-10-04T13:11:10.736608+00:00,2026-10-11,2026-10-11 07:00:00,Japan J-League,new_format,0.5311502639092857,,,0.2166415101807369,0.7042253521126761,UNDER,,MARKSMAN,,0.0957154077325054,,2.68,,,,43772ac8d639,,e837b54a1bef,ou25,,,,,,,
1bc326fdb55e5f7e29c56a524e1ac0e1,2026-10-04T13:11:10.736608+00:00,2026-10-10,2026-10-10 01:00:00,Mexico Liga MX,new_format,0.419671589623811,,,0.3233235838169366,0.5464480874316939,UNDER,,VALUABLE,,0.0397878698356485,,1.85,,,,43772ac8d639,,e837b54a1bef,ou25,,,,,,,
badb0962f34580f0647157ff9926fb13,2026-10-04T13:11:10.736608+00:00,2026-10-10,2026-10-10 03:00:00,Mexico Liga MX,new_format,0.4647923990709691,,,0.3772862500036837,0.5988023952095809,UNDER,,VALUABLE,,0.0474027228802503,,2.05,,,,43772ac8d639,,e837b54a1bef,ou25,,,,,,,
b4f0c2295ca3c4421a157ab112c057aa,2026-10-04T13:11:10.736608+00:00,2026-10-10,2026-10-10 23:00:00,Mexico Liga MX,new_format,0.3911257091679884,,,0.5305463165333173,0.5714285714285714,UNDER,,MARKSMAN,,0.0853140814079277,,1.91,,,,43772ac8d639,,e837b54a1bef,ou25,,,,,,,
0d24bc055f77830d504dcde85fc07190,2026-10-04T13:11:10.736608+00:00,2026-10-10,2026-10-10 23:00:00,Mexico Liga MX,new_format,0.4077665879028264,,,0.2693789140605874,0.5714285714285714,UNDER,,VALUABLE,,0.0686732026730897,,1.91,,,,43772ac8d639,,e837b54a1bef,ou25,,,,,,,
61a93fcf57aba065a24baba199c80e70,2026-10-04T13:11:10.736608+00:00,2026-10-11,2026-10-11 01:00:00,Mexico Liga MX,new_format,0.4468466768235853,,,0.7311033222888896,0.5847953216374269,UNDER,,VALUABLE,,0.0653484451276341,,2.05,,,,43772ac8d639,,e837b54a1bef,ou25,,,,,,,
6625fc9c60426ff3097656d9e604a5e3,2026-10-04T13:11:10.736608+00:00,2026-10-11,2026-10-11 03:00:00,Mexico Liga MX,new_format,0.5523390614608892,,,0.6200962589216269,0.6060606060606061,UNDER,,AVOID,,-0.0285295376513653,,2.1,,,,43772ac8d639,,e837b54a1bef,ou25,,,,,,,
56ce9d464f852129053dd5ff931d1ef3,2026-10-04T13:11:10.736608+00:00,2026-10-09,2026-10-09 11:35:00,China Super League,new_format,0.4621963111592075,,,0.0628569342979192,0.6944444444444444,UNDER,,AVOID,,0.1502067896159862,,2.58,,,,43772ac8d639,,e837b54a1bef,ou25,,,,,,,
679027c9188ea3f1cb981e8161a99fd6,2026-10-04T13:11:10.736608+00:00,2026-10-09,2026-10-09 11:35:00,China Super League,new_format,0.443641632832164,,,0.0143876779669704,0.5988023952095809,UNDER,,AVOID,,0.0801678909773598,,2.1,,,,43772ac8d639,,e837b54a1bef,ou25,,,,,,,
0597ef7674d52a77a889653a47761e04,2026-10-04T13:11:10.736608+00:00,2026-10-09,2026-10-09 12:00:00,China Super League,new_format,0.5533946014796198,,,0.6200962589216268,0.7352941176470588,UNDER,,MARKSMAN,,0.1132720651870468,,3.0,,,,43772ac8d639,,e837b54a1bef,ou25,,,,,,,
22a1d6ea6593daf21541131aa09a7e91,2026-10-04T13:11:10.736608+00:00,2026-10-10,2026-10-10 11:35:00,China Super League,new_format,0.4141159283761697,,,0.3233235838169366,0.5952380952380952,UNDER,,SNIPER,,0.1051148408545995,,2.08,,,,43772ac8d639,,e837b54a1bef,ou25,,,,,,,
3c4fd7e8dcd4d22a2c9920db180a6f10,2026-10-04T13:11:10.736608+00:00,2026-10-10,2026-10-10 11:35:00,China Super League,new_format,0.5715014847121382,,,0.8148577142617279,0.8130081300813008,UNDER,,SNIPER,,0.1653406205510196,,3.8,,,,43772ac8d639,,e837b54a1bef,ou25,,,,,,,
0d9ff865c4599c72a746da08260279b3,2026-10-04T13:11:10.736608+00:00,2026-10-07,2026-10-07 00:30:00,USA MLS,new_format,0.5089101483252283,,,0.7311033222888896,0.6944444444444444,UNDER,,MARKSMAN,,0.1064744670593871,,2.6,,,,43772ac8d639,,e837b54a1bef,ou25,,,,,,,
fbed9e8f16fe7532998d46a4276e706c,2026-10-04T13:11:10.736608+00:00,2026-10-10,2026-10-10 17:00:00,USA MLS,new_format,0.6029841104038998,,,0.2693789140605875,0.6944444444444444,UNDER,,AVOID,,-0.0029841104038997,,2.5,,,,43772ac8d639,,e837b54a1bef,ou25,,,,,,,
e1ea9930c10116a19a87a37cfb048757,2026-10-04T13:11:10.736608+00:00,2026-10-10,2026-10-10 18:30:00,USA MLS,new_format,0.4874409227404664,,,0.5768099188731566,0.6535947712418301,UNDER,,MARKSMAN,,0.0923910100326428,,2.38,,,,43772ac8d639,,e837b54a1bef,ou25,,,,,,,
2793c97e3a0354a231d182df3a3968dd,2026-10-04T13:11:10.736608+00:00,2026-10-10,2026-10-10 23:30:00,USA MLS,new_format,0.5704928787143572,,,0.3772862500036837,0.7092198581560284,UNDER,,VALUABLE,,0.0786299283031867,,2.85,,,,43772ac8d639,,e837b54a1bef,ou25,,,,,,,
e923e7caf339e76d705060afb4b5606e,2026-10-04T13:11:10.736608+00:00,2026-10-10,2026-10-10 23:30:00,USA MLS,new_format,0.6317019225752076,,,0.8373612976518287,0.6578947368421053,OVER,,AVOID,,-0.0261928142668976,,1.52,,,,43772ac8d639,,e837b54a1bef,ou25,,,,,,,
09a2b919c3133594273ffbc5a4fa7ba2,2026-10-04T13:11:10.736608+00:00,2026-10-10,2026-10-10 23:30:00,USA MLS,new_format,0.5260375529756429,,,0.7311033222888895,0.7142857142857143,UNDER,,MARKSMAN,,0.1103260833879934,,2.75,,,,43772ac8d639,,e837b54a1bef,ou25,,,,,,,
fa36c2f60be6cb1dba4fad4e755a18cb,2026-10-04T13:11:10.736608+00:00,2026-10-10,2026-10-10 23:30:00,USA MLS,new_format,0.5071698531392093,,,0.1911531694619418,0.7751937984496123,UNDER,,AVOID,,0.2029750743970226,,3.45,,,,43772ac8d639,,e837b54a1bef,ou25,,,,,,,
585d4356cd06fc3b25975c32388d71b1,2026-10-04T13:11:10.736608+00:00,2026-10-10,2026-10-10 23:30:00,USA MLS,new_format,0.5824392937989548,,,0.5768099188731566,0.6578947368421053,UNDER,,AVOID,,0.0043375657051774,,2.42,,,,43772ac8d639,,e837b54a1bef,ou25,,,,,,,
99f6f6c45309f9e80baa01f99a7a84cc,2026-10-04T13:11:10.736608+00:00,2026-10-10,2026-10-10 23:30:00,USA MLS,new_format,0.5099234588175573,,,0.3233235838169366,0.7142857142857143,UNDER,,SNIPER,,0.1329336840395855,,2.8,,,,43772ac8d639,,e837b54a1bef,ou25,,,,,,,
9ea179b94f97b5ab62469564ac823b7c,2026-10-04T13:11:10.736608+00:00,2026-10-10,2026-10-10 23:30:00,USA MLS,new_format,0.6369011980844548,,,0.7311033222888895,0.7352941176470588,UNDER,,AVOID,,0.0182712157086486,,2.9,,,,43772ac8d639,,e837b54a1bef,ou25,,,,,,,
840fae5fbb92577c705bcb94e98a8094,2026-10-04T13:11:10.736608+00:00,2026-10-11,2026-10-11 00:30:00,USA MLS,new_format,0.4491283886916382,,,0.3233235838169365,0.5882352941176471,UNDER,,VALUABLE,,0.0630667332595812,,2.05,,,,43772ac8d639,,e837b54a1bef,ou25,,,,,,,
a32e431d88dc9e94017ef329c927cf0b,2026-10-04T13:11:10.736608+00:00,2026-10-11,2026-10-11 00:30:00,USA MLS,new_format,0.5461620858256373,,,0.6602601118038806,0.6172839506172839,UNDER,,AVOID,,-0.0112783648954047,,2.15,,,,43772ac8d639,,e837b54a1bef,ou25,,,,,,,
75b1c7b44d698d3bacd9a233634654c9,2026-10-04T13:11:10.736608+00:00,2026-10-11,2026-10-11 00:30:00,USA MLS,new_format,0.5609059049038989,,,0.6602601118038804,0.7352941176470588,UNDER,,MARKSMAN,,0.0942665088892045,,2.9,,,,43772ac8d639,,e837b54a1bef,ou25,,,,,,,
338dc360cd187885fe4bb319b82dce2e,2026-10-04T13:11:10.736608+00:00,2026-10-11,2026-10-11 01:30:00,USA MLS,new_format,0.4974752718216393,,,0.2693789140605874,0.6451612903225806,UNDER,,MARKSMAN,,0.0823566609514699,,2.38,,,,43772ac8d639,,e837b54a1bef,ou25,,,,,,,
ca3575b85cfe58c71464e24d24a819ef,2026-10-04T13:11:10.736608+00:00,2026-10-11,2026-10-11 02:30:00,USA MLS,new_format,0.5175180831247211,,,0.6200962589216269,0.6451612903225806,UNDER,,VALUABLE,,0.0495814839748459,,2.31,,,,43772ac8d639,,e837b54a1bef,ou25,,,,,,,
dd1d8e31b59058edb81d3ff77fe3c95e,2026-10-04T13:56:35.461947+00:00,2026-10-11 00:00:00,2026-10-11 12:00:00,La Liga 2,standard,0.5374484772340806,,,0.6200962589216268,0.625,UNDER,,AVOID,,-0.0136389534245567,,2.1,,,,171edbe0efde,,6bc59361fa4e,ou25,,,,,,,
b5fc30e75f41f50796033c0c7a4de15e,2026-10-04T13:56:35.461947+00:00,2026-10-11 00:00:00,2026-10-11 13:00:00,Serie B,standard,0.5484983530763048,,,0.5305463165333173,0.5813953488372093,OVER,,AVOID,,-0.0328969957609045,,1.72,,,,171edbe0efde,,6bc59361fa4e,ou25,,,,,,,
2a12e89a2cc3e91a6465288656776333,2026-10-04T13:56:35.461947+00:00,2026-10-11 00:00:00,2026-10-11 12:30:00,Austrian Bundesliga,new_format,0.531111212528421,,,0.3772862500036834,0.5747126436781609,OVER,,AVOID,,-0.0436014311497399,,1.74,,,,171edbe0efde,,6bc59361fa4e,ou25,,,,,,,
abcd3d2baa7f40fc30571cfa1a46b323,2026-10-04T13:56:35.461947+00:00,2026-10-11 00:00:00,2026-10-11 12:30:00,Austrian Bundesliga,new_format,0.4312421106228516,,,0.1205129012163698,0.6329113924050632,UNDER,,MARKSMAN,,0.1014681697509801,,2.14,,,,171edbe0efde,,6bc59361fa4e,ou25,,,,,,,
0d92eed5e6922c12b8e2d57fea2acdb5,2026-10-04T13:56:35.461947+00:00,2026-10-11 00:00:00,2026-10-11 12:30:00,Norway Eliteserien,new_format,0.5860326434223738,,,0.7897620129769025,0.5524861878453039,OVER,,VALUABLE,,0.0335464555770699,,1.81,,,,171edbe0efde,,6bc59361fa4e,ou25,,,,,,,
c9045428dbcb8b4e0d2c12d7b690a2aa,2026-10-04T13:56:35.461947+00:00,2026-10-11 00:00:00,2026-10-11 11:35:00,China Super League,new_format,0.5174315720056155,,,0.5768099188731565,0.6711409395973155,UNDER,,VALUABLE,,0.0693452874985167,,2.42,,,,171edbe0efde,,6bc59361fa4e,ou25,,,,,,,
b6634ca0e08a2c96f3fb7504966c9eb6,2026-10-04T18:10:19.571899+00:00,2026-10-11 00:00:00,2026-10-11 14:15:00,La Liga 2,standard,0.526564559111354,,,0.0803013970713941,0.5586592178770949,OVER,,AVOID,,-0.0320946587657409,,1.79,,,,29cb0a76500c,,a62d748d78fb,ou25,,,,,,,
61302089b5064e90f300782acbcb1cd8,2026-10-04T18:10:19.571899+00:00,2026-10-11 00:00:00,2026-10-11 16:30:00,La Liga 2,standard,0.567193477868048,,,0.4815704240639495,0.5586592178770949,OVER,,AVOID,,0.008534259990953,,1.79,,,,29cb0a76500c,,a62d748d78fb,ou25,,,,,,,
243fff8da05c0fd0ee71322f2fc43b5a,2026-10-04T18:10:19.571899+00:00,2026-10-11 00:00:00,2026-10-11 15:15:00,Serie B,standard,0.5360956496954324,,,0.2693789140605873,0.5181347150259068,OVER,,AVOID,,0.0179609346695256,,1.93,,,,29cb0a76500c,,a62d748d78fb,ou25,,,,,,,
aba4d9883721a723252a252a86e1aa58,2026-10-04T18:10:19.571899+00:00,2026-10-11 00:00:00,2026-10-11 17:30:00,Serie B,standard,0.5395190449628006,,,0.3772862500036834,0.5076142131979695,OVER,,VALUABLE,,0.031904831764831,,1.97,,,,29cb0a76500c,,a62d748d78fb,ou25,,,,,,,
93dd244958872240ee1c928c486d947f,2026-10-04T18:10:19.571899+00:00,2026-10-11 00:00:00,2026-10-11 14:00:00,Denmark Superliga,new_format,0.5216457824700932,,,0.5305463165333173,0.641025641025641,UNDER,,AVOID,,0.0299237242563641,,2.23,,,,29cb0a76500c,,a62d748d78fb,ou25,,,,,,,
5f1a48d94cc71dc859a4419547303232,2026-10-04T18:10:19.571899+00:00,2026-10-11 00:00:00,2026-10-11 16:00:00,Denmark Superliga,new_format,0.5193255951527105,,,0.7897620129769025,0.6451612903225806,UNDER,,VALUABLE,,0.036229960402845,,2.25,,,,29cb0a76500c,,a62d748d78fb,ou25,,,,,,,
540d16e6436e8bf58f1680a7840d9bde,2026-10-04T18:10:19.571899+00:00,2026-10-11 00:00:00,2026-10-11 15:00:00,Austrian Bundesliga,new_format,0.5605197139597035,,,0.7311033222888895,0.6944444444444444,UNDER,,VALUABLE,,0.0578008967273194,,2.62,,,,29cb0a76500c,,a62d748d78fb,ou25,,,,,,,
93279c1dd4399ae54a7b99a01cacc3da,2026-10-04T18:10:19.571899+00:00,2026-10-11 00:00:00,2026-10-11 14:30:00,Sweden Allsvenskan,new_format,0.4999083484943434,,,0.4302912533424896,0.7352941176470588,UNDER,,SNIPER,,0.15526406529876,,2.9,,,,29cb0a76500c,,a62d748d78fb,ou25,,,,,,,
8aec709dc4af0687e5ad80c6052f2d8f,2026-10-04T18:10:19.571899+00:00,2026-10-11 00:00:00,2026-10-11 15:00:00,Norway Eliteserien,new_format,0.4863945523578591,,,0.3772862500036834,0.7142857142857143,UNDER,,SNIPER,,0.1432350772717704,,2.7,,,,29cb0a76500c,,a62d748d78fb,ou25,,,,,,,
a30a1ed74ef9f7fec6a0ffa18234a9bf,2026-10-04T18:10:19.571899+00:00,2026-10-11 00:00:00,2026-10-11 15:00:00,Norway Eliteserien,new_format,0.5999745139616992,,,0.2693789140605875,0.6097560975609756,OVER,,AVOID,,-0.0097815835992763,,1.64,,,,29cb0a76500c,,a62d748d78fb,ou25,,,,,,,
ba91fa83a8fcaf68e14ea62ac0703b86,2026-10-04T18:10:19.571899+00:00,2026-10-11 00:00:00,2026-10-11 17:15:00,Norway Eliteserien,new_format,0.6349297310488202,,,0.7897620129769025,0.7352941176470588,UNDER,,AVOID,,0.0202426827442832,,2.9,,,,29cb0a76500c,,a62d748d78fb,ou25,,,,,,,
295b7888e9346eb782c5b9ef22221c52,2026-10-04T18:10:19.571899+00:00,2026-10-11 00:00:00,2026-10-11 17:45:00,Argentina Primera Division,new_format,0.3099246076219673,,,0.0341415841257084,0.2985074626865671,OVER,,AVOID,,0.0114171449354001,,3.35,,,,29cb0a76500c,,a62d748d78fb,ou25,,,,,,,
e30010afc86f011e4de86e15f2f6ddb1,2026-10-04T21:26:57.690729+00:00,2026-10-11 00:00:00,2026-10-11 19:00:00,La Liga 2,standard,0.5596322792531561,,,0.6200962589216268,0.4830917874396135,OVER,,VALUABLE,,0.0765404918135425,,2.07,,,,8f76675ea4b2,,3d83c210e0d7,ou25,,,,,,,
d46cc37bbea091d772e0803a53078703,2026-10-04T21:26:57.690729+00:00,2026-10-11 00:00:00,2026-10-11 20:00:00,Argentina Primera Division,new_format,0.4037599339356564,,,0.0995837185966949,0.3875968992248061,OVER,,AVOID,,0.0161630347108502,,2.58,,,,8f76675ea4b2,,3d83c210e0d7,ou25,,,,,,,
0349c82e45e4342369596c2017d36d63,2026-10-04T21:26:57.690729+00:00,2026-10-11 00:00:00,2026-10-11 20:00:00,Argentina Primera Division,new_format,0.4098295092877135,,,0.5305463165333173,0.4329004329004329,OVER,,AVOID,,-0.0230709236127193,,2.31,,,,8f76675ea4b2,,3d83c210e0d7,ou25,,,,,,,
f2040431dc177b95d1c125535b9541d4,2026-10-04T21:26:57.690729+00:00,2026-10-11 00:00:00,2026-10-11 19:00:00,Brazil Serie A,new_format,0.4644459429793379,,,0.4561868841166704,0.5291005291005292,UNDER,,AVOID,,-0.0231051608564328,,1.79,,,,8f76675ea4b2,,3d83c210e0d7,ou25,,,,,,,
ecb3741459c43916d559df0e74f4f35c,2026-10-04T21:26:57.690729+00:00,2026-10-11 00:00:00,2026-10-11 20:30:00,Brazil Serie A,new_format,0.3654484122942124,,,0.5305463165333173,0.53475935828877,UNDER,,MARKSMAN,,0.0820653998604837,,1.81,,,,8f76675ea4b2,,3d83c210e0d7,ou25,,,,,,,
e52efd01c10c6f1caf1ee6b30faca024,2026-10-04T21:26:57.690729+00:00,2026-10-11 00:00:00,2026-10-11 20:30:00,Brazil Serie A,new_format,0.5066897578024263,,,0.8373612976518287,0.6172839506172839,UNDER,,VALUABLE,,0.0488657977531292,,2.25,,,,8f76675ea4b2,,3d83c210e0d7,ou25,,,,,,,
f078b235cd0d3fe9adde8a732bc649ae,2026-10-04T21:26:57.690729+00:00,2026-10-11 00:00:00,2026-10-11 20:30:00,Brazil Serie A,new_format,0.4097543432571592,,,0.1205129012163698,0.5208333333333334,UNDER,,VALUABLE,,0.0437975693111468,,1.83,,,,8f76675ea4b2,,3d83c210e0d7,ou25,,,,,,,
32c0c0e4d625e121749708d239ffe8a4,2026-10-05T00:11:12.989107+00:00,2026-10-11 00:00:00,2026-10-11 22:15:00,Argentina Primera Division,new_format,0.3968887226104488,,,0.0995837185966949,0.4032258064516129,OVER,,AVOID,,-0.0063370838411641,,2.48,,,,024cd71a873a,,c83e14a2e5e5,ou25,,,,,,,
b784be601500dd4744c5fc610d56fc96,2026-10-05T00:11:12.989107+00:00,2026-10-11 00:00:00,2026-10-11 22:30:00,Brazil Serie A,new_format,0.4298264410625879,,,0.4815704240639495,0.6060606060606061,UNDER,,MARKSMAN,,0.0870817714977985,,2.07,,,,024cd71a873a,,c83e14a2e5e5,ou25,,,,,,,
310785f8a87085a98f1f95ba6ff1021b,2026-10-05T00:11:12.989107+00:00,2026-10-11 00:00:00,2026-10-11 23:00:00,Mexico Liga MX,new_format,0.5095610243609127,,,0.5305463165333173,0.625,UNDER,,AVOID,,0.0253226965693199,,2.15,,,,024cd71a873a,,c83e14a2e5e5,ou25,,,,,,,
b2f5462ff4f1c48fce0e5b488fd4b56f,2026-10-05T00:11:12.989107+00:00,2026-10-11 00:00:00,2026-10-11 23:15:00,Mexico Liga MX,new_format,0.4237686959481361,,,0.4302912533424894,0.6172839506172839,UNDER,,MARKSMAN,,0.1000408278613876,,2.1,,,,024cd71a873a,,c83e14a2e5e5,ou25,,,,,,,
e4e822bb1af02fe54b255ec4df70291d,2026-10-05T00:11:12.989107+00:00,2026-10-11 00:00:00,2026-10-11 23:00:00,USA MLS,new_format,0.4695108916610339,,,0.4561868841166705,0.7352941176470588,UNDER,,AVOID,,0.1856615221320695,,2.9,,,,024cd71a873a,,c83e14a2e5e5,ou25,,,,,,,
a238f34cc0cb3f59267b8d63af610b28,2026-10-05T05:30:53.551912+00:00,2026-10-12 00:00:00,2026-10-12 00:30:00,Argentina Primera Division,new_format,0.3969586835992282,,,0.5768099188731566,0.4405286343612334,OVER,,AVOID,,-0.0435699507620052,,2.27,,,,d582d96ebfac,,eece9c1dff47,ou25,,,,,,,
496f7bb4b48b08f7a1ac448b056acb21,2026-10-05T05:30:53.551912+00:00,2026-10-12 00:00:00,2026-10-12 01:00:00,Mexico Liga MX,new_format,0.4616965280962869,,,0.3503686481179309,0.6134969325153374,UNDER,,AVOID,,0.0774739788161554,,2.17,,,,d582d96ebfac,,eece9c1dff47,ou25,,,,,,,
51e0e5d3a4f8a464369caf5dd3801cfd,2026-10-05T05:30:53.551912+00:00,2026-10-11 00:00:00,2026-10-11 10:00:00,China Super League,new_format,0.5041710698594597,,,0.3233235838169365,0.5405405405405405,UNDER,,AVOID,,-0.0092215749099647,,1.98,,,,d582d96ebfac,,eece9c1dff47,ou25,,,,,,,
265fa203e88ac17a7d5b7250f8d08d4e,2026-10-05T05:30:53.551912+00:00,2026-10-11 00:00:00,2026-10-11 11:35:00,China Super League,new_format,0.3727809297247721,,,0.0143876779669704,0.6060606060606061,UNDER,,AVOID,,0.1510285940847516,,2.1,,,,d582d96ebfac,,eece9c1dff47,ou25,,,,,,,
8fd7558e7ee137b7c2df589a99585840,2026-10-05T14:29:57.942564+00:00,2026-10-12 00:00:00,2026-10-12 12:00:00,La Liga 2,standard,0.4930363060581822,,,0.1205129012163698,0.5263157894736842,OVER,,AVOID,,-0.0332794834155019,,1.9,,,,040a0d915bbb,,1028df8d7710,ou25,,,,,,,
8a4e09b20dd89e2f756af1907269766f,2026-10-05T14:29:57.942564+00:00,2026-10-12 00:00:00,2026-10-12 14:15:00,La Liga 2,standard,0.5127012459197209,,,0.3772862500036837,0.5128205128205129,OVER,,AVOID,,-0.000119266900792,,1.95,,,,040a0d915bbb,,1028df8d7710,ou25,,,,,,,
e87f6e4beae72a0c9132d3f03543b144,2026-10-05T14:29:57.942564+00:00,2026-10-05 00:00:00,2026-10-05 19:45:00,Argentina Primera Division,new_format,0.3639660651472144,,,0.1205129012163698,0.3636363636363636,OVER,,AVOID,,0.0003297015108507,,2.75,,,,040a0d915bbb,,1028df8d7710,ou25,,,,,,,
fc9cdbc6bd9fd25f947caba859944c79,2026-10-05T17:07:13.470971+00:00,2026-10-12 00:00:00,2026-10-12 16:30:00,La Liga 2,standard,0.6090838644721807,,,0.6602601118038804,0.4444444444444444,OVER,,SNIPER,,0.1646394200277362,,2.25,,,,d183b72d44af,,db54b1999f3a,ou25,,,,,,,
966d2e2d25447561201d5c4c2efdb8f1,2026-10-05T17:07:13.470971+00:00,2026-10-12 00:00:00,2026-10-12 17:00:00,Denmark Superliga,new_format,0.4575844136747282,,,0.3772862500036834,0.6944444444444444,UNDER,,SNIPER,,0.1424155863252717,,2.5,,,,d183b72d44af,,db54b1999f3a,ou25,,,,,,,
02580370581ead238edcda0c17dbad5a,2026-10-05T17:07:13.470971+00:00,2026-10-12 00:00:00,2026-10-12 17:00:00,Sweden Allsvenskan,new_format,0.4471394988447563,,,0.2693789140605874,0.6172839506172839,UNDER,,MARKSMAN,,0.1003718133724382,,2.21,,,,d183b72d44af,,db54b1999f3a,ou25,,,,,,,
5ba9212e96eab6c782fe4e0cf8a2f081,2026-10-05T17:07:13.470971+00:00,2026-10-12 00:00:00,2026-10-12 17:00:00,Sweden Allsvenskan,new_format,0.486442498617532,,,0.2693789140605874,0.5747126436781609,UNDER,,AVOID,,0.0185079964319729,,2.02,,,,d183b72d44af,,db54b1999f3a,ou25,,,,,,,
9f158f6462c880f2deda0b3e39a9373a,2026-10-05T17:07:13.470971+00:00,2026-10-12 00:00:00,2026-10-12 17:00:00,Norway Eliteserien,new_format,0.574965337340762,,,0.6200962589216268,0.6578947368421053,UNDER,,AVOID,,-0.0194097817852064,,2.25,,,,d183b72d44af,,db54b1999f3a,ou25,,,,,,,
24cd233a5844fcfd4a5b629f8ac40589,2026-10-05T17:07:13.470971+00:00,2026-10-12 00:00:00,2026-10-12 15:00:00,Finland Veikkausliiga,new_format,0.5028668714416912,,,0.7618966944464556,0.6211180124223602,UNDER,,AVOID,,0.0298434089321406,,2.14,,,,d183b72d44af,,db54b1999f3a,ou25,,,,,,,
6f457791325c15b7bf3bc57309a64796,2026-10-05T17:07:13.470971+00:00,2026-10-12 00:00:00,2026-10-12 16:00:00,Finland Veikkausliiga,new_format,0.392091811983633,,,0.3233235838169366,0.6666666666666666,UNDER,,SNIPER,,0.1362100748088199,,2.12,,,,d183b72d44af,,db54b1999f3a,ou25,,,,,,,
1abc2ac67c0776b1afb48749fe005ee2,2026-10-05T23:09:06.666081+00:00,2026-10-12 00:00:00,2026-10-12 18:45:00,Ligue 2,standard,0.4747656908048056,,,0.3233235838169366,0.5952380952380952,UNDER,,VALUABLE,,0.0374294311464137,,2.05,,,,92290c299a0a,,47c802c5cb42,ou25,,,,,,,
6c14ecd9bce26382c5cc5d5f5f28128f,2026-10-05T23:09:06.666081+00:00,2026-10-12 00:00:00,2026-10-12 19:00:00,La Liga 2,standard,0.5089791053621475,,,0.3772862500036834,0.4651162790697674,OVER,,VALUABLE,,0.04386282629238,,2.15,,,,92290c299a0a,,47c802c5cb42,ou25,,,,,,,
3f96a0843c99ea1f8a73ddf238683755,2026-10-05T23:09:06.666081+00:00,2026-10-12 00:00:00,2026-10-12 19:00:00,Ireland Premier Division,new_format,0.5325203983891358,,,0.6200962589216269,0.5714285714285714,OVER,,AVOID,,-0.0389081730394356,,1.75,,,,92290c299a0a,,47c802c5cb42,ou25,,,,,,,
1629edf1896c89bbb5bc3187bc3a6163,2026-10-05T23:09:06.666081+00:00,2026-10-12 00:00:00,2026-10-12 19:00:00,Argentina Primera Division,new_format,0.384845561244875,,,0.5305463165333173,0.3731343283582089,OVER,,AVOID,,0.011711232886666,,2.68,,,,92290c299a0a,,47c802c5cb42,ou25,,,,,,,
6195812c615898d3c37e59c0e2689662,2026-10-05T23:09:06.666081+00:00,2026-10-12 00:00:00,2026-10-12 21:30:00,Argentina Primera Division,new_format,0.3534837766453808,,,0.2693789140605874,0.4098360655737705,UNDER,,AVOID,,-0.0337558854889181,,1.47,,,,92290c299a0a,,47c802c5cb42,ou25,,,,,,,
c9cf254a4db6e34abb9d3e0fb36893cc,2026-10-05T23:09:06.666081+00:00,2026-10-12 00:00:00,2026-10-12 19:00:00,Brazil Serie A,new_format,0.4187992662896148,,,0.3233235838169366,0.5586592178770949,UNDER,,VALUABLE,,0.0735865205124157,,1.97,,,,92290c299a0a,,47c802c5cb42,ou25,,,,,,,
2d643e9113e7d929c27231e97e84f798,2026-10-05T23:09:06.666081+00:00,2026-10-12 00:00:00,2026-10-12 22:30:00,Brazil Serie A,new_format,0.424729536836705,,,0.5768099188731564,0.5405405405405405,UNDER,,AVOID,,0.0258199137127456,,1.82,,,,92290c299a0a,,47c802c5cb42,ou25,,,,,,,
8e559505d4499c2eea587a6193e38bd8,2026-10-06T02:57:23.708838+00:00,2026-10-13 00:00:00,2026-10-13 00:00:00,Brazil Serie A,new_format,0.5378400001368475,,,0.4815704240639495,0.6172839506172839,UNDER,,AVOID,,-0.0051297197630157,,2.14,,,,7724e6e1ff64,,c8f0b43d3986,ou25,,,,,,,
59aa75d21f765e6ec2c671f4d8e76a27,2026-10-06T20:13:50.570449+00:00,2026-10-13 00:00:00,2026-10-13 18:45:00,Championship,standard,0.5512829696910418,,,0.6602601118038806,0.5747126436781609,OVER,,AVOID,,-0.023429673987119,,1.74,,,,36e8c7e5ee08,,9a14243a213c,ou25,0.03,0.08,0.12,e9eb19799af2,1.74,,
6742eb24c0e60f9d3fec73a2aa324227,2026-10-06T20:13:50.570449+00:00,2026-10-13 00:00:00,2026-10-13 18:45:00,Championship,standard,0.5283481249525228,,,0.5305463165333173,0.5617977528089888,OVER,,AVOID,,-0.0334496278564659,,1.78,,,,36e8c7e5ee08,,9a14243a213c,ou25,0.03,0.08,0.12,e9eb19799af2,1.78,,
a1b3fc4030f9f511934c8165151346a3,2026-10-06T20:13:50.570449+00:00,2026-10-13 00:00:00,2026-10-13 18:45:00,Championship,standard,0.5796216865432781,,,0.6200962589216268,0.5405405405405405,OVER,,VALUABLE,,0.0390811460027376,,1.85,,,,36e8c7e5ee08,,9a14243a213c,ou25,0.03,0.08,0.12,e9eb19799af2,1.85,,
c46cfc0e1bcc460e455e006428cd4e83,2026-10-06T20:13:50.570449+00:00,2026-10-13 00:00:00,2026-10-13 18:45:00,Championship,standard,0.49696070633718,,,0.3233235838169366,0.5319148936170213,OVER,,AVOID,,-0.0349541872798412,,1.88,,,,36e8c7e5ee08,,9a14243a213c,ou25,0.03,0.08,0.12,e9eb19799af2,1.88,,
c12dc476d773ac521742384d8d8d1481,2026-10-06T20:13:50.570449+00:00,2026-10-13 00:00:00,2026-10-13 19:00:00,Championship,standard,0.5248673271270333,,,0.4302912533424894,0.5813953488372093,UNDER,,AVOID,,-0.0199168320775283,,2.02,,,,36e8c7e5ee08,,9a14243a213c,ou25,0.03,0.08,0.12,e9eb19799af2,1.72,,
b7eaf1b7d03aaf459509c65197a1fa26,2026-10-06T20:13:50.570449+00:00,2026-10-13 00:00:00,2026-10-13 19:00:00,Championship,standard,0.4874871567392742,,,0.16650226187737,0.6024096385542169,UNDER,,VALUABLE,,0.0408147300531786,,2.12,,,,36e8c7e5ee08,,9a14243a213c,ou25,0.03,0.08,0.12,e9eb19799af2,1.66,,
35d7cc4a96b152b4a31b0b151cb70feb,2026-10-07T20:47:27.464873+00:00,2026-10-14 00:00:00,2026-10-14 18:45:00,Championship,standard,0.5020360072742004,,,0.48157042406394945,0.5649717514124294,UNDER,,AVOID,,-0.014856520094713277,,1.95,,,,0c2020430e9e,,8b47e6a97fdb,ou25,0.03,0.08,0.12,e9eb19799af2,1.77,,
6e99ceb52a57b3410b81067110589458,2026-10-07T20:47:27.464873+00:00,2026-10-14 00:00:00,2026-10-14 18:45:00,Championship,standard,0.5690955425689397,,,0.6602601118038804,0.5319148936170213,OVER,,VALUABLE,,0.037180648951918416,,1.88,,,,0c2020430e9e,,8b47e6a97fdb,ou25,0.03,0.08,0.12,e9eb19799af2,1.88,,
b6f4ecaf15915781326083408fba0e52,2026-10-07T20:47:27.464873+00:00,2026-10-14 00:00:00,2026-10-14 19:00:00,Championship,standard,0.5151306199551967,,,0.7311033222888894,0.6451612903225806,UNDER,,VALUABLE,,0.0556848306885801,,2.33,,,,0c2020430e9e,,8b47e6a97fdb,ou25,0.03,0.08,0.12,e9eb19799af2,1.55,,
