snapshot_ts,fixture_id,kickoff_utc,minutes_to_kickoff,ladder_band,league,model_type,home_team,away_team,bookmaker_id,bookmaker,market,side,line,odds,source,obs_reason
2026-10-10T00:53:12Z,1550984,2026-10-10T01:00:00Z,6.8,T-10m,Mexico Liga MX,new_format,Puebla,Leon,7,William Hill,ht_ou,over,1.5,2.62,api_football,heartbeat
2026-10-10T00:53:12Z,1550984,2026-10-10T01:00:00Z,6.8,T-10m,Mexico Liga MX,new_format,Puebla,Leon,7,William Hill,ht_ou,under,1.5,1.4,api_football,heartbeat
2026-10-10T00:53:12Z,1550984,2026-10-10T01:00:00Z,6.8,T-10m,Mexico Liga MX,new_format,Puebla,Leon,7,William Hill,ht_ou,over,0.5,1.33,api_football,heartbeat
2026-10-10T00:53:12Z,1550984,2026-10-10T01:00:00Z,6.8,T-10m,Mexico Liga MX,new_format,Puebla,Leon,7,William Hill,ht_ou,under,0.5,2.9,api_football,heartbeat
2026-10-10T00:53:12Z,1550984,2026-10-10T01:00:00Z,6.8,T-10m,Mexico Liga MX,new_format,Puebla,Leon,7,William Hill,btts,yes,,1.67,api_football,heartbeat
2026-10-10T00:53:12Z,1550984,2026-10-10T01:00:00Z,6.8,T-10m,Mexico Liga MX,new_format,Puebla,Leon,7,William Hill,btts,no,,2.05,api_football,heartbeat
2026-10-10T00:53:12Z,1550984,2026-10-10T01:00:00Z,6.8,T-10m,Mexico Liga MX,new_format,Puebla,Leon,8,Bet365,ou,over,1.5,1.25,api_football,change
2026-10-10T00:53:12Z,1550984,2026-10-10T01:00:00Z,6.8,T-10m,Mexico Liga MX,new_format,Puebla,Leon,8,Bet365,ou,under,1.5,3.75,api_football,change
2026-10-10T00:53:12Z,1550984,2026-10-10T01:00:00Z,6.8,T-10m,Mexico Liga MX,new_format,Puebla,Leon,8,Bet365,ou,over,2.5,1.85,api_football,change
2026-10-10T00:53:12Z,1550984,2026-10-10T01:00:00Z,6.8,T-10m,Mexico Liga MX,new_format,Puebla,Leon,8,Bet365,ou,under,2.5,1.95,api_football,change
2026-10-10T00:53:12Z,1550984,2026-10-10T01:00:00Z,6.8,T-10m,Mexico Liga MX,new_format,Puebla,Leon,8,Bet365,ou,over,3.5,3.25,api_football,heartbeat
2026-10-10T00:53:12Z,1550984,2026-10-10T01:00:00Z,6.8,T-10m,Mexico Liga MX,new_format,Puebla,Leon,8,Bet365,ou,under,3.5,1.33,api_football,heartbeat
2026-10-10T00:53:12Z,1550984,2026-10-10T01:00:00Z,6.8,T-10m,Mexico Liga MX,new_format,Puebla,Leon,8,Bet365,ht_ou,over,1.5,2.75,api_football,heartbeat
2026-10-10T00:53:12Z,1550984,2026-10-10T01:00:00Z,6.8,T-10m,Mexico Liga MX,new_format,Puebla,Leon,8,Bet365,ht_ou,under,1.5,1.4,api_football,heartbeat
2026-10-10T00:53:12Z,1550984,2026-10-10T01:00:00Z,6.8,T-10m,Mexico Liga MX,new_format,Puebla,Leon,8,Bet365,ht_ou,over,0.5,1.36,api_football,heartbeat
2026-10-10T00:53:12Z,1550984,2026-10-10T01:00:00Z,6.8,T-10m,Mexico Liga MX,new_format,Puebla,Leon,8,Bet365,ht_ou,under,0.5,3.0,api_football,heartbeat
2026-10-10T00:53:12Z,1550984,2026-10-10T01:00:00Z,6.8,T-10m,Mexico Liga MX,new_format,Puebla,Leon,8,Bet365,btts,yes,,1.7,api_football,heartbeat
2026-10-10T00:53:12Z,1550984,2026-10-10T01:00:00Z,6.8,T-10m,Mexico Liga MX,new_format,Puebla,Leon,8,Bet365,btts,no,,2.05,api_football,heartbeat
2026-10-10T00:53:12Z,1550984,2026-10-10T01:00:00Z,6.8,T-10m,Mexico Liga MX,new_format,Puebla,Leon,2,Marathonbet,ou,over,1.5,1.24,api_football,heartbeat
2026-10-10T00:53:12Z,1550984,2026-10-10T01:00:00Z,6.8,T-10m,Mexico Liga MX,new_format,Puebla,Leon,2,Marathonbet,ou,under,1.5,3.34,api_football,heartbeat
2026-10-10T00:53:12Z,1550984,2026-10-10T01:00:00Z,6.8,T-10m,Mexico Liga MX,new_format,Puebla,Leon,2,Marathonbet,ou,over,2.5,1.86,api_football,heartbeat
2026-10-10T00:53:12Z,1550984,2026-10-10T01:00:00Z,6.8,T-10m,Mexico Liga MX,new_format,Puebla,Leon,2,Marathonbet,ou,under,2.5,1.87,api_football,heartbeat
2026-10-10T00:53:12Z,1550984,2026-10-10T01:00:00Z,6.8,T-10m,Mexico Liga MX,new_format,Puebla,Leon,2,Marathonbet,ou,over,3.5,2.97,api_football,heartbeat
2026-10-10T00:53:12Z,1550984,2026-10-10T01:00:00Z,6.8,T-10m,Mexico Liga MX,new_format,Puebla,Leon,2,Marathonbet,ou,under,3.5,1.3,api_football,heartbeat
2026-10-10T00:53:12Z,1550984,2026-10-10T01:00:00Z,6.8,T-10m,Mexico Liga MX,new_format,Puebla,Leon,2,Marathonbet,ht_ou,over,1.5,2.54,api_football,heartbeat
2026-10-10T00:53:12Z,1550984,2026-10-10T01:00:00Z,6.8,T-10m,Mexico Liga MX,new_format,Puebla,Leon,2,Marathonbet,ht_ou,under,1.5,1.44,api_football,heartbeat
2026-10-10T00:53:12Z,1550984,2026-10-10T01:00:00Z,6.8,T-10m,Mexico Liga MX,new_format,Puebla,Leon,2,Marathonbet,ht_ou,over,0.5,1.34,api_football,heartbeat
2026-10-10T00:53:12Z,1550984,2026-10-10T01:00:00Z,6.8,T-10m,Mexico Liga MX,new_format,Puebla,Leon,2,Marathonbet,ht_ou,under,0.5,2.92,api_football,heartbeat
2026-10-10T00:53:12Z,1550984,2026-10-10T01:00:00Z,6.8,T-10m,Mexico Liga MX,new_format,Puebla,Leon,2,Marathonbet,btts,yes,,1.66,api_football,heartbeat
2026-10-10T00:53:12Z,1550984,2026-10-10T01:00:00Z,6.8,T-10m,Mexico Liga MX,new_format,Puebla,Leon,2,Marathonbet,btts,no,,2.06,api_football,heartbeat
2026-10-10T00:53:12Z,1550984,2026-10-10T01:00:00Z,6.8,T-10m,Mexico Liga MX,new_format,Puebla,Leon,3,Betfair,ou,over,1.5,1.25,api_football,change
2026-10-10T00:53:12Z,1550984,2026-10-10T01:00:00Z,6.8,T-10m,Mexico Liga MX,new_format,Puebla,Leon,3,Betfair,ou,under,1.5,3.6,api_football,change
2026-10-10T00:53:12Z,1550984,2026-10-10T01:00:00Z,6.8,T-10m,Mexico Liga MX,new_format,Puebla,Leon,3,Betfair,ou,over,2.5,1.85,api_football,change
2026-10-10T00:53:12Z,1550984,2026-10-10T01:00:00Z,6.8,T-10m,Mexico Liga MX,new_format,Puebla,Leon,3,Betfair,ou,under,2.5,1.85,api_football,change
2026-10-10T00:53:12Z,1550984,2026-10-10T01:00:00Z,6.8,T-10m,Mexico Liga MX,new_format,Puebla,Leon,3,Betfair,ou,over,3.5,3.2,api_football,change
2026-10-10T00:53:12Z,1550984,2026-10-10T01:00:00Z,6.8,T-10m,Mexico Liga MX,new_format,Puebla,Leon,3,Betfair,ou,under,3.5,1.3,api_football,change
2026-10-10T00:53:12Z,1550984,2026-10-10T01:00:00Z,6.8,T-10m,Mexico Liga MX,new_format,Puebla,Leon,3,Betfair,ht_ou,over,1.5,2.75,api_football,heartbeat
2026-10-10T00:53:12Z,1550984,2026-10-10T01:00:00Z,6.8,T-10m,Mexico Liga MX,new_format,Puebla,Leon,3,Betfair,ht_ou,under,1.5,1.4,api_football,heartbeat
2026-10-10T00:53:12Z,1550984,2026-10-10T01:00:00Z,6.8,T-10m,Mexico Liga MX,new_format,Puebla,Leon,3,Betfair,ht_ou,over,0.5,1.33,api_football,heartbeat
2026-10-10T00:53:12Z,1550984,2026-10-10T01:00:00Z,6.8,T-10m,Mexico Liga MX,new_format,Puebla,Leon,3,Betfair,ht_ou,under,0.5,3.0,api_football,heartbeat
2026-10-10T00:53:12Z,1550984,2026-10-10T01:00:00Z,6.8,T-10m,Mexico Liga MX,new_format,Puebla,Leon,3,Betfair,btts,yes,,1.65,api_football,change
2026-10-10T00:53:12Z,1550984,2026-10-10T01:00:00Z,6.8,T-10m,Mexico Liga MX,new_format,Puebla,Leon,3,Betfair,btts,no,,2.1,api_football,change
2026-10-10T00:53:12Z,1550984,2026-10-10T01:00:00Z,6.8,T-10m,Mexico Liga MX,new_format,Puebla,Leon,36,BetVictor,ou,over,1.5,1.25,api_football,change
2026-10-10T00:53:12Z,1550984,2026-10-10T01:00:00Z,6.8,T-10m,Mexico Liga MX,new_format,Puebla,Leon,36,BetVictor,ou,under,1.5,3.6,api_football,change
2026-10-10T00:53:12Z,1550984,2026-10-10T01:00:00Z,6.8,T-10m,Mexico Liga MX,new_format,Puebla,Leon,36,BetVictor,ou,over,2.5,1.84,api_football,change
2026-10-10T00:53:12Z,1550984,2026-10-10T01:00:00Z,6.8,T-10m,Mexico Liga MX,new_format,Puebla,Leon,36,BetVictor,ou,under,2.5,1.83,api_football,change
2026-10-10T00:53:12Z,1550984,2026-10-10T01:00:00Z,6.8,T-10m,Mexico Liga MX,new_format,Puebla,Leon,36,BetVictor,ou,over,3.5,3.25,api_football,change
2026-10-10T00:53:12Z,1550984,2026-10-10T01:00:00Z,6.8,T-10m,Mexico Liga MX,new_format,Puebla,Leon,36,BetVictor,ou,under,3.5,1.3,api_football,change
2026-10-10T00:53:12Z,1550984,2026-10-10T01:00:00Z,6.8,T-10m,Mexico Liga MX,new_format,Puebla,Leon,36,BetVictor,ht_ou,over,1.5,2.59,api_football,heartbeat
2026-10-10T00:53:12Z,1550984,2026-10-10T01:00:00Z,6.8,T-10m,Mexico Liga MX,new_format,Puebla,Leon,36,BetVictor,ht_ou,under,1.5,1.42,api_football,heartbeat
2026-10-10T00:53:12Z,1550984,2026-10-10T01:00:00Z,6.8,T-10m,Mexico Liga MX,new_format,Puebla,Leon,36,BetVictor,ht_ou,over,0.5,1.38,api_football,heartbeat
2026-10-10T00:53:12Z,1550984,2026-10-10T01:00:00Z,6.8,T-10m,Mexico Liga MX,new_format,Puebla,Leon,36,BetVictor,ht_ou,under,0.5,2.73,api_football,heartbeat
2026-10-10T00:53:12Z,1550984,2026-10-10T01:00:00Z,6.8,T-10m,Mexico Liga MX,new_format,Puebla,Leon,36,BetVictor,btts,yes,,1.67,api_football,heartbeat
2026-10-10T00:53:12Z,1550984,2026-10-10T01:00:00Z,6.8,T-10m,Mexico Liga MX,new_format,Puebla,Leon,36,BetVictor,btts,no,,2.05,api_football,heartbeat
2026-10-10T00:53:12Z,1550984,2026-10-10T01:00:00Z,6.8,T-10m,Mexico Liga MX,new_format,Puebla,Leon,4,Pinnacle,ou,over,1.5,1.29,api_football,heartbeat
2026-10-10T00:53:12Z,1550984,2026-10-10T01:00:00Z,6.8,T-10m,Mexico Liga MX,new_format,Puebla,Leon,4,Pinnacle,ou,under,1.5,3.77,api_football,change
2026-10-10T00:53:12Z,1550984,2026-10-10T01:00:00Z,6.8,T-10m,Mexico Liga MX,new_format,Puebla,Leon,4,Pinnacle,ou,over,2.5,1.94,api_football,change
2026-10-10T00:53:12Z,1550984,2026-10-10T01:00:00Z,6.8,T-10m,Mexico Liga MX,new_format,Puebla,Leon,4,Pinnacle,ou,under,2.5,1.94,api_football,change
2026-10-10T00:53:12Z,1550984,2026-10-10T01:00:00Z,6.8,T-10m,Mexico Liga MX,new_format,Puebla,Leon,4,Pinnacle,ou,over,3.5,3.27,api_football,change
2026-10-10T00:53:12Z,1550984,2026-10-10T01:00:00Z,6.8,T-10m,Mexico Liga MX,new_format,Puebla,Leon,4,Pinnacle,ou,under,3.5,1.36,api_football,heartbeat
2026-10-10T00:53:12Z,1550984,2026-10-10T01:00:00Z,6.8,T-10m,Mexico Liga MX,new_format,Puebla,Leon,4,Pinnacle,ht_ou,over,1.5,2.85,api_football,change
2026-10-10T00:53:12Z,1550984,2026-10-10T01:00:00Z,6.8,T-10m,Mexico Liga MX,new_format,Puebla,Leon,4,Pinnacle,ht_ou,under,1.5,1.43,api_football,heartbeat
2026-10-10T00:53:12Z,1550984,2026-10-10T01:00:00Z,6.8,T-10m,Mexico Liga MX,new_format,Puebla,Leon,4,Pinnacle,ht_ou,over,0.5,1.37,api_football,change
2026-10-10T00:53:12Z,1550984,2026-10-10T01:00:00Z,6.8,T-10m,Mexico Liga MX,new_format,Puebla,Leon,4,Pinnacle,ht_ou,under,0.5,3.11,api_football,change
2026-10-10T00:53:12Z,1550984,2026-10-10T01:00:00Z,6.8,T-10m,Mexico Liga MX,new_format,Puebla,Leon,5,SBO,ou,over,2.5,1.92,api_football,change
2026-10-10T00:53:12Z,1550984,2026-10-10T01:00:00Z,6.8,T-10m,Mexico Liga MX,new_format,Puebla,Leon,5,SBO,ou,under,2.5,1.92,api_football,change
2026-10-10T00:53:12Z,1550984,2026-10-10T01:00:00Z,6.8,T-10m,Mexico Liga MX,new_format,Puebla,Leon,11,1xBet,ou,over,1.5,1.24,api_football,heartbeat
2026-10-10T00:53:12Z,1550984,2026-10-10T01:00:00Z,6.8,T-10m,Mexico Liga MX,new_format,Puebla,Leon,11,1xBet,ou,under,1.5,3.34,api_football,heartbeat
2026-10-10T00:53:12Z,1550984,2026-10-10T01:00:00Z,6.8,T-10m,Mexico Liga MX,new_format,Puebla,Leon,11,1xBet,ou,over,2.5,1.86,api_football,heartbeat
2026-10-10T00:53:12Z,1550984,2026-10-10T01:00:00Z,6.8,T-10m,Mexico Liga MX,new_format,Puebla,Leon,11,1xBet,ou,under,2.5,1.87,api_football,heartbeat
2026-10-10T00:53:12Z,1550984,2026-10-10T01:00:00Z,6.8,T-10m,Mexico Liga MX,new_format,Puebla,Leon,11,1xBet,ou,over,3.5,2.97,api_football,heartbeat
2026-10-10T00:53:12Z,1550984,2026-10-10T01:00:00Z,6.8,T-10m,Mexico Liga MX,new_format,Puebla,Leon,11,1xBet,ou,under,3.5,1.3,api_football,heartbeat
2026-10-10T00:53:12Z,1550984,2026-10-10T01:00:00Z,6.8,T-10m,Mexico Liga MX,new_format,Puebla,Leon,11,1xBet,ht_ou,over,1.5,2.54,api_football,heartbeat
2026-10-10T00:53:12Z,1550984,2026-10-10T01:00:00Z,6.8,T-10m,Mexico Liga MX,new_format,Puebla,Leon,11,1xBet,ht_ou,under,1.5,1.44,api_football,heartbeat
2026-10-10T00:53:12Z,1550984,2026-10-10T01:00:00Z,6.8,T-10m,Mexico Liga MX,new_format,Puebla,Leon,11,1xBet,ht_ou,over,0.5,1.34,api_football,heartbeat
2026-10-10T00:53:12Z,1550984,2026-10-10T01:00:00Z,6.8,T-10m,Mexico Liga MX,new_format,Puebla,Leon,11,1xBet,ht_ou,under,0.5,2.92,api_football,heartbeat
2026-10-10T00:53:12Z,1550984,2026-10-10T01:00:00Z,6.8,T-10m,Mexico Liga MX,new_format,Puebla,Leon,11,1xBet,btts,yes,,1.66,api_football,heartbeat
2026-10-10T00:53:12Z,1550984,2026-10-10T01:00:00Z,6.8,T-10m,Mexico Liga MX,new_format,Puebla,Leon,11,1xBet,btts,no,,2.09,api_football,heartbeat
2026-10-10T00:53:12Z,1550984,2026-10-10T01:00:00Z,6.8,T-10m,Mexico Liga MX,new_format,Puebla,Leon,32,Betano,ou,over,1.5,1.3,api_football,change
2026-10-10T00:53:12Z,1550984,2026-10-10T01:00:00Z,6.8,T-10m,Mexico Liga MX,new_format,Puebla,Leon,32,Betano,ou,under,1.5,3.6,api_football,change
2026-10-10T00:53:12Z,1550984,2026-10-10T01:00:00Z,6.8,T-10m,Mexico Liga MX,new_format,Puebla,Leon,32,Betano,ou,over,2.5,1.9,api_football,change
2026-10-10T00:53:12Z,1550984,2026-10-10T01:00:00Z,6.8,T-10m,Mexico Liga MX,new_format,Puebla,Leon,32,Betano,ou,under,2.5,1.95,api_football,change
2026-10-10T00:53:12Z,1550984,2026-10-10T01:00:00Z,6.8,T-10m,Mexico Liga MX,new_format,Puebla,Leon,32,Betano,ou,over,3.5,3.2,api_football,change
2026-10-10T00:53:12Z,1550984,2026-10-10T01:00:00Z,6.8,T-10m,Mexico Liga MX,new_format,Puebla,Leon,32,Betano,ou,under,3.5,1.38,api_football,change
2026-10-10T00:53:12Z,1550984,2026-10-10T01:00:00Z,6.8,T-10m,Mexico Liga MX,new_format,Puebla,Leon,32,Betano,ht_ou,over,1.5,2.82,api_football,change
2026-10-10T00:53:12Z,1550984,2026-10-10T01:00:00Z,6.8,T-10m,Mexico Liga MX,new_format,Puebla,Leon,32,Betano,ht_ou,under,1.5,1.44,api_football,change
2026-10-10T00:53:12Z,1550984,2026-10-10T01:00:00Z,6.8,T-10m,Mexico Liga MX,new_format,Puebla,Leon,32,Betano,ht_ou,over,0.5,1.42,api_football,change
2026-10-10T00:53:12Z,1550984,2026-10-10T01:00:00Z,6.8,T-10m,Mexico Liga MX,new_format,Puebla,Leon,32,Betano,ht_ou,under,0.5,2.87,api_football,change
2026-10-10T00:53:12Z,1550984,2026-10-10T01:00:00Z,6.8,T-10m,Mexico Liga MX,new_format,Puebla,Leon,32,Betano,btts,yes,,1.67,api_football,change
2026-10-10T00:53:12Z,1550984,2026-10-10T01:00:00Z,6.8,T-10m,Mexico Liga MX,new_format,Puebla,Leon,32,Betano,btts,no,,2.1,api_football,change
2026-10-10T00:53:12Z,1550986,2026-10-10T03:00:00Z,126.8,T-3h,Mexico Liga MX,new_format,Tigres UANL,Toluca,36,BetVictor,ou,over,2.5,1.66,api_football,change
2026-10-10T00:53:12Z,1550986,2026-10-10T03:00:00Z,126.8,T-3h,Mexico Liga MX,new_format,Tigres UANL,Toluca,36,BetVictor,ou,under,2.5,2.05,api_football,change
2026-10-10T00:53:12Z,1550986,2026-10-10T03:00:00Z,126.8,T-3h,Mexico Liga MX,new_format,Tigres UANL,Toluca,36,BetVictor,ou,over,3.5,2.56,api_football,change
2026-10-10T00:53:12Z,1550986,2026-10-10T03:00:00Z,126.8,T-3h,Mexico Liga MX,new_format,Tigres UANL,Toluca,36,BetVictor,ou,under,3.5,1.43,api_football,change
2026-10-10T00:53:12Z,1550986,2026-10-10T03:00:00Z,126.8,T-3h,Mexico Liga MX,new_format,Tigres UANL,Toluca,36,BetVictor,ht_ou,over,1.5,2.38,api_football,change
2026-10-10T00:53:12Z,1550986,2026-10-10T03:00:00Z,126.8,T-3h,Mexico Liga MX,new_format,Tigres UANL,Toluca,4,Pinnacle,ou,under,1.5,4.42,api_football,change
2026-10-10T00:53:12Z,1550986,2026-10-10T03:00:00Z,126.8,T-3h,Mexico Liga MX,new_format,Tigres UANL,Toluca,4,Pinnacle,ou,over,2.5,1.73,api_football,change
2026-10-10T00:53:12Z,1550986,2026-10-10T03:00:00Z,126.8,T-3h,Mexico Liga MX,new_format,Tigres UANL,Toluca,4,Pinnacle,ou,under,2.5,2.2,api_football,change
2026-10-10T00:53:12Z,1550986,2026-10-10T03:00:00Z,126.8,T-3h,Mexico Liga MX,new_format,Tigres UANL,Toluca,4,Pinnacle,ou,over,3.5,2.83,api_football,change
2026-10-10T00:53:12Z,1550986,2026-10-10T03:00:00Z,126.8,T-3h,Mexico Liga MX,new_format,Tigres UANL,Toluca,4,Pinnacle,ht_ou,over,1.5,2.59,api_football,change
2026-10-10T00:55:18Z,1523270,2026-10-10T11:35:00Z,639.7,FAR,China Super League,new_format,Shanghai Shenhua,Yunnan Yukun,7,William Hill,ht_ou,over,1.5,1.7,api_football,open
2026-10-10T00:55:18Z,1523270,2026-10-10T11:35:00Z,639.7,FAR,China Super League,new_format,Shanghai Shenhua,Yunnan Yukun,7,William Hill,ht_ou,under,1.5,2.0,api_football,open
2026-10-10T00:55:18Z,1523270,2026-10-10T11:35:00Z,639.7,FAR,China Super League,new_format,Shanghai Shenhua,Yunnan Yukun,7,William Hill,ht_ou,over,0.5,1.14,api_football,open
2026-10-10T00:55:18Z,1523270,2026-10-10T11:35:00Z,639.7,FAR,China Super League,new_format,Shanghai Shenhua,Yunnan Yukun,7,William Hill,ht_ou,under,0.5,5.0,api_football,open
2026-10-10T00:55:18Z,1523270,2026-10-10T11:35:00Z,639.7,FAR,China Super League,new_format,Shanghai Shenhua,Yunnan Yukun,7,William Hill,btts,yes,,1.3,api_football,open
2026-10-10T00:55:18Z,1523270,2026-10-10T11:35:00Z,639.7,FAR,China Super League,new_format,Shanghai Shenhua,Yunnan Yukun,7,William Hill,btts,no,,3.3,api_football,open
2026-10-10T00:55:18Z,1523270,2026-10-10T11:35:00Z,639.7,FAR,China Super League,new_format,Shanghai Shenhua,Yunnan Yukun,8,Bet365,ou,over,1.5,1.05,api_football,open
2026-10-10T00:55:18Z,1523270,2026-10-10T11:35:00Z,639.7,FAR,China Super League,new_format,Shanghai Shenhua,Yunnan Yukun,8,Bet365,ou,under,1.5,11.0,api_football,open
2026-10-10T00:55:18Z,1523270,2026-10-10T11:35:00Z,639.7,FAR,China Super League,new_format,Shanghai Shenhua,Yunnan Yukun,8,Bet365,ou,over,2.5,1.2,api_football,open
2026-10-10T00:55:18Z,1523270,2026-10-10T11:35:00Z,639.7,FAR,China Super League,new_format,Shanghai Shenhua,Yunnan Yukun,8,Bet365,ou,under,2.5,4.33,api_football,open
2026-10-10T00:55:18Z,1523270,2026-10-10T11:35:00Z,639.7,FAR,China Super League,new_format,Shanghai Shenhua,Yunnan Yukun,8,Bet365,ou,over,3.5,1.5,api_football,open
2026-10-10T00:55:18Z,1523270,2026-10-10T11:35:00Z,639.7,FAR,China Super League,new_format,Shanghai Shenhua,Yunnan Yukun,8,Bet365,ou,under,3.5,2.5,api_football,open
2026-10-10T00:55:18Z,1523270,2026-10-10T11:35:00Z,639.7,FAR,China Super League,new_format,Shanghai Shenhua,Yunnan Yukun,8,Bet365,ht_ou,over,1.5,1.67,api_football,open
2026-10-10T00:55:18Z,1523270,2026-10-10T11:35:00Z,639.7,FAR,China Super League,new_format,Shanghai Shenhua,Yunnan Yukun,8,Bet365,ht_ou,under,1.5,2.1,api_football,open
2026-10-10T00:55:18Z,1523270,2026-10-10T11:35:00Z,639.7,FAR,China Super League,new_format,Shanghai Shenhua,Yunnan Yukun,8,Bet365,ht_ou,over,0.5,1.14,api_football,open
2026-10-10T00:55:18Z,1523270,2026-10-10T11:35:00Z,639.7,FAR,China Super League,new_format,Shanghai Shenhua,Yunnan Yukun,8,Bet365,ht_ou,under,0.5,5.5,api_football,open
2026-10-10T00:55:18Z,1523270,2026-10-10T11:35:00Z,639.7,FAR,China Super League,new_format,Shanghai Shenhua,Yunnan Yukun,8,Bet365,btts,yes,,1.28,api_football,open
2026-10-10T00:55:18Z,1523270,2026-10-10T11:35:00Z,639.7,FAR,China Super League,new_format,Shanghai Shenhua,Yunnan Yukun,8,Bet365,btts,no,,3.5,api_football,open
2026-10-10T00:55:18Z,1523270,2026-10-10T11:35:00Z,639.7,FAR,China Super League,new_format,Shanghai Shenhua,Yunnan Yukun,2,Marathonbet,ou,over,1.5,1.01,api_football,open
2026-10-10T00:55:18Z,1523270,2026-10-10T11:35:00Z,639.7,FAR,China Super League,new_format,Shanghai Shenhua,Yunnan Yukun,2,Marathonbet,ou,under,1.5,8.5,api_football,open
2026-10-10T00:55:18Z,1523270,2026-10-10T11:35:00Z,639.7,FAR,China Super League,new_format,Shanghai Shenhua,Yunnan Yukun,2,Marathonbet,ou,over,2.5,1.14,api_football,open
2026-10-10T00:55:18Z,1523270,2026-10-10T11:35:00Z,639.7,FAR,China Super League,new_format,Shanghai Shenhua,Yunnan Yukun,2,Marathonbet,ou,under,2.5,4.45,api_football,open
2026-10-10T00:55:18Z,1523270,2026-10-10T11:35:00Z,639.7,FAR,China Super League,new_format,Shanghai Shenhua,Yunnan Yukun,2,Marathonbet,ou,over,3.5,1.48,api_football,open
2026-10-10T00:55:18Z,1523270,2026-10-10T11:35:00Z,639.7,FAR,China Super League,new_format,Shanghai Shenhua,Yunnan Yukun,2,Marathonbet,ou,under,3.5,2.51,api_football,open
2026-10-10T00:55:18Z,1523270,2026-10-10T11:35:00Z,639.7,FAR,China Super League,new_format,Shanghai Shenhua,Yunnan Yukun,2,Marathonbet,ht_ou,over,1.5,1.6,api_football,open
2026-10-10T00:55:18Z,1523270,2026-10-10T11:35:00Z,639.7,FAR,China Super League,new_format,Shanghai Shenhua,Yunnan Yukun,2,Marathonbet,ht_ou,under,1.5,2.16,api_football,open
2026-10-10T00:55:18Z,1523270,2026-10-10T11:35:00Z,639.7,FAR,China Super League,new_format,Shanghai Shenhua,Yunnan Yukun,2,Marathonbet,ht_ou,over,0.5,1.09,api_football,open
2026-10-10T00:55:18Z,1523270,2026-10-10T11:35:00Z,639.7,FAR,China Super League,new_format,Shanghai Shenhua,Yunnan Yukun,2,Marathonbet,ht_ou,under,0.5,5.4,api_football,open
2026-10-10T00:55:18Z,1523270,2026-10-10T11:35:00Z,639.7,FAR,China Super League,new_format,Shanghai Shenhua,Yunnan Yukun,2,Marathonbet,btts,yes,,1.24,api_football,open
2026-10-10T00:55:18Z,1523270,2026-10-10T11:35:00Z,639.7,FAR,China Super League,new_format,Shanghai Shenhua,Yunnan Yukun,2,Marathonbet,btts,no,,3.56,api_football,open
2026-10-10T00:55:18Z,1523270,2026-10-10T11:35:00Z,639.7,FAR,China Super League,new_format,Shanghai Shenhua,Yunnan Yukun,3,Betfair,ou,over,1.5,1.04,api_football,open
2026-10-10T00:55:18Z,1523270,2026-10-10T11:35:00Z,639.7,FAR,China Super League,new_format,Shanghai Shenhua,Yunnan Yukun,3,Betfair,ou,under,1.5,11.0,api_football,open
2026-10-10T00:55:18Z,1523270,2026-10-10T11:35:00Z,639.7,FAR,China Super League,new_format,Shanghai Shenhua,Yunnan Yukun,3,Betfair,ou,over,2.5,1.2,api_football,open
2026-10-10T00:55:18Z,1523270,2026-10-10T11:35:00Z,639.7,FAR,China Super League,new_format,Shanghai Shenhua,Yunnan Yukun,3,Betfair,ou,under,2.5,4.5,api_football,open
2026-10-10T00:55:18Z,1523270,2026-10-10T11:35:00Z,639.7,FAR,China Super League,new_format,Shanghai Shenhua,Yunnan Yukun,3,Betfair,ou,over,3.5,1.5,api_football,open
2026-10-10T00:55:18Z,1523270,2026-10-10T11:35:00Z,639.7,FAR,China Super League,new_format,Shanghai Shenhua,Yunnan Yukun,3,Betfair,ou,under,3.5,2.55,api_football,open
2026-10-10T00:55:18Z,1523270,2026-10-10T11:35:00Z,639.7,FAR,China Super League,new_format,Shanghai Shenhua,Yunnan Yukun,3,Betfair,ht_ou,over,1.5,1.6,api_football,open
2026-10-10T00:55:18Z,1523270,2026-10-10T11:35:00Z,639.7,FAR,China Super League,new_format,Shanghai Shenhua,Yunnan Yukun,3,Betfair,ht_ou,under,1.5,2.2,api_football,open
2026-10-10T00:55:18Z,1523270,2026-10-10T11:35:00Z,639.7,FAR,China Super League,new_format,Shanghai Shenhua,Yunnan Yukun,3,Betfair,ht_ou,over,0.5,1.11,api_football,open
2026-10-10T00:55:18Z,1523270,2026-10-10T11:35:00Z,639.7,FAR,China Super League,new_format,Shanghai Shenhua,Yunnan Yukun,3,Betfair,ht_ou,under,0.5,6.5,api_football,open
2026-10-10T00:55:18Z,1523270,2026-10-10T11:35:00Z,639.7,FAR,China Super League,new_format,Shanghai Shenhua,Yunnan Yukun,3,Betfair,btts,yes,,1.29,api_football,open
2026-10-10T00:55:18Z,1523270,2026-10-10T11:35:00Z,639.7,FAR,China Super League,new_format,Shanghai Shenhua,Yunnan Yukun,3,Betfair,btts,no,,3.5,api_football,open
2026-10-10T00:55:18Z,1523270,2026-10-10T11:35:00Z,639.7,FAR,China Super League,new_format,Shanghai Shenhua,Yunnan Yukun,4,Pinnacle,ou,over,2.5,1.2,api_football,open
2026-10-10T00:55:18Z,1523270,2026-10-10T11:35:00Z,639.7,FAR,China Super League,new_format,Shanghai Shenhua,Yunnan Yukun,4,Pinnacle,ou,under,2.5,4.52,api_football,open
2026-10-10T00:55:18Z,1523270,2026-10-10T11:35:00Z,639.7,FAR,China Super League,new_format,Shanghai Shenhua,Yunnan Yukun,4,Pinnacle,ou,over,3.5,1.53,api_football,open
2026-10-10T00:55:18Z,1523270,2026-10-10T11:35:00Z,639.7,FAR,China Super League,new_format,Shanghai Shenhua,Yunnan Yukun,4,Pinnacle,ou,under,3.5,2.5,api_football,open
2026-10-10T00:55:18Z,1523270,2026-10-10T11:35:00Z,639.7,FAR,China Super League,new_format,Shanghai Shenhua,Yunnan Yukun,4,Pinnacle,ht_ou,over,1.5,1.67,api_football,open
2026-10-10T00:55:18Z,1523270,2026-10-10T11:35:00Z,639.7,FAR,China Super League,new_format,Shanghai Shenhua,Yunnan Yukun,4,Pinnacle,ht_ou,under,1.5,2.16,api_football,open
2026-10-10T00:55:18Z,1523270,2026-10-10T11:35:00Z,639.7,FAR,China Super League,new_format,Shanghai Shenhua,Yunnan Yukun,11,1xBet,ou,over,1.5,1.01,api_football,open
2026-10-10T00:55:18Z,1523270,2026-10-10T11:35:00Z,639.7,FAR,China Super League,new_format,Shanghai Shenhua,Yunnan Yukun,11,1xBet,ou,under,1.5,9.9,api_football,open
2026-10-10T00:55:18Z,1523270,2026-10-10T11:35:00Z,639.7,FAR,China Super League,new_format,Shanghai Shenhua,Yunnan Yukun,11,1xBet,ou,over,2.5,1.14,api_football,open
2026-10-10T00:55:18Z,1523270,2026-10-10T11:35:00Z,639.7,FAR,China Super League,new_format,Shanghai Shenhua,Yunnan Yukun,11,1xBet,ou,under,2.5,4.45,api_football,open
2026-10-10T00:55:18Z,1523270,2026-10-10T11:35:00Z,639.7,FAR,China Super League,new_format,Shanghai Shenhua,Yunnan Yukun,11,1xBet,ou,over,3.5,1.48,api_football,open
2026-10-10T00:55:18Z,1523270,2026-10-10T11:35:00Z,639.7,FAR,China Super League,new_format,Shanghai Shenhua,Yunnan Yukun,11,1xBet,ou,under,3.5,2.51,api_football,open
2026-10-10T00:55:18Z,1523270,2026-10-10T11:35:00Z,639.7,FAR,China Super League,new_format,Shanghai Shenhua,Yunnan Yukun,11,1xBet,ht_ou,over,1.5,1.6,api_football,open
2026-10-10T00:55:18Z,1523270,2026-10-10T11:35:00Z,639.7,FAR,China Super League,new_format,Shanghai Shenhua,Yunnan Yukun,11,1xBet,ht_ou,under,1.5,2.16,api_football,open
2026-10-10T00:55:18Z,1523270,2026-10-10T11:35:00Z,639.7,FAR,China Super League,new_format,Shanghai Shenhua,Yunnan Yukun,11,1xBet,ht_ou,over,0.5,1.09,api_football,open
2026-10-10T00:55:18Z,1523270,2026-10-10T11:35:00Z,639.7,FAR,China Super League,new_format,Shanghai Shenhua,Yunnan Yukun,11,1xBet,ht_ou,under,0.5,6.1,api_football,open
2026-10-10T00:55:18Z,1523270,2026-10-10T11:35:00Z,639.7,FAR,China Super League,new_format,Shanghai Shenhua,Yunnan Yukun,11,1xBet,btts,yes,,1.24,api_football,open
2026-10-10T00:55:18Z,1523270,2026-10-10T11:35:00Z,639.7,FAR,China Super League,new_format,Shanghai Shenhua,Yunnan Yukun,11,1xBet,btts,no,,3.65,api_football,open
2026-10-10T00:55:18Z,1523270,2026-10-10T11:35:00Z,639.7,FAR,China Super League,new_format,Shanghai Shenhua,Yunnan Yukun,32,Betano,ou,over,1.5,1.06,api_football,open
2026-10-10T00:55:18Z,1523270,2026-10-10T11:35:00Z,639.7,FAR,China Super League,new_format,Shanghai Shenhua,Yunnan Yukun,32,Betano,ou,under,1.5,7.5,api_football,open
2026-10-10T00:55:18Z,1523270,2026-10-10T11:35:00Z,639.7,FAR,China Super League,new_format,Shanghai Shenhua,Yunnan Yukun,32,Betano,ou,over,2.5,1.2,api_football,open
2026-10-10T00:55:18Z,1523270,2026-10-10T11:35:00Z,639.7,FAR,China Super League,new_format,Shanghai Shenhua,Yunnan Yukun,32,Betano,ou,under,2.5,4.1,api_football,open
2026-10-10T00:55:18Z,1523270,2026-10-10T11:35:00Z,639.7,FAR,China Super League,new_format,Shanghai Shenhua,Yunnan Yukun,32,Betano,ou,over,3.5,1.5,api_football,open
2026-10-10T00:55:18Z,1523270,2026-10-10T11:35:00Z,639.7,FAR,China Super League,new_format,Shanghai Shenhua,Yunnan Yukun,32,Betano,ou,under,3.5,2.42,api_football,open
2026-10-10T00:55:18Z,1523270,2026-10-10T11:35:00Z,639.7,FAR,China Super League,new_format,Shanghai Shenhua,Yunnan Yukun,32,Betano,ht_ou,over,1.5,1.7,api_football,open
2026-10-10T00:55:18Z,1523270,2026-10-10T11:35:00Z,639.7,FAR,China Super League,new_format,Shanghai Shenhua,Yunnan Yukun,32,Betano,ht_ou,under,1.5,2.07,api_football,open
2026-10-10T00:55:18Z,1523270,2026-10-10T11:35:00Z,639.7,FAR,China Super League,new_format,Shanghai Shenhua,Yunnan Yukun,32,Betano,ht_ou,over,0.5,1.15,api_football,open
2026-10-10T00:55:18Z,1523270,2026-10-10T11:35:00Z,639.7,FAR,China Super League,new_format,Shanghai Shenhua,Yunnan Yukun,32,Betano,ht_ou,under,0.5,4.75,api_football,open
2026-10-10T00:55:18Z,1523270,2026-10-10T11:35:00Z,639.7,FAR,China Super League,new_format,Shanghai Shenhua,Yunnan Yukun,32,Betano,btts,yes,,1.28,api_football,open
2026-10-10T00:55:18Z,1523270,2026-10-10T11:35:00Z,639.7,FAR,China Super League,new_format,Shanghai Shenhua,Yunnan Yukun,32,Betano,btts,no,,3.35,api_football,open
2026-10-10T00:55:18Z,1523269,2026-10-10T11:35:00Z,639.7,FAR,China Super League,new_format,Chengdu Better City,Tianjin Teda,7,William Hill,ht_ou,over,1.5,2.45,api_football,open
2026-10-10T00:55:18Z,1523269,2026-10-10T11:35:00Z,639.7,FAR,China Super League,new_format,Chengdu Better City,Tianjin Teda,7,William Hill,ht_ou,under,1.5,1.44,api_football,open
2026-10-10T00:55:18Z,1523269,2026-10-10T11:35:00Z,639.7,FAR,China Super League,new_format,Chengdu Better City,Tianjin Teda,7,William Hill,ht_ou,over,0.5,1.3,api_football,open
2026-10-10T00:55:18Z,1523269,2026-10-10T11:35:00Z,639.7,FAR,China Super League,new_format,Chengdu Better City,Tianjin Teda,7,William Hill,ht_ou,under,0.5,3.25,api_football,open
2026-10-10T00:55:18Z,1523269,2026-10-10T11:35:00Z,639.7,FAR,China Super League,new_format,Chengdu Better City,Tianjin Teda,7,William Hill,btts,yes,,1.67,api_football,open
2026-10-10T00:55:18Z,1523269,2026-10-10T11:35:00Z,639.7,FAR,China Super League,new_format,Chengdu Better City,Tianjin Teda,7,William Hill,btts,no,,2.1,api_football,open
2026-10-10T00:55:18Z,1523269,2026-10-10T11:35:00Z,639.7,FAR,China Super League,new_format,Chengdu Better City,Tianjin Teda,8,Bet365,ou,over,1.5,1.22,api_football,open
2026-10-10T00:55:18Z,1523269,2026-10-10T11:35:00Z,639.7,FAR,China Super League,new_format,Chengdu Better City,Tianjin Teda,8,Bet365,ou,under,1.5,4.0,api_football,open
2026-10-10T00:55:18Z,1523269,2026-10-10T11:35:00Z,639.7,FAR,China Super League,new_format,Chengdu Better City,Tianjin Teda,8,Bet365,ou,over,2.5,1.7,api_football,open
2026-10-10T00:55:18Z,1523269,2026-10-10T11:35:00Z,639.7,FAR,China Super League,new_format,Chengdu Better City,Tianjin Teda,8,Bet365,ou,under,2.5,2.1,api_football,open
2026-10-10T00:55:18Z,1523269,2026-10-10T11:35:00Z,639.7,FAR,China Super League,new_format,Chengdu Better City,Tianjin Teda,8,Bet365,ou,over,3.5,2.75,api_football,open
2026-10-10T00:55:18Z,1523269,2026-10-10T11:35:00Z,639.7,FAR,China Super League,new_format,Chengdu Better City,Tianjin Teda,8,Bet365,ou,under,3.5,1.4,api_football,open
2026-10-10T00:55:18Z,1523269,2026-10-10T11:35:00Z,639.7,FAR,China Super League,new_format,Chengdu Better City,Tianjin Teda,8,Bet365,ht_ou,over,1.5,2.5,api_football,open
2026-10-10T00:55:18Z,1523269,2026-10-10T11:35:00Z,639.7,FAR,China Super League,new_format,Chengdu Better City,Tianjin Teda,8,Bet365,ht_ou,under,1.5,1.5,api_football,open
2026-10-10T00:55:18Z,1523269,2026-10-10T11:35:00Z,639.7,FAR,China Super League,new_format,Chengdu Better City,Tianjin Teda,8,Bet365,ht_ou,over,0.5,1.3,api_football,open
2026-10-10T00:55:18Z,1523269,2026-10-10T11:35:00Z,639.7,FAR,China Super League,new_format,Chengdu Better City,Tianjin Teda,8,Bet365,ht_ou,under,0.5,3.4,api_football,open
2026-10-10T00:55:18Z,1523269,2026-10-10T11:35:00Z,639.7,FAR,China Super League,new_format,Chengdu Better City,Tianjin Teda,8,Bet365,btts,yes,,1.67,api_football,open
2026-10-10T00:55:18Z,1523269,2026-10-10T11:35:00Z,639.7,FAR,China Super League,new_format,Chengdu Better City,Tianjin Teda,8,Bet365,btts,no,,2.1,api_football,open
2026-10-10T00:55:18Z,1523269,2026-10-10T11:35:00Z,639.7,FAR,China Super League,new_format,Chengdu Better City,Tianjin Teda,2,Marathonbet,ou,over,1.5,1.18,api_football,open
2026-10-10T00:55:18Z,1523269,2026-10-10T11:35:00Z,639.7,FAR,China Super League,new_format,Chengdu Better City,Tianjin Teda,2,Marathonbet,ou,under,1.5,3.84,api_football,open
2026-10-10T00:55:18Z,1523269,2026-10-10T11:35:00Z,639.7,FAR,China Super League,new_format,Chengdu Better City,Tianjin Teda,2,Marathonbet,ou,over,2.5,1.7,api_football,open
2026-10-10T00:55:18Z,1523269,2026-10-10T11:35:00Z,639.7,FAR,China Super League,new_format,Chengdu Better City,Tianjin Teda,2,Marathonbet,ou,under,2.5,2.06,api_football,open
2026-10-10T00:55:18Z,1523269,2026-10-10T11:35:00Z,639.7,FAR,China Super League,new_format,Chengdu Better City,Tianjin Teda,2,Marathonbet,ou,over,3.5,2.66,api_football,open
2026-10-10T00:55:18Z,1523269,2026-10-10T11:35:00Z,639.7,FAR,China Super League,new_format,Chengdu Better City,Tianjin Teda,2,Marathonbet,ou,under,3.5,1.37,api_football,open
2026-10-10T00:55:18Z,1523269,2026-10-10T11:35:00Z,639.7,FAR,China Super League,new_format,Chengdu Better City,Tianjin Teda,2,Marathonbet,ht_ou,over,1.5,2.32,api_football,open
2026-10-10T00:55:18Z,1523269,2026-10-10T11:35:00Z,639.7,FAR,China Super League,new_format,Chengdu Better City,Tianjin Teda,2,Marathonbet,ht_ou,under,1.5,1.52,api_football,open
2026-10-10T00:55:18Z,1523269,2026-10-10T11:35:00Z,639.7,FAR,China Super League,new_format,Chengdu Better City,Tianjin Teda,2,Marathonbet,ht_ou,over,0.5,1.26,api_football,open
2026-10-10T00:55:18Z,1523269,2026-10-10T11:35:00Z,639.7,FAR,China Super League,new_format,Chengdu Better City,Tianjin Teda,2,Marathonbet,ht_ou,under,0.5,3.4,api_football,open
2026-10-10T00:55:18Z,1523269,2026-10-10T11:35:00Z,639.7,FAR,China Super League,new_format,Chengdu Better City,Tianjin Teda,2,Marathonbet,btts,yes,,1.63,api_football,open
2026-10-10T00:55:18Z,1523269,2026-10-10T11:35:00Z,639.7,FAR,China Super League,new_format,Chengdu Better City,Tianjin Teda,2,Marathonbet,btts,no,,2.11,api_football,open
2026-10-10T00:55:18Z,1523269,2026-10-10T11:35:00Z,639.7,FAR,China Super League,new_format,Chengdu Better City,Tianjin Teda,3,Betfair,ou,over,1.5,1.2,api_football,open
2026-10-10T00:55:18Z,1523269,2026-10-10T11:35:00Z,639.7,FAR,China Super League,new_format,Chengdu Better City,Tianjin Teda,3,Betfair,ou,under,1.5,4.33,api_football,open
2026-10-10T00:55:18Z,1523269,2026-10-10T11:35:00Z,639.7,FAR,China Super League,new_format,Chengdu Better City,Tianjin Teda,3,Betfair,ou,over,2.5,1.67,api_football,open
2026-10-10T00:55:18Z,1523269,2026-10-10T11:35:00Z,639.7,FAR,China Super League,new_format,Chengdu Better City,Tianjin Teda,3,Betfair,ou,under,2.5,2.15,api_football,open
2026-10-10T00:55:18Z,1523269,2026-10-10T11:35:00Z,639.7,FAR,China Super League,new_format,Chengdu Better City,Tianjin Teda,3,Betfair,ou,over,3.5,2.88,api_football,open
2026-10-10T00:55:18Z,1523269,2026-10-10T11:35:00Z,639.7,FAR,China Super League,new_format,Chengdu Better City,Tianjin Teda,3,Betfair,ou,under,3.5,1.4,api_football,open
2026-10-10T00:55:18Z,1523269,2026-10-10T11:35:00Z,639.7,FAR,China Super League,new_format,Chengdu Better City,Tianjin Teda,3,Betfair,ht_ou,over,1.5,2.55,api_football,open
2026-10-10T00:55:18Z,1523269,2026-10-10T11:35:00Z,639.7,FAR,China Super League,new_format,Chengdu Better City,Tianjin Teda,3,Betfair,ht_ou,under,1.5,1.45,api_football,open
2026-10-10T00:55:18Z,1523269,2026-10-10T11:35:00Z,639.7,FAR,China Super League,new_format,Chengdu Better City,Tianjin Teda,3,Betfair,ht_ou,over,0.5,1.29,api_football,open
2026-10-10T00:55:18Z,1523269,2026-10-10T11:35:00Z,639.7,FAR,China Super League,new_format,Chengdu Better City,Tianjin Teda,3,Betfair,ht_ou,under,0.5,3.3,api_football,open
2026-10-10T00:55:18Z,1523269,2026-10-10T11:35:00Z,639.7,FAR,China Super League,new_format,Chengdu Better City,Tianjin Teda,3,Betfair,btts,yes,,1.65,api_football,open
2026-10-10T00:55:18Z,1523269,2026-10-10T11:35:00Z,639.7,FAR,China Super League,new_format,Chengdu Better City,Tianjin Teda,3,Betfair,btts,no,,2.2,api_football,open
2026-10-10T00:55:18Z,1523269,2026-10-10T11:35:00Z,639.7,FAR,China Super League,new_format,Chengdu Better City,Tianjin Teda,4,Pinnacle,ou,over,1.5,1.23,api_football,open
2026-10-10T00:55:18Z,1523269,2026-10-10T11:35:00Z,639.7,FAR,China Super League,new_format,Chengdu Better City,Tianjin Teda,4,Pinnacle,ou,under,1.5,4.16,api_football,open
2026-10-10T00:55:18Z,1523269,2026-10-10T11:35:00Z,639.7,FAR,China Super League,new_format,Chengdu Better City,Tianjin Teda,4,Pinnacle,ou,over,2.5,1.73,api_football,open
2026-10-10T00:55:18Z,1523269,2026-10-10T11:35:00Z,639.7,FAR,China Super League,new_format,Chengdu Better City,Tianjin Teda,4,Pinnacle,ou,under,2.5,2.13,api_football,open
2026-10-10T00:55:18Z,1523269,2026-10-10T11:35:00Z,639.7,FAR,China Super League,new_format,Chengdu Better City,Tianjin Teda,4,Pinnacle,ou,over,3.5,2.82,api_football,open
2026-10-10T00:55:18Z,1523269,2026-10-10T11:35:00Z,639.7,FAR,China Super League,new_format,Chengdu Better City,Tianjin Teda,4,Pinnacle,ou,under,3.5,1.43,api_football,open
2026-10-10T00:55:18Z,1523269,2026-10-10T11:35:00Z,639.7,FAR,China Super League,new_format,Chengdu Better City,Tianjin Teda,4,Pinnacle,ht_ou,over,1.5,2.56,api_football,open
2026-10-10T00:55:18Z,1523269,2026-10-10T11:35:00Z,639.7,FAR,China Super League,new_format,Chengdu Better City,Tianjin Teda,4,Pinnacle,ht_ou,under,1.5,1.49,api_football,open
2026-10-10T00:55:18Z,1523269,2026-10-10T11:35:00Z,639.7,FAR,China Super League,new_format,Chengdu Better City,Tianjin Teda,11,1xBet,ou,over,1.5,1.18,api_football,open
2026-10-10T00:55:18Z,1523269,2026-10-10T11:35:00Z,639.7,FAR,China Super League,new_format,Chengdu Better City,Tianjin Teda,11,1xBet,ou,under,1.5,3.84,api_football,open
2026-10-10T00:55:18Z,1523269,2026-10-10T11:35:00Z,639.7,FAR,China Super League,new_format,Chengdu Better City,Tianjin Teda,11,1xBet,ou,over,2.5,1.74,api_football,open
2026-10-10T00:55:18Z,1523269,2026-10-10T11:35:00Z,639.7,FAR,China Super League,new_format,Chengdu Better City,Tianjin Teda,11,1xBet,ou,under,2.5,2.11,api_football,open
2026-10-10T00:55:18Z,1523269,2026-10-10T11:35:00Z,639.7,FAR,China Super League,new_format,Chengdu Better City,Tianjin Teda,11,1xBet,ou,over,3.5,2.66,api_football,open
2026-10-10T00:55:18Z,1523269,2026-10-10T11:35:00Z,639.7,FAR,China Super League,new_format,Chengdu Better City,Tianjin Teda,11,1xBet,ou,under,3.5,1.37,api_football,open
2026-10-10T00:55:18Z,1523269,2026-10-10T11:35:00Z,639.7,FAR,China Super League,new_format,Chengdu Better City,Tianjin Teda,11,1xBet,ht_ou,over,1.5,2.32,api_football,open
2026-10-10T00:55:18Z,1523269,2026-10-10T11:35:00Z,639.7,FAR,China Super League,new_format,Chengdu Better City,Tianjin Teda,11,1xBet,ht_ou,under,1.5,1.52,api_football,open
2026-10-10T00:55:18Z,1523269,2026-10-10T11:35:00Z,639.7,FAR,China Super League,new_format,Chengdu Better City,Tianjin Teda,11,1xBet,ht_ou,over,0.5,1.26,api_football,open
2026-10-10T00:55:18Z,1523269,2026-10-10T11:35:00Z,639.7,FAR,China Super League,new_format,Chengdu Better City,Tianjin Teda,11,1xBet,ht_ou,under,0.5,3.4,api_football,open
2026-10-10T00:55:18Z,1523269,2026-10-10T11:35:00Z,639.7,FAR,China Super League,new_format,Chengdu Better City,Tianjin Teda,11,1xBet,btts,yes,,1.63,api_football,open
2026-10-10T00:55:18Z,1523269,2026-10-10T11:35:00Z,639.7,FAR,China Super League,new_format,Chengdu Better City,Tianjin Teda,11,1xBet,btts,no,,2.14,api_football,open
2026-10-10T00:55:18Z,1523269,2026-10-10T11:35:00Z,639.7,FAR,China Super League,new_format,Chengdu Better City,Tianjin Teda,32,Betano,ou,over,1.5,1.22,api_football,open
2026-10-10T00:55:18Z,1523269,2026-10-10T11:35:00Z,639.7,FAR,China Super League,new_format,Chengdu Better City,Tianjin Teda,32,Betano,ou,under,1.5,3.85,api_football,open
2026-10-10T00:55:18Z,1523269,2026-10-10T11:35:00Z,639.7,FAR,China Super League,new_format,Chengdu Better City,Tianjin Teda,32,Betano,ou,over,2.5,1.67,api_football,open
2026-10-10T00:55:18Z,1523269,2026-10-10T11:35:00Z,639.7,FAR,China Super League,new_format,Chengdu Better City,Tianjin Teda,32,Betano,ou,under,2.5,2.12,api_football,open
2026-10-10T00:55:18Z,1523269,2026-10-10T11:35:00Z,639.7,FAR,China Super League,new_format,Chengdu Better City,Tianjin Teda,32,Betano,ou,over,3.5,2.57,api_football,open
2026-10-10T00:55:18Z,1523269,2026-10-10T11:35:00Z,639.7,FAR,China Super League,new_format,Chengdu Better City,Tianjin Teda,32,Betano,ou,under,3.5,1.44,api_football,open
2026-10-10T00:55:18Z,1523269,2026-10-10T11:35:00Z,639.7,FAR,China Super League,new_format,Chengdu Better City,Tianjin Teda,32,Betano,ht_ou,over,1.5,2.5,api_football,open
2026-10-10T00:55:18Z,1523269,2026-10-10T11:35:00Z,639.7,FAR,China Super League,new_format,Chengdu Better City,Tianjin Teda,32,Betano,ht_ou,under,1.5,1.5,api_football,open
2026-10-10T00:55:18Z,1523269,2026-10-10T11:35:00Z,639.7,FAR,China Super League,new_format,Chengdu Better City,Tianjin Teda,32,Betano,ht_ou,over,0.5,1.35,api_football,open
2026-10-10T00:55:18Z,1523269,2026-10-10T11:35:00Z,639.7,FAR,China Super League,new_format,Chengdu Better City,Tianjin Teda,32,Betano,ht_ou,under,0.5,3.05,api_football,open
2026-10-10T00:55:18Z,1523269,2026-10-10T11:35:00Z,639.7,FAR,China Super League,new_format,Chengdu Better City,Tianjin Teda,32,Betano,btts,yes,,1.62,api_football,open
2026-10-10T00:55:18Z,1523269,2026-10-10T11:35:00Z,639.7,FAR,China Super League,new_format,Chengdu Better City,Tianjin Teda,32,Betano,btts,no,,2.18,api_football,open
2026-10-10T00:55:18Z,1507079,2026-10-10T05:00:00Z,244.7,T-6h,K-League 1,new_format,FC Seoul,Jeju United FC,7,William Hill,ht_ou,over,1.5,2.45,api_football,change
2026-10-10T00:55:18Z,1507079,2026-10-10T05:00:00Z,244.7,T-6h,K-League 1,new_format,FC Seoul,Jeju United FC,7,William Hill,ht_ou,under,1.5,1.5,api_football,change
2026-10-10T00:55:18Z,1507079,2026-10-10T05:00:00Z,244.7,T-6h,K-League 1,new_format,FC Seoul,Jeju United FC,7,William Hill,ht_ou,over,0.5,1.3,api_football,change
2026-10-10T00:55:18Z,1507079,2026-10-10T05:00:00Z,244.7,T-6h,K-League 1,new_format,FC Seoul,Jeju United FC,7,William Hill,ht_ou,under,0.5,3.25,api_football,change
2026-10-10T00:55:18Z,1507079,2026-10-10T05:00:00Z,244.7,T-6h,K-League 1,new_format,FC Seoul,Jeju United FC,7,William Hill,btts,yes,,1.73,api_football,change
2026-10-10T00:55:18Z,1507079,2026-10-10T05:00:00Z,244.7,T-6h,K-League 1,new_format,FC Seoul,Jeju United FC,7,William Hill,btts,no,,2.0,api_football,change
2026-10-10T00:55:18Z,1507079,2026-10-10T05:00:00Z,244.7,T-6h,K-League 1,new_format,FC Seoul,Jeju United FC,8,Bet365,ou,over,1.5,1.22,api_football,change
2026-10-10T00:55:18Z,1507079,2026-10-10T05:00:00Z,244.7,T-6h,K-League 1,new_format,FC Seoul,Jeju United FC,8,Bet365,ou,under,1.5,4.0,api_football,change
2026-10-10T00:55:18Z,1507079,2026-10-10T05:00:00Z,244.7,T-6h,K-League 1,new_format,FC Seoul,Jeju United FC,8,Bet365,ou,over,3.5,2.75,api_football,change
2026-10-10T00:55:18Z,1507079,2026-10-10T05:00:00Z,244.7,T-6h,K-League 1,new_format,FC Seoul,Jeju United FC,8,Bet365,ou,under,3.5,1.4,api_football,change
2026-10-10T00:55:18Z,1507079,2026-10-10T05:00:00Z,244.7,T-6h,K-League 1,new_format,FC Seoul,Jeju United FC,8,Bet365,ht_ou,over,0.5,1.33,api_football,change
2026-10-10T00:55:18Z,1507079,2026-10-10T05:00:00Z,244.7,T-6h,K-League 1,new_format,FC Seoul,Jeju United FC,8,Bet365,ht_ou,under,0.5,3.25,api_football,change
2026-10-10T00:55:18Z,1507079,2026-10-10T05:00:00Z,244.7,T-6h,K-League 1,new_format,FC Seoul,Jeju United FC,8,Bet365,btts,yes,,1.8,api_football,change
2026-10-10T00:55:18Z,1507079,2026-10-10T05:00:00Z,244.7,T-6h,K-League 1,new_format,FC Seoul,Jeju United FC,8,Bet365,btts,no,,1.91,api_football,change
2026-10-10T00:55:18Z,1507079,2026-10-10T05:00:00Z,244.7,T-6h,K-League 1,new_format,FC Seoul,Jeju United FC,2,Marathonbet,ht_ou,over,1.5,2.42,api_football,change
2026-10-10T00:55:18Z,1507079,2026-10-10T05:00:00Z,244.7,T-6h,K-League 1,new_format,FC Seoul,Jeju United FC,2,Marathonbet,ht_ou,under,1.5,1.48,api_football,change
2026-10-10T00:55:18Z,1507079,2026-10-10T05:00:00Z,244.7,T-6h,K-League 1,new_format,FC Seoul,Jeju United FC,2,Marathonbet,ht_ou,over,0.5,1.28,api_football,change
2026-10-10T00:55:18Z,1507079,2026-10-10T05:00:00Z,244.7,T-6h,K-League 1,new_format,FC Seoul,Jeju United FC,2,Marathonbet,ht_ou,under,0.5,3.26,api_football,change
2026-10-10T00:55:18Z,1507079,2026-10-10T05:00:00Z,244.7,T-6h,K-League 1,new_format,FC Seoul,Jeju United FC,3,Betfair,ou,over,1.5,1.22,api_football,change
2026-10-10T00:55:18Z,1507079,2026-10-10T05:00:00Z,244.7,T-6h,K-League 1,new_format,FC Seoul,Jeju United FC,3,Betfair,ou,under,1.5,4.2,api_football,change
2026-10-10T00:55:18Z,1507079,2026-10-10T05:00:00Z,244.7,T-6h,K-League 1,new_format,FC Seoul,Jeju United FC,3,Betfair,ou,over,2.5,1.73,api_football,change
2026-10-10T00:55:18Z,1507079,2026-10-10T05:00:00Z,244.7,T-6h,K-League 1,new_format,FC Seoul,Jeju United FC,3,Betfair,ou,under,2.5,2.1,api_football,change
2026-10-10T00:55:18Z,1507079,2026-10-10T05:00:00Z,244.7,T-6h,K-League 1,new_format,FC Seoul,Jeju United FC,3,Betfair,ou,over,3.5,2.88,api_football,change
2026-10-10T00:55:18Z,1507079,2026-10-10T05:00:00Z,244.7,T-6h,K-League 1,new_format,FC Seoul,Jeju United FC,3,Betfair,ou,under,3.5,1.4,api_football,change
2026-10-10T00:55:18Z,1507079,2026-10-10T05:00:00Z,244.7,T-6h,K-League 1,new_format,FC Seoul,Jeju United FC,3,Betfair,ht_ou,over,1.5,2.55,api_football,change
2026-10-10T00:55:18Z,1507079,2026-10-10T05:00:00Z,244.7,T-6h,K-League 1,new_format,FC Seoul,Jeju United FC,3,Betfair,ht_ou,under,1.5,1.45,api_football,change
2026-10-10T00:55:18Z,1507079,2026-10-10T05:00:00Z,244.7,T-6h,K-League 1,new_format,FC Seoul,Jeju United FC,3,Betfair,ht_ou,over,0.5,1.29,api_football,change
2026-10-10T00:55:18Z,1507079,2026-10-10T05:00:00Z,244.7,T-6h,K-League 1,new_format,FC Seoul,Jeju United FC,3,Betfair,ht_ou,under,0.5,3.3,api_football,change
2026-10-10T00:55:18Z,1507079,2026-10-10T05:00:00Z,244.7,T-6h,K-League 1,new_format,FC Seoul,Jeju United FC,36,BetVictor,ou,over,1.5,1.2,api_football,change
2026-10-10T00:55:18Z,1507079,2026-10-10T05:00:00Z,244.7,T-6h,K-League 1,new_format,FC Seoul,Jeju United FC,36,BetVictor,ou,under,1.5,4.1,api_football,change
2026-10-10T00:55:18Z,1507079,2026-10-10T05:00:00Z,244.7,T-6h,K-League 1,new_format,FC Seoul,Jeju United FC,36,BetVictor,ht_ou,over,1.5,2.39,api_football,change
2026-10-10T00:55:18Z,1507079,2026-10-10T05:00:00Z,244.7,T-6h,K-League 1,new_format,FC Seoul,Jeju United FC,36,BetVictor,ht_ou,under,1.5,1.49,api_football,change
2026-10-10T00:55:18Z,1507079,2026-10-10T05:00:00Z,244.7,T-6h,K-League 1,new_format,FC Seoul,Jeju United FC,36,BetVictor,ht_ou,over,0.5,1.34,api_football,change
2026-10-10T00:55:18Z,1507079,2026-10-10T05:00:00Z,244.7,T-6h,K-League 1,new_format,FC Seoul,Jeju United FC,36,BetVictor,ht_ou,under,0.5,2.91,api_football,change
2026-10-10T00:55:18Z,1507079,2026-10-10T05:00:00Z,244.7,T-6h,K-League 1,new_format,FC Seoul,Jeju United FC,4,Pinnacle,ou,under,2.5,2.13,api_football,change
2026-10-10T00:55:18Z,1507079,2026-10-10T05:00:00Z,244.7,T-6h,K-League 1,new_format,FC Seoul,Jeju United FC,4,Pinnacle,ou,under,3.5,1.43,api_football,change
2026-10-10T00:55:18Z,1507079,2026-10-10T05:00:00Z,244.7,T-6h,K-League 1,new_format,FC Seoul,Jeju United FC,5,SBO,ou,over,2.5,1.74,api_football,change
2026-10-10T00:55:18Z,1507079,2026-10-10T05:00:00Z,244.7,T-6h,K-League 1,new_format,FC Seoul,Jeju United FC,5,SBO,ou,under,2.5,2.08,api_football,change
2026-10-10T00:55:18Z,1507079,2026-10-10T05:00:00Z,244.7,T-6h,K-League 1,new_format,FC Seoul,Jeju United FC,11,1xBet,ht_ou,over,1.5,2.42,api_football,change
2026-10-10T00:55:18Z,1507079,2026-10-10T05:00:00Z,244.7,T-6h,K-League 1,new_format,FC Seoul,Jeju United FC,11,1xBet,ht_ou,under,1.5,1.48,api_football,change
2026-10-10T00:55:18Z,1507079,2026-10-10T05:00:00Z,244.7,T-6h,K-League 1,new_format,FC Seoul,Jeju United FC,11,1xBet,ht_ou,over,0.5,1.28,api_football,change
2026-10-10T00:55:18Z,1507079,2026-10-10T05:00:00Z,244.7,T-6h,K-League 1,new_format,FC Seoul,Jeju United FC,11,1xBet,ht_ou,under,0.5,3.26,api_football,change
2026-10-10T00:55:18Z,1507079,2026-10-10T05:00:00Z,244.7,T-6h,K-League 1,new_format,FC Seoul,Jeju United FC,32,Betano,ou,over,1.5,1.25,api_football,change
2026-10-10T00:55:18Z,1507079,2026-10-10T05:00:00Z,244.7,T-6h,K-League 1,new_format,FC Seoul,Jeju United FC,32,Betano,ou,over,2.5,1.75,api_football,change
2026-10-10T00:55:18Z,1507079,2026-10-10T05:00:00Z,244.7,T-6h,K-League 1,new_format,FC Seoul,Jeju United FC,32,Betano,ou,under,2.5,2.05,api_football,change
2026-10-10T00:55:18Z,1507079,2026-10-10T05:00:00Z,244.7,T-6h,K-League 1,new_format,FC Seoul,Jeju United FC,32,Betano,ht_ou,under,1.5,1.47,api_football,change
2026-10-10T00:55:18Z,1507079,2026-10-10T05:00:00Z,244.7,T-6h,K-League 1,new_format,FC Seoul,Jeju United FC,32,Betano,ht_ou,over,0.5,1.38,api_football,change
2026-10-10T00:55:18Z,1507079,2026-10-10T05:00:00Z,244.7,T-6h,K-League 1,new_format,FC Seoul,Jeju United FC,32,Betano,ht_ou,under,0.5,3.0,api_football,change
2026-10-10T00:55:18Z,1507079,2026-10-10T05:00:00Z,244.7,T-6h,K-League 1,new_format,FC Seoul,Jeju United FC,32,Betano,btts,yes,,1.78,api_football,change
2026-10-10T00:55:18Z,1507079,2026-10-10T05:00:00Z,244.7,T-6h,K-League 1,new_format,FC Seoul,Jeju United FC,32,Betano,btts,no,,1.93,api_football,change
2026-10-10T00:55:18Z,1507080,2026-10-10T07:30:00Z,394.7,FAR,K-League 1,new_format,Gimcheon Sangmu FC,FC Anyang,7,William Hill,ht_ou,over,1.5,2.5,api_football,open
2026-10-10T00:55:18Z,1507080,2026-10-10T07:30:00Z,394.7,FAR,K-League 1,new_format,Gimcheon Sangmu FC,FC Anyang,7,William Hill,ht_ou,under,1.5,1.44,api_football,open
2026-10-10T00:55:18Z,1507080,2026-10-10T07:30:00Z,394.7,FAR,K-League 1,new_format,Gimcheon Sangmu FC,FC Anyang,7,William Hill,ht_ou,over,0.5,1.3,api_football,open
2026-10-10T00:55:18Z,1507080,2026-10-10T07:30:00Z,394.7,FAR,K-League 1,new_format,Gimcheon Sangmu FC,FC Anyang,7,William Hill,ht_ou,under,0.5,3.2,api_football,open
2026-10-10T00:55:18Z,1507080,2026-10-10T07:30:00Z,394.7,FAR,K-League 1,new_format,Gimcheon Sangmu FC,FC Anyang,7,William Hill,btts,yes,,1.67,api_football,open
2026-10-10T00:55:18Z,1507080,2026-10-10T07:30:00Z,394.7,FAR,K-League 1,new_format,Gimcheon Sangmu FC,FC Anyang,7,William Hill,btts,no,,2.1,api_football,open
2026-10-10T00:55:18Z,1507080,2026-10-10T07:30:00Z,394.7,FAR,K-League 1,new_format,Gimcheon Sangmu FC,FC Anyang,8,Bet365,ou,over,1.5,1.22,api_football,open
2026-10-10T00:55:18Z,1507080,2026-10-10T07:30:00Z,394.7,FAR,K-League 1,new_format,Gimcheon Sangmu FC,FC Anyang,8,Bet365,ou,under,1.5,4.0,api_football,open
2026-10-10T00:55:18Z,1507080,2026-10-10T07:30:00Z,394.7,FAR,K-League 1,new_format,Gimcheon Sangmu FC,FC Anyang,8,Bet365,ou,over,2.5,1.75,api_football,open
2026-10-10T00:55:18Z,1507080,2026-10-10T07:30:00Z,394.7,FAR,K-League 1,new_format,Gimcheon Sangmu FC,FC Anyang,8,Bet365,ou,under,2.5,2.05,api_football,open
2026-10-10T00:55:18Z,1507080,2026-10-10T07:30:00Z,394.7,FAR,K-League 1,new_format,Gimcheon Sangmu FC,FC Anyang,8,Bet365,ou,over,3.5,2.75,api_football,open
2026-10-10T00:55:18Z,1507080,2026-10-10T07:30:00Z,394.7,FAR,K-League 1,new_format,Gimcheon Sangmu FC,FC Anyang,8,Bet365,ou,under,3.5,1.4,api_football,open
2026-10-10T00:55:18Z,1507080,2026-10-10T07:30:00Z,394.7,FAR,K-League 1,new_format,Gimcheon Sangmu FC,FC Anyang,8,Bet365,ht_ou,over,1.5,2.62,api_football,open
2026-10-10T00:55:18Z,1507080,2026-10-10T07:30:00Z,394.7,FAR,K-League 1,new_format,Gimcheon Sangmu FC,FC Anyang,8,Bet365,ht_ou,under,1.5,1.44,api_football,open
2026-10-10T00:55:18Z,1507080,2026-10-10T07:30:00Z,394.7,FAR,K-League 1,new_format,Gimcheon Sangmu FC,FC Anyang,8,Bet365,ht_ou,over,0.5,1.33,api_football,open
2026-10-10T00:55:18Z,1507080,2026-10-10T07:30:00Z,394.7,FAR,K-League 1,new_format,Gimcheon Sangmu FC,FC Anyang,8,Bet365,ht_ou,under,0.5,3.25,api_football,open
2026-10-10T00:55:18Z,1507080,2026-10-10T07:30:00Z,394.7,FAR,K-League 1,new_format,Gimcheon Sangmu FC,FC Anyang,8,Bet365,btts,yes,,1.67,api_football,open
2026-10-10T00:55:18Z,1507080,2026-10-10T07:30:00Z,394.7,FAR,K-League 1,new_format,Gimcheon Sangmu FC,FC Anyang,8,Bet365,btts,no,,2.1,api_football,open
2026-10-10T00:55:18Z,1507080,2026-10-10T07:30:00Z,394.7,FAR,K-League 1,new_format,Gimcheon Sangmu FC,FC Anyang,2,Marathonbet,ou,over,1.5,1.19,api_football,open
2026-10-10T00:55:18Z,1507080,2026-10-10T07:30:00Z,394.7,FAR,K-League 1,new_format,Gimcheon Sangmu FC,FC Anyang,2,Marathonbet,ou,under,1.5,3.82,api_football,open
2026-10-10T00:55:18Z,1507080,2026-10-10T07:30:00Z,394.7,FAR,K-League 1,new_format,Gimcheon Sangmu FC,FC Anyang,2,Marathonbet,ou,over,2.5,1.75,api_football,open
2026-10-10T00:55:18Z,1507080,2026-10-10T07:30:00Z,394.7,FAR,K-League 1,new_format,Gimcheon Sangmu FC,FC Anyang,2,Marathonbet,ou,under,2.5,2.01,api_football,open
2026-10-10T00:55:18Z,1507080,2026-10-10T07:30:00Z,394.7,FAR,K-League 1,new_format,Gimcheon Sangmu FC,FC Anyang,2,Marathonbet,ou,over,3.5,2.78,api_football,open
2026-10-10T00:55:18Z,1507080,2026-10-10T07:30:00Z,394.7,FAR,K-League 1,new_format,Gimcheon Sangmu FC,FC Anyang,2,Marathonbet,ou,under,3.5,1.34,api_football,open
2026-10-10T00:55:18Z,1507080,2026-10-10T07:30:00Z,394.7,FAR,K-League 1,new_format,Gimcheon Sangmu FC,FC Anyang,2,Marathonbet,ht_ou,over,1.5,2.45,api_football,open
2026-10-10T00:55:18Z,1507080,2026-10-10T07:30:00Z,394.7,FAR,K-League 1,new_format,Gimcheon Sangmu FC,FC Anyang,2,Marathonbet,ht_ou,under,1.5,1.47,api_football,open
2026-10-10T00:55:18Z,1507080,2026-10-10T07:30:00Z,394.7,FAR,K-League 1,new_format,Gimcheon Sangmu FC,FC Anyang,2,Marathonbet,ht_ou,over,0.5,1.3,api_football,open
2026-10-10T00:55:18Z,1507080,2026-10-10T07:30:00Z,394.7,FAR,K-League 1,new_format,Gimcheon Sangmu FC,FC Anyang,2,Marathonbet,ht_ou,under,0.5,3.14,api_football,open
2026-10-10T00:55:18Z,1507080,2026-10-10T07:30:00Z,394.7,FAR,K-League 1,new_format,Gimcheon Sangmu FC,FC Anyang,2,Marathonbet,btts,yes,,1.62,api_football,open
2026-10-10T00:55:18Z,1507080,2026-10-10T07:30:00Z,394.7,FAR,K-League 1,new_format,Gimcheon Sangmu FC,FC Anyang,2,Marathonbet,btts,no,,2.13,api_football,open
2026-10-10T00:55:18Z,1507080,2026-10-10T07:30:00Z,394.7,FAR,K-League 1,new_format,Gimcheon Sangmu FC,FC Anyang,3,Betfair,ou,over,1.5,1.22,api_football,open
2026-10-10T00:55:18Z,1507080,2026-10-10T07:30:00Z,394.7,FAR,K-League 1,new_format,Gimcheon Sangmu FC,FC Anyang,3,Betfair,ou,under,1.5,4.1,api_football,open
2026-10-10T00:55:18Z,1507080,2026-10-10T07:30:00Z,394.7,FAR,K-League 1,new_format,Gimcheon Sangmu FC,FC Anyang,3,Betfair,ou,over,2.5,1.75,api_football,open
2026-10-10T00:55:18Z,1507080,2026-10-10T07:30:00Z,394.7,FAR,K-League 1,new_format,Gimcheon Sangmu FC,FC Anyang,3,Betfair,ou,under,2.5,2.05,api_football,open
2026-10-10T00:55:18Z,1507080,2026-10-10T07:30:00Z,394.7,FAR,K-League 1,new_format,Gimcheon Sangmu FC,FC Anyang,3,Betfair,ou,over,3.5,2.88,api_football,open
2026-10-10T00:55:18Z,1507080,2026-10-10T07:30:00Z,394.7,FAR,K-League 1,new_format,Gimcheon Sangmu FC,FC Anyang,3,Betfair,ou,under,3.5,1.4,api_football,open
2026-10-10T00:55:18Z,1507080,2026-10-10T07:30:00Z,394.7,FAR,K-League 1,new_format,Gimcheon Sangmu FC,FC Anyang,3,Betfair,ht_ou,over,1.5,2.6,api_football,open
2026-10-10T00:55:18Z,1507080,2026-10-10T07:30:00Z,394.7,FAR,K-League 1,new_format,Gimcheon Sangmu FC,FC Anyang,3,Betfair,ht_ou,under,1.5,1.44,api_football,open
2026-10-10T00:55:18Z,1507080,2026-10-10T07:30:00Z,394.7,FAR,K-League 1,new_format,Gimcheon Sangmu FC,FC Anyang,3,Betfair,ht_ou,over,0.5,1.29,api_football,open
2026-10-10T00:55:18Z,1507080,2026-10-10T07:30:00Z,394.7,FAR,K-League 1,new_format,Gimcheon Sangmu FC,FC Anyang,3,Betfair,ht_ou,under,0.5,3.3,api_football,open
2026-10-10T00:55:18Z,1507080,2026-10-10T07:30:00Z,394.7,FAR,K-League 1,new_format,Gimcheon Sangmu FC,FC Anyang,3,Betfair,btts,yes,,1.65,api_football,open
2026-10-10T00:55:18Z,1507080,2026-10-10T07:30:00Z,394.7,FAR,K-League 1,new_format,Gimcheon Sangmu FC,FC Anyang,3,Betfair,btts,no,,2.2,api_football,open
2026-10-10T00:55:18Z,1507080,2026-10-10T07:30:00Z,394.7,FAR,K-League 1,new_format,Gimcheon Sangmu FC,FC Anyang,36,BetVictor,ou,over,1.5,1.22,api_football,open
2026-10-10T00:55:18Z,1507080,2026-10-10T07:30:00Z,394.7,FAR,K-League 1,new_format,Gimcheon Sangmu FC,FC Anyang,36,BetVictor,ou,under,1.5,3.9,api_football,open
2026-10-10T00:55:18Z,1507080,2026-10-10T07:30:00Z,394.7,FAR,K-League 1,new_format,Gimcheon Sangmu FC,FC Anyang,36,BetVictor,ou,over,2.5,1.73,api_football,open
2026-10-10T00:55:18Z,1507080,2026-10-10T07:30:00Z,394.7,FAR,K-League 1,new_format,Gimcheon Sangmu FC,FC Anyang,36,BetVictor,ou,under,2.5,1.96,api_football,open
2026-10-10T00:55:18Z,1507080,2026-10-10T07:30:00Z,394.7,FAR,K-League 1,new_format,Gimcheon Sangmu FC,FC Anyang,36,BetVictor,ou,over,3.5,2.9,api_football,open
2026-10-10T00:55:18Z,1507080,2026-10-10T07:30:00Z,394.7,FAR,K-League 1,new_format,Gimcheon Sangmu FC,FC Anyang,36,BetVictor,ou,under,3.5,1.36,api_football,open
2026-10-10T00:55:18Z,1507080,2026-10-10T07:30:00Z,394.7,FAR,K-League 1,new_format,Gimcheon Sangmu FC,FC Anyang,36,BetVictor,ht_ou,over,1.5,2.42,api_football,open
2026-10-10T00:55:18Z,1507080,2026-10-10T07:30:00Z,394.7,FAR,K-League 1,new_format,Gimcheon Sangmu FC,FC Anyang,36,BetVictor,ht_ou,under,1.5,1.48,api_football,open
2026-10-10T00:55:18Z,1507080,2026-10-10T07:30:00Z,394.7,FAR,K-League 1,new_format,Gimcheon Sangmu FC,FC Anyang,36,BetVictor,ht_ou,over,0.5,1.34,api_football,open
2026-10-10T00:55:18Z,1507080,2026-10-10T07:30:00Z,394.7,FAR,K-League 1,new_format,Gimcheon Sangmu FC,FC Anyang,36,BetVictor,ht_ou,under,0.5,2.89,api_football,open
2026-10-10T00:55:18Z,1507080,2026-10-10T07:30:00Z,394.7,FAR,K-League 1,new_format,Gimcheon Sangmu FC,FC Anyang,36,BetVictor,btts,yes,,1.62,api_football,open
2026-10-10T00:55:18Z,1507080,2026-10-10T07:30:00Z,394.7,FAR,K-League 1,new_format,Gimcheon Sangmu FC,FC Anyang,36,BetVictor,btts,no,,2.15,api_football,open
2026-10-10T00:55:18Z,1507080,2026-10-10T07:30:00Z,394.7,FAR,K-League 1,new_format,Gimcheon Sangmu FC,FC Anyang,4,Pinnacle,ou,over,1.5,1.25,api_football,open
2026-10-10T00:55:18Z,1507080,2026-10-10T07:30:00Z,394.7,FAR,K-League 1,new_format,Gimcheon Sangmu FC,FC Anyang,4,Pinnacle,ou,under,1.5,4.14,api_football,open
2026-10-10T00:55:18Z,1507080,2026-10-10T07:30:00Z,394.7,FAR,K-League 1,new_format,Gimcheon Sangmu FC,FC Anyang,4,Pinnacle,ou,over,2.5,1.8,api_football,open
2026-10-10T00:55:18Z,1507080,2026-10-10T07:30:00Z,394.7,FAR,K-League 1,new_format,Gimcheon Sangmu FC,FC Anyang,4,Pinnacle,ou,under,2.5,2.09,api_football,open
2026-10-10T00:55:18Z,1507080,2026-10-10T07:30:00Z,394.7,FAR,K-League 1,new_format,Gimcheon Sangmu FC,FC Anyang,4,Pinnacle,ou,over,3.5,2.98,api_football,open
2026-10-10T00:55:18Z,1507080,2026-10-10T07:30:00Z,394.7,FAR,K-League 1,new_format,Gimcheon Sangmu FC,FC Anyang,4,Pinnacle,ou,under,3.5,1.42,api_football,open
2026-10-10T00:55:18Z,1507080,2026-10-10T07:30:00Z,394.7,FAR,K-League 1,new_format,Gimcheon Sangmu FC,FC Anyang,4,Pinnacle,ht_ou,over,1.5,2.67,api_football,open
2026-10-10T00:55:18Z,1507080,2026-10-10T07:30:00Z,394.7,FAR,K-League 1,new_format,Gimcheon Sangmu FC,FC Anyang,4,Pinnacle,ht_ou,under,1.5,1.48,api_football,open
2026-10-10T00:55:18Z,1507080,2026-10-10T07:30:00Z,394.7,FAR,K-League 1,new_format,Gimcheon Sangmu FC,FC Anyang,4,Pinnacle,ht_ou,over,0.5,1.34,api_football,open
2026-10-10T00:55:18Z,1507080,2026-10-10T07:30:00Z,394.7,FAR,K-League 1,new_format,Gimcheon Sangmu FC,FC Anyang,4,Pinnacle,ht_ou,under,0.5,3.31,api_football,open
2026-10-10T00:55:18Z,1507080,2026-10-10T07:30:00Z,394.7,FAR,K-League 1,new_format,Gimcheon Sangmu FC,FC Anyang,5,SBO,ou,over,2.5,1.74,api_football,open
2026-10-10T00:55:18Z,1507080,2026-10-10T07:30:00Z,394.7,FAR,K-League 1,new_format,Gimcheon Sangmu FC,FC Anyang,5,SBO,ou,under,2.5,2.08,api_football,open
2026-10-10T00:55:18Z,1507080,2026-10-10T07:30:00Z,394.7,FAR,K-League 1,new_format,Gimcheon Sangmu FC,FC Anyang,11,1xBet,ou,over,1.5,1.19,api_football,open
2026-10-10T00:55:18Z,1507080,2026-10-10T07:30:00Z,394.7,FAR,K-League 1,new_format,Gimcheon Sangmu FC,FC Anyang,11,1xBet,ou,under,1.5,3.82,api_football,open
2026-10-10T00:55:18Z,1507080,2026-10-10T07:30:00Z,394.7,FAR,K-League 1,new_format,Gimcheon Sangmu FC,FC Anyang,11,1xBet,ou,over,2.5,1.75,api_football,open
2026-10-10T00:55:18Z,1507080,2026-10-10T07:30:00Z,394.7,FAR,K-League 1,new_format,Gimcheon Sangmu FC,FC Anyang,11,1xBet,ou,under,2.5,2.01,api_football,open
2026-10-10T00:55:18Z,1507080,2026-10-10T07:30:00Z,394.7,FAR,K-League 1,new_format,Gimcheon Sangmu FC,FC Anyang,11,1xBet,ou,over,3.5,2.78,api_football,open
2026-10-10T00:55:18Z,1507080,2026-10-10T07:30:00Z,394.7,FAR,K-League 1,new_format,Gimcheon Sangmu FC,FC Anyang,11,1xBet,ou,under,3.5,1.34,api_football,open
2026-10-10T00:55:18Z,1507080,2026-10-10T07:30:00Z,394.7,FAR,K-League 1,new_format,Gimcheon Sangmu FC,FC Anyang,11,1xBet,ht_ou,over,1.5,2.45,api_football,open
2026-10-10T00:55:18Z,1507080,2026-10-10T07:30:00Z,394.7,FAR,K-League 1,new_format,Gimcheon Sangmu FC,FC Anyang,11,1xBet,ht_ou,under,1.5,1.47,api_football,open
2026-10-10T00:55:18Z,1507080,2026-10-10T07:30:00Z,394.7,FAR,K-League 1,new_format,Gimcheon Sangmu FC,FC Anyang,11,1xBet,ht_ou,over,0.5,1.3,api_football,open
2026-10-10T00:55:18Z,1507080,2026-10-10T07:30:00Z,394.7,FAR,K-League 1,new_format,Gimcheon Sangmu FC,FC Anyang,11,1xBet,ht_ou,under,0.5,3.14,api_football,open
2026-10-10T00:55:18Z,1507080,2026-10-10T07:30:00Z,394.7,FAR,K-League 1,new_format,Gimcheon Sangmu FC,FC Anyang,11,1xBet,btts,yes,,1.62,api_football,open
2026-10-10T00:55:18Z,1507080,2026-10-10T07:30:00Z,394.7,FAR,K-League 1,new_format,Gimcheon Sangmu FC,FC Anyang,11,1xBet,btts,no,,2.16,api_football,open
2026-10-10T00:55:18Z,1507080,2026-10-10T07:30:00Z,394.7,FAR,K-League 1,new_format,Gimcheon Sangmu FC,FC Anyang,32,Betano,ou,over,1.5,1.25,api_football,open
2026-10-10T00:55:18Z,1507080,2026-10-10T07:30:00Z,394.7,FAR,K-League 1,new_format,Gimcheon Sangmu FC,FC Anyang,32,Betano,ou,under,1.5,3.75,api_football,open
2026-10-10T00:55:18Z,1507080,2026-10-10T07:30:00Z,394.7,FAR,K-League 1,new_format,Gimcheon Sangmu FC,FC Anyang,32,Betano,ou,over,2.5,1.75,api_football,open
2026-10-10T00:55:18Z,1507080,2026-10-10T07:30:00Z,394.7,FAR,K-League 1,new_format,Gimcheon Sangmu FC,FC Anyang,32,Betano,ou,under,2.5,2.05,api_football,open
2026-10-10T00:55:18Z,1507080,2026-10-10T07:30:00Z,394.7,FAR,K-League 1,new_format,Gimcheon Sangmu FC,FC Anyang,32,Betano,ou,over,3.5,2.75,api_football,open
2026-10-10T00:55:18Z,1507080,2026-10-10T07:30:00Z,394.7,FAR,K-League 1,new_format,Gimcheon Sangmu FC,FC Anyang,32,Betano,ou,under,3.5,1.42,api_football,open
2026-10-10T00:55:18Z,1507080,2026-10-10T07:30:00Z,394.7,FAR,K-League 1,new_format,Gimcheon Sangmu FC,FC Anyang,32,Betano,ht_ou,over,1.5,2.62,api_football,open
2026-10-10T00:55:18Z,1507080,2026-10-10T07:30:00Z,394.7,FAR,K-League 1,new_format,Gimcheon Sangmu FC,FC Anyang,32,Betano,ht_ou,under,1.5,1.47,api_football,open
2026-10-10T00:55:18Z,1507080,2026-10-10T07:30:00Z,394.7,FAR,K-League 1,new_format,Gimcheon Sangmu FC,FC Anyang,32,Betano,ht_ou,over,0.5,1.38,api_football,open
2026-10-10T00:55:18Z,1507080,2026-10-10T07:30:00Z,394.7,FAR,K-League 1,new_format,Gimcheon Sangmu FC,FC Anyang,32,Betano,ht_ou,under,0.5,3.0,api_football,open
2026-10-10T00:55:18Z,1507080,2026-10-10T07:30:00Z,394.7,FAR,K-League 1,new_format,Gimcheon Sangmu FC,FC Anyang,32,Betano,btts,yes,,1.62,api_football,open
2026-10-10T00:55:18Z,1507080,2026-10-10T07:30:00Z,394.7,FAR,K-League 1,new_format,Gimcheon Sangmu FC,FC Anyang,32,Betano,btts,no,,2.18,api_football,open
2026-10-10T00:55:18Z,1550986,2026-10-10T03:00:00Z,124.7,T-3h,Mexico Liga MX,new_format,Tigres UANL,Toluca,7,William Hill,ht_ou,over,1.5,2.38,api_football,change
2026-10-10T00:55:18Z,1550986,2026-10-10T03:00:00Z,124.7,T-3h,Mexico Liga MX,new_format,Tigres UANL,Toluca,7,William Hill,ht_ou,under,1.5,1.5,api_football,change
2026-10-10T00:55:18Z,1550986,2026-10-10T03:00:00Z,124.7,T-3h,Mexico Liga MX,new_format,Tigres UANL,Toluca,7,William Hill,ht_ou,over,0.5,1.29,api_football,change
2026-10-10T00:55:18Z,1550986,2026-10-10T03:00:00Z,124.7,T-3h,Mexico Liga MX,new_format,Tigres UANL,Toluca,7,William Hill,ht_ou,under,0.5,3.3,api_football,change
2026-10-10T00:55:18Z,1550986,2026-10-10T03:00:00Z,124.7,T-3h,Mexico Liga MX,new_format,Tigres UANL,Toluca,7,William Hill,btts,yes,,1.53,api_football,change
2026-10-10T00:55:18Z,1550986,2026-10-10T03:00:00Z,124.7,T-3h,Mexico Liga MX,new_format,Tigres UANL,Toluca,7,William Hill,btts,no,,2.3,api_football,change
2026-10-10T00:55:18Z,1550986,2026-10-10T03:00:00Z,124.7,T-3h,Mexico Liga MX,new_format,Tigres UANL,Toluca,8,Bet365,ou,over,2.5,1.7,api_football,change
2026-10-10T00:55:18Z,1550986,2026-10-10T03:00:00Z,124.7,T-3h,Mexico Liga MX,new_format,Tigres UANL,Toluca,8,Bet365,ou,under,2.5,2.1,api_football,change
2026-10-10T00:55:18Z,1550986,2026-10-10T03:00:00Z,124.7,T-3h,Mexico Liga MX,new_format,Tigres UANL,Toluca,8,Bet365,ou,over,3.5,2.62,api_football,change
2026-10-10T00:55:18Z,1550986,2026-10-10T03:00:00Z,124.7,T-3h,Mexico Liga MX,new_format,Tigres UANL,Toluca,8,Bet365,ou,under,3.5,1.44,api_football,change
2026-10-10T00:55:18Z,1550986,2026-10-10T03:00:00Z,124.7,T-3h,Mexico Liga MX,new_format,Tigres UANL,Toluca,8,Bet365,ht_ou,over,1.5,2.5,api_football,change
2026-10-10T00:55:18Z,1550986,2026-10-10T03:00:00Z,124.7,T-3h,Mexico Liga MX,new_format,Tigres UANL,Toluca,8,Bet365,ht_ou,under,1.5,1.5,api_football,change
2026-10-10T00:55:18Z,1550986,2026-10-10T03:00:00Z,124.7,T-3h,Mexico Liga MX,new_format,Tigres UANL,Toluca,8,Bet365,ht_ou,over,0.5,1.33,api_football,change
2026-10-10T00:55:18Z,1550986,2026-10-10T03:00:00Z,124.7,T-3h,Mexico Liga MX,new_format,Tigres UANL,Toluca,8,Bet365,ht_ou,under,0.5,3.25,api_football,change
2026-10-10T00:55:18Z,1550986,2026-10-10T03:00:00Z,124.7,T-3h,Mexico Liga MX,new_format,Tigres UANL,Toluca,8,Bet365,btts,yes,,1.62,api_football,change
2026-10-10T00:55:18Z,1550986,2026-10-10T03:00:00Z,124.7,T-3h,Mexico Liga MX,new_format,Tigres UANL,Toluca,8,Bet365,btts,no,,2.2,api_football,change
2026-10-10T00:55:18Z,1550986,2026-10-10T03:00:00Z,124.7,T-3h,Mexico Liga MX,new_format,Tigres UANL,Toluca,2,Marathonbet,ou,over,1.5,1.16,api_football,change
2026-10-10T00:55:18Z,1550986,2026-10-10T03:00:00Z,124.7,T-3h,Mexico Liga MX,new_format,Tigres UANL,Toluca,2,Marathonbet,ou,under,1.5,4.05,api_football,change
2026-10-10T00:55:18Z,1550986,2026-10-10T03:00:00Z,124.7,T-3h,Mexico Liga MX,new_format,Tigres UANL,Toluca,2,Marathonbet,ou,over,2.5,1.68,api_football,change
2026-10-10T00:55:18Z,1550986,2026-10-10T03:00:00Z,124.7,T-3h,Mexico Liga MX,new_format,Tigres UANL,Toluca,2,Marathonbet,ou,under,2.5,2.09,api_football,change
2026-10-10T00:55:18Z,1550986,2026-10-10T03:00:00Z,124.7,T-3h,Mexico Liga MX,new_format,Tigres UANL,Toluca,2,Marathonbet,ou,over,3.5,2.62,api_football,change
2026-10-10T00:55:18Z,1550986,2026-10-10T03:00:00Z,124.7,T-3h,Mexico Liga MX,new_format,Tigres UANL,Toluca,2,Marathonbet,ou,under,3.5,1.38,api_football,change
2026-10-10T00:55:18Z,1550986,2026-10-10T03:00:00Z,124.7,T-3h,Mexico Liga MX,new_format,Tigres UANL,Toluca,2,Marathonbet,ht_ou,over,0.5,1.3,api_football,change
2026-10-10T00:55:18Z,1550986,2026-10-10T03:00:00Z,124.7,T-3h,Mexico Liga MX,new_format,Tigres UANL,Toluca,2,Marathonbet,ht_ou,under,0.5,3.12,api_football,change
2026-10-10T00:55:18Z,1550986,2026-10-10T03:00:00Z,124.7,T-3h,Mexico Liga MX,new_format,Tigres UANL,Toluca,2,Marathonbet,btts,yes,,1.55,api_football,change
2026-10-10T00:55:18Z,1550986,2026-10-10T03:00:00Z,124.7,T-3h,Mexico Liga MX,new_format,Tigres UANL,Toluca,2,Marathonbet,btts,no,,2.26,api_football,change
2026-10-10T00:55:18Z,1550986,2026-10-10T03:00:00Z,124.7,T-3h,Mexico Liga MX,new_format,Tigres UANL,Toluca,3,Betfair,ou,over,1.5,1.2,api_football,change
2026-10-10T00:55:18Z,1550986,2026-10-10T03:00:00Z,124.7,T-3h,Mexico Liga MX,new_format,Tigres UANL,Toluca,3,Betfair,ou,under,1.5,4.33,api_football,change
2026-10-10T00:55:18Z,1550986,2026-10-10T03:00:00Z,124.7,T-3h,Mexico Liga MX,new_format,Tigres UANL,Toluca,3,Betfair,ht_ou,over,0.5,1.29,api_football,change
2026-10-10T00:55:18Z,1550986,2026-10-10T03:00:00Z,124.7,T-3h,Mexico Liga MX,new_format,Tigres UANL,Toluca,3,Betfair,ht_ou,under,0.5,3.3,api_football,change
2026-10-10T00:55:18Z,1550986,2026-10-10T03:00:00Z,124.7,T-3h,Mexico Liga MX,new_format,Tigres UANL,Toluca,36,BetVictor,ou,over,1.5,1.2,api_football,change
2026-10-10T00:55:18Z,1550986,2026-10-10T03:00:00Z,124.7,T-3h,Mexico Liga MX,new_format,Tigres UANL,Toluca,36,BetVictor,ou,under,1.5,4.1,api_football,change
2026-10-10T00:55:18Z,1550986,2026-10-10T03:00:00Z,124.7,T-3h,Mexico Liga MX,new_format,Tigres UANL,Toluca,11,1xBet,ou,over,1.5,1.16,api_football,change
2026-10-10T00:55:18Z,1550986,2026-10-10T03:00:00Z,124.7,T-3h,Mexico Liga MX,new_format,Tigres UANL,Toluca,11,1xBet,ou,under,1.5,4.05,api_football,change
2026-10-10T00:55:18Z,1550986,2026-10-10T03:00:00Z,124.7,T-3h,Mexico Liga MX,new_format,Tigres UANL,Toluca,11,1xBet,ou,over,2.5,1.68,api_football,change
2026-10-10T00:55:18Z,1550986,2026-10-10T03:00:00Z,124.7,T-3h,Mexico Liga MX,new_format,Tigres UANL,Toluca,11,1xBet,ou,under,2.5,2.09,api_football,change
2026-10-10T00:55:18Z,1550986,2026-10-10T03:00:00Z,124.7,T-3h,Mexico Liga MX,new_format,Tigres UANL,Toluca,11,1xBet,ou,over,3.5,2.62,api_football,change
2026-10-10T00:55:18Z,1550986,2026-10-10T03:00:00Z,124.7,T-3h,Mexico Liga MX,new_format,Tigres UANL,Toluca,11,1xBet,ou,under,3.5,1.38,api_football,change
2026-10-10T00:55:18Z,1550986,2026-10-10T03:00:00Z,124.7,T-3h,Mexico Liga MX,new_format,Tigres UANL,Toluca,11,1xBet,ht_ou,over,0.5,1.3,api_football,change
2026-10-10T00:55:18Z,1550986,2026-10-10T03:00:00Z,124.7,T-3h,Mexico Liga MX,new_format,Tigres UANL,Toluca,11,1xBet,ht_ou,under,0.5,3.12,api_football,change
2026-10-10T00:55:18Z,1550986,2026-10-10T03:00:00Z,124.7,T-3h,Mexico Liga MX,new_format,Tigres UANL,Toluca,11,1xBet,btts,yes,,1.55,api_football,change
2026-10-10T00:55:18Z,1550986,2026-10-10T03:00:00Z,124.7,T-3h,Mexico Liga MX,new_format,Tigres UANL,Toluca,11,1xBet,btts,no,,2.3,api_football,change
2026-10-10T00:55:18Z,1550986,2026-10-10T03:00:00Z,124.7,T-3h,Mexico Liga MX,new_format,Tigres UANL,Toluca,32,Betano,ou,over,1.5,1.24,api_football,change
2026-10-10T00:55:18Z,1550986,2026-10-10T03:00:00Z,124.7,T-3h,Mexico Liga MX,new_format,Tigres UANL,Toluca,32,Betano,ou,under,1.5,4.1,api_football,change
2026-10-10T00:55:18Z,1550986,2026-10-10T03:00:00Z,124.7,T-3h,Mexico Liga MX,new_format,Tigres UANL,Toluca,32,Betano,ou,under,3.5,1.47,api_football,change
2026-10-10T00:55:18Z,1550986,2026-10-10T03:00:00Z,124.7,T-3h,Mexico Liga MX,new_format,Tigres UANL,Toluca,32,Betano,ht_ou,over,1.5,2.6,api_football,change
2026-10-10T00:55:18Z,1550986,2026-10-10T03:00:00Z,124.7,T-3h,Mexico Liga MX,new_format,Tigres UANL,Toluca,32,Betano,ht_ou,under,1.5,1.5,api_football,change
2026-10-10T00:55:18Z,1550986,2026-10-10T03:00:00Z,124.7,T-3h,Mexico Liga MX,new_format,Tigres UANL,Toluca,32,Betano,ht_ou,under,0.5,3.1,api_football,change
2026-10-10T00:55:18Z,1550986,2026-10-10T03:00:00Z,124.7,T-3h,Mexico Liga MX,new_format,Tigres UANL,Toluca,32,Betano,btts,yes,,1.57,api_football,change
2026-10-10T00:55:18Z,1550986,2026-10-10T03:00:00Z,124.7,T-3h,Mexico Liga MX,new_format,Tigres UANL,Toluca,32,Betano,btts,no,,2.3,api_football,change
2026-10-10T01:01:24Z,1494289,2026-10-10T13:00:00Z,718.6,FAR,Sweden Allsvenskan,new_format,AIK Stockholm,IF Brommapojkarna,7,William Hill,ht_ou,over,1.5,2.3,api_football,open
2026-10-10T01:01:24Z,1494289,2026-10-10T13:00:00Z,718.6,FAR,Sweden Allsvenskan,new_format,AIK Stockholm,IF Brommapojkarna,7,William Hill,ht_ou,under,1.5,1.55,api_football,open
2026-10-10T01:01:24Z,1494289,2026-10-10T13:00:00Z,718.6,FAR,Sweden Allsvenskan,new_format,AIK Stockholm,IF Brommapojkarna,7,William Hill,ht_ou,over,0.5,1.25,api_football,open
2026-10-10T01:01:24Z,1494289,2026-10-10T13:00:00Z,718.6,FAR,Sweden Allsvenskan,new_format,AIK Stockholm,IF Brommapojkarna,7,William Hill,ht_ou,under,0.5,3.4,api_football,open
2026-10-10T01:01:24Z,1494289,2026-10-10T13:00:00Z,718.6,FAR,Sweden Allsvenskan,new_format,AIK Stockholm,IF Brommapojkarna,7,William Hill,btts,yes,,1.55,api_football,open
2026-10-10T01:01:24Z,1494289,2026-10-10T13:00:00Z,718.6,FAR,Sweden Allsvenskan,new_format,AIK Stockholm,IF Brommapojkarna,7,William Hill,btts,no,,2.3,api_football,open
2026-10-10T01:01:24Z,1494289,2026-10-10T13:00:00Z,718.6,FAR,Sweden Allsvenskan,new_format,AIK Stockholm,IF Brommapojkarna,8,Bet365,ou,over,1.5,1.18,api_football,open
2026-10-10T01:01:24Z,1494289,2026-10-10T13:00:00Z,718.6,FAR,Sweden Allsvenskan,new_format,AIK Stockholm,IF Brommapojkarna,8,Bet365,ou,under,1.5,4.5,api_football,open
2026-10-10T01:01:24Z,1494289,2026-10-10T13:00:00Z,718.6,FAR,Sweden Allsvenskan,new_format,AIK Stockholm,IF Brommapojkarna,8,Bet365,ou,over,2.5,1.6,api_football,open
2026-10-10T01:01:24Z,1494289,2026-10-10T13:00:00Z,718.6,FAR,Sweden Allsvenskan,new_format,AIK Stockholm,IF Brommapojkarna,8,Bet365,ou,under,2.5,2.3,api_football,open
2026-10-10T01:01:24Z,1494289,2026-10-10T13:00:00Z,718.6,FAR,Sweden Allsvenskan,new_format,AIK Stockholm,IF Brommapojkarna,8,Bet365,ou,over,3.5,2.5,api_football,open
2026-10-10T01:01:24Z,1494289,2026-10-10T13:00:00Z,718.6,FAR,Sweden Allsvenskan,new_format,AIK Stockholm,IF Brommapojkarna,8,Bet365,ou,under,3.5,1.5,api_football,open
2026-10-10T01:01:24Z,1494289,2026-10-10T13:00:00Z,718.6,FAR,Sweden Allsvenskan,new_format,AIK Stockholm,IF Brommapojkarna,8,Bet365,ht_ou,over,1.5,2.38,api_football,open
2026-10-10T01:01:24Z,1494289,2026-10-10T13:00:00Z,718.6,FAR,Sweden Allsvenskan,new_format,AIK Stockholm,IF Brommapojkarna,8,Bet365,ht_ou,under,1.5,1.53,api_football,open
2026-10-10T01:01:24Z,1494289,2026-10-10T13:00:00Z,718.6,FAR,Sweden Allsvenskan,new_format,AIK Stockholm,IF Brommapojkarna,8,Bet365,ht_ou,over,0.5,1.28,api_football,open
2026-10-10T01:01:24Z,1494289,2026-10-10T13:00:00Z,718.6,FAR,Sweden Allsvenskan,new_format,AIK Stockholm,IF Brommapojkarna,8,Bet365,ht_ou,under,0.5,3.5,api_football,open
2026-10-10T01:01:24Z,1494289,2026-10-10T13:00:00Z,718.6,FAR,Sweden Allsvenskan,new_format,AIK Stockholm,IF Brommapojkarna,8,Bet365,btts,yes,,1.57,api_football,open
2026-10-10T01:01:24Z,1494289,2026-10-10T13:00:00Z,718.6,FAR,Sweden Allsvenskan,new_format,AIK Stockholm,IF Brommapojkarna,8,Bet365,btts,no,,2.25,api_football,open
2026-10-10T01:01:24Z,1494289,2026-10-10T13:00:00Z,718.6,FAR,Sweden Allsvenskan,new_format,AIK Stockholm,IF Brommapojkarna,2,Marathonbet,ou,over,1.5,1.15,api_football,open
2026-10-10T01:01:24Z,1494289,2026-10-10T13:00:00Z,718.6,FAR,Sweden Allsvenskan,new_format,AIK Stockholm,IF Brommapojkarna,2,Marathonbet,ou,under,1.5,4.25,api_football,open
2026-10-10T01:01:24Z,1494289,2026-10-10T13:00:00Z,718.6,FAR,Sweden Allsvenskan,new_format,AIK Stockholm,IF Brommapojkarna,2,Marathonbet,ou,over,2.5,1.6,api_football,open
2026-10-10T01:01:24Z,1494289,2026-10-10T13:00:00Z,718.6,FAR,Sweden Allsvenskan,new_format,AIK Stockholm,IF Brommapojkarna,2,Marathonbet,ou,under,2.5,2.25,api_football,open
2026-10-10T01:01:24Z,1494289,2026-10-10T13:00:00Z,718.6,FAR,Sweden Allsvenskan,new_format,AIK Stockholm,IF Brommapojkarna,2,Marathonbet,ou,over,3.5,2.38,api_football,open
2026-10-10T01:01:24Z,1494289,2026-10-10T13:00:00Z,718.6,FAR,Sweden Allsvenskan,new_format,AIK Stockholm,IF Brommapojkarna,2,Marathonbet,ou,under,3.5,1.46,api_football,open
2026-10-10T01:01:24Z,1494289,2026-10-10T13:00:00Z,718.6,FAR,Sweden Allsvenskan,new_format,AIK Stockholm,IF Brommapojkarna,2,Marathonbet,ht_ou,over,1.5,2.21,api_football,open
2026-10-10T01:01:24Z,1494289,2026-10-10T13:00:00Z,718.6,FAR,Sweden Allsvenskan,new_format,AIK Stockholm,IF Brommapojkarna,2,Marathonbet,ht_ou,under,1.5,1.57,api_football,open
2026-10-10T01:01:24Z,1494289,2026-10-10T13:00:00Z,718.6,FAR,Sweden Allsvenskan,new_format,AIK Stockholm,IF Brommapojkarna,2,Marathonbet,ht_ou,over,0.5,1.25,api_football,open
2026-10-10T01:01:24Z,1494289,2026-10-10T13:00:00Z,718.6,FAR,Sweden Allsvenskan,new_format,AIK Stockholm,IF Brommapojkarna,2,Marathonbet,ht_ou,under,0.5,3.46,api_football,open
2026-10-10T01:01:24Z,1494289,2026-10-10T13:00:00Z,718.6,FAR,Sweden Allsvenskan,new_format,AIK Stockholm,IF Brommapojkarna,2,Marathonbet,btts,yes,,1.54,api_football,open
2026-10-10T01:01:24Z,1494289,2026-10-10T13:00:00Z,718.6,FAR,Sweden Allsvenskan,new_format,AIK Stockholm,IF Brommapojkarna,2,Marathonbet,btts,no,,2.28,api_football,open
2026-10-10T01:01:24Z,1494289,2026-10-10T13:00:00Z,718.6,FAR,Sweden Allsvenskan,new_format,AIK Stockholm,IF Brommapojkarna,3,Betfair,ou,over,1.5,1.17,api_football,open
2026-10-10T01:01:24Z,1494289,2026-10-10T13:00:00Z,718.6,FAR,Sweden Allsvenskan,new_format,AIK Stockholm,IF Brommapojkarna,3,Betfair,ou,under,1.5,5.0,api_football,open
2026-10-10T01:01:24Z,1494289,2026-10-10T13:00:00Z,718.6,FAR,Sweden Allsvenskan,new_format,AIK Stockholm,IF Brommapojkarna,3,Betfair,ou,over,2.5,1.57,api_football,open
2026-10-10T01:01:24Z,1494289,2026-10-10T13:00:00Z,718.6,FAR,Sweden Allsvenskan,new_format,AIK Stockholm,IF Brommapojkarna,3,Betfair,ou,under,2.5,2.38,api_football,open
2026-10-10T01:01:24Z,1494289,2026-10-10T13:00:00Z,718.6,FAR,Sweden Allsvenskan,new_format,AIK Stockholm,IF Brommapojkarna,3,Betfair,ou,over,3.5,2.55,api_football,open
2026-10-10T01:01:24Z,1494289,2026-10-10T13:00:00Z,718.6,FAR,Sweden Allsvenskan,new_format,AIK Stockholm,IF Brommapojkarna,3,Betfair,ou,under,3.5,1.5,api_football,open
2026-10-10T01:01:24Z,1494289,2026-10-10T13:00:00Z,718.6,FAR,Sweden Allsvenskan,new_format,AIK Stockholm,IF Brommapojkarna,3,Betfair,ht_ou,over,1.5,2.25,api_football,open
2026-10-10T01:01:24Z,1494289,2026-10-10T13:00:00Z,718.6,FAR,Sweden Allsvenskan,new_format,AIK Stockholm,IF Brommapojkarna,3,Betfair,ht_ou,under,1.5,1.57,api_football,open
2026-10-10T01:01:24Z,1494289,2026-10-10T13:00:00Z,718.6,FAR,Sweden Allsvenskan,new_format,AIK Stockholm,IF Brommapojkarna,3,Betfair,ht_ou,over,0.5,1.25,api_football,open
2026-10-10T01:01:24Z,1494289,2026-10-10T13:00:00Z,718.6,FAR,Sweden Allsvenskan,new_format,AIK Stockholm,IF Brommapojkarna,3,Betfair,ht_ou,under,0.5,3.6,api_football,open
2026-10-10T01:01:24Z,1494289,2026-10-10T13:00:00Z,718.6,FAR,Sweden Allsvenskan,new_format,AIK Stockholm,IF Brommapojkarna,3,Betfair,btts,yes,,1.53,api_football,open
2026-10-10T01:01:24Z,1494289,2026-10-10T13:00:00Z,718.6,FAR,Sweden Allsvenskan,new_format,AIK Stockholm,IF Brommapojkarna,3,Betfair,btts,no,,2.45,api_football,open
2026-10-10T01:01:24Z,1494289,2026-10-10T13:00:00Z,718.6,FAR,Sweden Allsvenskan,new_format,AIK Stockholm,IF Brommapojkarna,4,Pinnacle,ou,over,1.5,1.19,api_football,open
2026-10-10T01:01:24Z,1494289,2026-10-10T13:00:00Z,718.6,FAR,Sweden Allsvenskan,new_format,AIK Stockholm,IF Brommapojkarna,4,Pinnacle,ou,under,1.5,4.81,api_football,open
2026-10-10T01:01:24Z,1494289,2026-10-10T13:00:00Z,718.6,FAR,Sweden Allsvenskan,new_format,AIK Stockholm,IF Brommapojkarna,4,Pinnacle,ou,over,2.5,1.61,api_football,open
2026-10-10T01:01:24Z,1494289,2026-10-10T13:00:00Z,718.6,FAR,Sweden Allsvenskan,new_format,AIK Stockholm,IF Brommapojkarna,4,Pinnacle,ou,under,2.5,2.34,api_football,open
2026-10-10T01:01:24Z,1494289,2026-10-10T13:00:00Z,718.6,FAR,Sweden Allsvenskan,new_format,AIK Stockholm,IF Brommapojkarna,4,Pinnacle,ou,over,3.5,2.51,api_football,open
2026-10-10T01:01:24Z,1494289,2026-10-10T13:00:00Z,718.6,FAR,Sweden Allsvenskan,new_format,AIK Stockholm,IF Brommapojkarna,4,Pinnacle,ou,under,3.5,1.54,api_football,open
2026-10-10T01:01:24Z,1494289,2026-10-10T13:00:00Z,718.6,FAR,Sweden Allsvenskan,new_format,AIK Stockholm,IF Brommapojkarna,4,Pinnacle,ht_ou,over,1.5,2.38,api_football,open
2026-10-10T01:01:24Z,1494289,2026-10-10T13:00:00Z,718.6,FAR,Sweden Allsvenskan,new_format,AIK Stockholm,IF Brommapojkarna,4,Pinnacle,ht_ou,under,1.5,1.56,api_football,open
2026-10-10T01:01:24Z,1494289,2026-10-10T13:00:00Z,718.6,FAR,Sweden Allsvenskan,new_format,AIK Stockholm,IF Brommapojkarna,11,1xBet,ou,over,1.5,1.15,api_football,open
2026-10-10T01:01:24Z,1494289,2026-10-10T13:00:00Z,718.6,FAR,Sweden Allsvenskan,new_format,AIK Stockholm,IF Brommapojkarna,11,1xBet,ou,under,1.5,4.25,api_football,open
2026-10-10T01:01:24Z,1494289,2026-10-10T13:00:00Z,718.6,FAR,Sweden Allsvenskan,new_format,AIK Stockholm,IF Brommapojkarna,11,1xBet,ou,over,2.5,1.6,api_football,open
2026-10-10T01:01:24Z,1494289,2026-10-10T13:00:00Z,718.6,FAR,Sweden Allsvenskan,new_format,AIK Stockholm,IF Brommapojkarna,11,1xBet,ou,under,2.5,2.25,api_football,open
2026-10-10T01:01:24Z,1494289,2026-10-10T13:00:00Z,718.6,FAR,Sweden Allsvenskan,new_format,AIK Stockholm,IF Brommapojkarna,11,1xBet,ou,over,3.5,2.38,api_football,open
2026-10-10T01:01:24Z,1494289,2026-10-10T13:00:00Z,718.6,FAR,Sweden Allsvenskan,new_format,AIK Stockholm,IF Brommapojkarna,11,1xBet,ou,under,3.5,1.46,api_football,open
2026-10-10T01:01:24Z,1494289,2026-10-10T13:00:00Z,718.6,FAR,Sweden Allsvenskan,new_format,AIK Stockholm,IF Brommapojkarna,11,1xBet,ht_ou,over,1.5,2.21,api_football,open
2026-10-10T01:01:24Z,1494289,2026-10-10T13:00:00Z,718.6,FAR,Sweden Allsvenskan,new_format,AIK Stockholm,IF Brommapojkarna,11,1xBet,ht_ou,under,1.5,1.57,api_football,open
2026-10-10T01:01:24Z,1494289,2026-10-10T13:00:00Z,718.6,FAR,Sweden Allsvenskan,new_format,AIK Stockholm,IF Brommapojkarna,11,1xBet,ht_ou,over,0.5,1.25,api_football,open
2026-10-10T01:01:24Z,1494289,2026-10-10T13:00:00Z,718.6,FAR,Sweden Allsvenskan,new_format,AIK Stockholm,IF Brommapojkarna,11,1xBet,ht_ou,under,0.5,3.46,api_football,open
2026-10-10T01:01:24Z,1494289,2026-10-10T13:00:00Z,718.6,FAR,Sweden Allsvenskan,new_format,AIK Stockholm,IF Brommapojkarna,11,1xBet,btts,yes,,1.54,api_football,open
2026-10-10T01:01:24Z,1494289,2026-10-10T13:00:00Z,718.6,FAR,Sweden Allsvenskan,new_format,AIK Stockholm,IF Brommapojkarna,11,1xBet,btts,no,,2.32,api_football,open
2026-10-10T01:01:24Z,1494289,2026-10-10T13:00:00Z,718.6,FAR,Sweden Allsvenskan,new_format,AIK Stockholm,IF Brommapojkarna,32,Betano,ou,over,1.5,1.2,api_football,open
2026-10-10T01:01:24Z,1494289,2026-10-10T13:00:00Z,718.6,FAR,Sweden Allsvenskan,new_format,AIK Stockholm,IF Brommapojkarna,32,Betano,ou,under,1.5,4.2,api_football,open
2026-10-10T01:01:24Z,1494289,2026-10-10T13:00:00Z,718.6,FAR,Sweden Allsvenskan,new_format,AIK Stockholm,IF Brommapojkarna,32,Betano,ou,over,2.5,1.62,api_football,open
2026-10-10T01:01:24Z,1494289,2026-10-10T13:00:00Z,718.6,FAR,Sweden Allsvenskan,new_format,AIK Stockholm,IF Brommapojkarna,32,Betano,ou,under,2.5,2.25,api_football,open
2026-10-10T01:01:24Z,1494289,2026-10-10T13:00:00Z,718.6,FAR,Sweden Allsvenskan,new_format,AIK Stockholm,IF Brommapojkarna,32,Betano,ou,over,3.5,2.5,api_football,open
2026-10-10T01:01:24Z,1494289,2026-10-10T13:00:00Z,718.6,FAR,Sweden Allsvenskan,new_format,AIK Stockholm,IF Brommapojkarna,32,Betano,ou,under,3.5,1.52,api_football,open
2026-10-10T01:01:24Z,1494289,2026-10-10T13:00:00Z,718.6,FAR,Sweden Allsvenskan,new_format,AIK Stockholm,IF Brommapojkarna,32,Betano,ht_ou,over,1.5,2.45,api_football,open
2026-10-10T01:01:24Z,1494289,2026-10-10T13:00:00Z,718.6,FAR,Sweden Allsvenskan,new_format,AIK Stockholm,IF Brommapojkarna,32,Betano,ht_ou,under,1.5,1.53,api_football,open
2026-10-10T01:01:24Z,1494289,2026-10-10T13:00:00Z,718.6,FAR,Sweden Allsvenskan,new_format,AIK Stockholm,IF Brommapojkarna,32,Betano,ht_ou,over,0.5,1.33,api_football,open
2026-10-10T01:01:24Z,1494289,2026-10-10T13:00:00Z,718.6,FAR,Sweden Allsvenskan,new_format,AIK Stockholm,IF Brommapojkarna,32,Betano,ht_ou,under,0.5,3.15,api_football,open
2026-10-10T01:01:24Z,1494289,2026-10-10T13:00:00Z,718.6,FAR,Sweden Allsvenskan,new_format,AIK Stockholm,IF Brommapojkarna,32,Betano,btts,yes,,1.55,api_football,open
2026-10-10T01:01:24Z,1494289,2026-10-10T13:00:00Z,718.6,FAR,Sweden Allsvenskan,new_format,AIK Stockholm,IF Brommapojkarna,32,Betano,btts,no,,2.3,api_football,open
2026-10-10T01:01:24Z,1494291,2026-10-10T13:00:00Z,718.6,FAR,Sweden Allsvenskan,new_format,Gais,Sirius,7,William Hill,ht_ou,over,1.5,2.4,api_football,open
2026-10-10T01:01:24Z,1494291,2026-10-10T13:00:00Z,718.6,FAR,Sweden Allsvenskan,new_format,Gais,Sirius,7,William Hill,ht_ou,under,1.5,1.5,api_football,open
2026-10-10T01:01:24Z,1494291,2026-10-10T13:00:00Z,718.6,FAR,Sweden Allsvenskan,new_format,Gais,Sirius,7,William Hill,ht_ou,over,0.5,1.29,api_football,open
2026-10-10T01:01:24Z,1494291,2026-10-10T13:00:00Z,718.6,FAR,Sweden Allsvenskan,new_format,Gais,Sirius,7,William Hill,ht_ou,under,0.5,3.3,api_football,open
2026-10-10T01:01:24Z,1494291,2026-10-10T13:00:00Z,718.6,FAR,Sweden Allsvenskan,new_format,Gais,Sirius,7,William Hill,btts,yes,,1.55,api_football,open
2026-10-10T01:01:24Z,1494291,2026-10-10T13:00:00Z,718.6,FAR,Sweden Allsvenskan,new_format,Gais,Sirius,7,William Hill,btts,no,,2.3,api_football,open
2026-10-10T01:01:24Z,1494291,2026-10-10T13:00:00Z,718.6,FAR,Sweden Allsvenskan,new_format,Gais,Sirius,8,Bet365,ou,over,1.5,1.22,api_football,open
2026-10-10T01:01:24Z,1494291,2026-10-10T13:00:00Z,718.6,FAR,Sweden Allsvenskan,new_format,Gais,Sirius,8,Bet365,ou,under,1.5,4.0,api_football,open
2026-10-10T01:01:24Z,1494291,2026-10-10T13:00:00Z,718.6,FAR,Sweden Allsvenskan,new_format,Gais,Sirius,8,Bet365,ou,over,2.5,1.73,api_football,open
2026-10-10T01:01:24Z,1494291,2026-10-10T13:00:00Z,718.6,FAR,Sweden Allsvenskan,new_format,Gais,Sirius,8,Bet365,ou,under,2.5,2.08,api_football,open
2026-10-10T01:01:24Z,1494291,2026-10-10T13:00:00Z,718.6,FAR,Sweden Allsvenskan,new_format,Gais,Sirius,8,Bet365,ou,over,3.5,2.75,api_football,open
2026-10-10T01:01:24Z,1494291,2026-10-10T13:00:00Z,718.6,FAR,Sweden Allsvenskan,new_format,Gais,Sirius,8,Bet365,ou,under,3.5,1.4,api_football,open
2026-10-10T01:01:24Z,1494291,2026-10-10T13:00:00Z,718.6,FAR,Sweden Allsvenskan,new_format,Gais,Sirius,8,Bet365,ht_ou,over,1.5,2.5,api_football,open
2026-10-10T01:01:24Z,1494291,2026-10-10T13:00:00Z,718.6,FAR,Sweden Allsvenskan,new_format,Gais,Sirius,8,Bet365,ht_ou,under,1.5,1.5,api_football,open
2026-10-10T01:01:24Z,1494291,2026-10-10T13:00:00Z,718.6,FAR,Sweden Allsvenskan,new_format,Gais,Sirius,8,Bet365,ht_ou,over,0.5,1.33,api_football,open
2026-10-10T01:01:24Z,1494291,2026-10-10T13:00:00Z,718.6,FAR,Sweden Allsvenskan,new_format,Gais,Sirius,8,Bet365,ht_ou,under,0.5,3.25,api_football,open
2026-10-10T01:01:24Z,1494291,2026-10-10T13:00:00Z,718.6,FAR,Sweden Allsvenskan,new_format,Gais,Sirius,8,Bet365,btts,yes,,1.62,api_football,open
2026-10-10T01:01:24Z,1494291,2026-10-10T13:00:00Z,718.6,FAR,Sweden Allsvenskan,new_format,Gais,Sirius,8,Bet365,btts,no,,2.2,api_football,open
2026-10-10T01:01:24Z,1494291,2026-10-10T13:00:00Z,718.6,FAR,Sweden Allsvenskan,new_format,Gais,Sirius,2,Marathonbet,ou,over,1.5,1.18,api_football,open
2026-10-10T01:01:24Z,1494291,2026-10-10T13:00:00Z,718.6,FAR,Sweden Allsvenskan,new_format,Gais,Sirius,2,Marathonbet,ou,under,1.5,3.92,api_football,open
2026-10-10T01:01:24Z,1494291,2026-10-10T13:00:00Z,718.6,FAR,Sweden Allsvenskan,new_format,Gais,Sirius,2,Marathonbet,ou,over,2.5,1.72,api_football,open
2026-10-10T01:01:24Z,1494291,2026-10-10T13:00:00Z,718.6,FAR,Sweden Allsvenskan,new_format,Gais,Sirius,2,Marathonbet,ou,under,2.5,2.05,api_football,open
2026-10-10T01:01:24Z,1494291,2026-10-10T13:00:00Z,718.6,FAR,Sweden Allsvenskan,new_format,Gais,Sirius,2,Marathonbet,ou,over,3.5,2.74,api_football,open
2026-10-10T01:01:24Z,1494291,2026-10-10T13:00:00Z,718.6,FAR,Sweden Allsvenskan,new_format,Gais,Sirius,2,Marathonbet,ou,under,3.5,1.35,api_football,open
2026-10-10T01:01:24Z,1494291,2026-10-10T13:00:00Z,718.6,FAR,Sweden Allsvenskan,new_format,Gais,Sirius,2,Marathonbet,ht_ou,over,1.5,2.42,api_football,open
2026-10-10T01:01:24Z,1494291,2026-10-10T13:00:00Z,718.6,FAR,Sweden Allsvenskan,new_format,Gais,Sirius,2,Marathonbet,ht_ou,under,1.5,1.48,api_football,open
2026-10-10T01:01:24Z,1494291,2026-10-10T13:00:00Z,718.6,FAR,Sweden Allsvenskan,new_format,Gais,Sirius,2,Marathonbet,ht_ou,over,0.5,1.28,api_football,open
2026-10-10T01:01:24Z,1494291,2026-10-10T13:00:00Z,718.6,FAR,Sweden Allsvenskan,new_format,Gais,Sirius,2,Marathonbet,ht_ou,under,0.5,3.26,api_football,open
2026-10-10T01:01:24Z,1494291,2026-10-10T13:00:00Z,718.6,FAR,Sweden Allsvenskan,new_format,Gais,Sirius,2,Marathonbet,btts,yes,,1.57,api_football,open
2026-10-10T01:01:24Z,1494291,2026-10-10T13:00:00Z,718.6,FAR,Sweden Allsvenskan,new_format,Gais,Sirius,2,Marathonbet,btts,no,,2.22,api_football,open
2026-10-10T01:01:24Z,1494291,2026-10-10T13:00:00Z,718.6,FAR,Sweden Allsvenskan,new_format,Gais,Sirius,3,Betfair,ou,over,1.5,1.22,api_football,open
2026-10-10T01:01:24Z,1494291,2026-10-10T13:00:00Z,718.6,FAR,Sweden Allsvenskan,new_format,Gais,Sirius,3,Betfair,ou,under,1.5,4.2,api_football,open
2026-10-10T01:01:24Z,1494291,2026-10-10T13:00:00Z,718.6,FAR,Sweden Allsvenskan,new_format,Gais,Sirius,3,Betfair,ou,over,2.5,1.73,api_football,open
2026-10-10T01:01:24Z,1494291,2026-10-10T13:00:00Z,718.6,FAR,Sweden Allsvenskan,new_format,Gais,Sirius,3,Betfair,ou,under,2.5,2.1,api_football,open
2026-10-10T01:01:24Z,1494291,2026-10-10T13:00:00Z,718.6,FAR,Sweden Allsvenskan,new_format,Gais,Sirius,3,Betfair,ou,over,3.5,2.88,api_football,open
2026-10-10T01:01:24Z,1494291,2026-10-10T13:00:00Z,718.6,FAR,Sweden Allsvenskan,new_format,Gais,Sirius,3,Betfair,ou,under,3.5,1.4,api_football,open
2026-10-10T01:01:24Z,1494291,2026-10-10T13:00:00Z,718.6,FAR,Sweden Allsvenskan,new_format,Gais,Sirius,3,Betfair,ht_ou,over,1.5,2.55,api_football,open
2026-10-10T01:01:24Z,1494291,2026-10-10T13:00:00Z,718.6,FAR,Sweden Allsvenskan,new_format,Gais,Sirius,3,Betfair,ht_ou,under,1.5,1.45,api_football,open
2026-10-10T01:01:24Z,1494291,2026-10-10T13:00:00Z,718.6,FAR,Sweden Allsvenskan,new_format,Gais,Sirius,3,Betfair,ht_ou,over,0.5,1.29,api_football,open
2026-10-10T01:01:24Z,1494291,2026-10-10T13:00:00Z,718.6,FAR,Sweden Allsvenskan,new_format,Gais,Sirius,3,Betfair,ht_ou,under,0.5,3.3,api_football,open
2026-10-10T01:01:24Z,1494291,2026-10-10T13:00:00Z,718.6,FAR,Sweden Allsvenskan,new_format,Gais,Sirius,3,Betfair,btts,yes,,1.6,api_football,open
2026-10-10T01:01:24Z,1494291,2026-10-10T13:00:00Z,718.6,FAR,Sweden Allsvenskan,new_format,Gais,Sirius,3,Betfair,btts,no,,2.3,api_football,open
2026-10-10T01:01:24Z,1494291,2026-10-10T13:00:00Z,718.6,FAR,Sweden Allsvenskan,new_format,Gais,Sirius,4,Pinnacle,ou,over,1.5,1.22,api_football,open
2026-10-10T01:01:24Z,1494291,2026-10-10T13:00:00Z,718.6,FAR,Sweden Allsvenskan,new_format,Gais,Sirius,4,Pinnacle,ou,under,1.5,4.26,api_football,open
2026-10-10T01:01:24Z,1494291,2026-10-10T13:00:00Z,718.6,FAR,Sweden Allsvenskan,new_format,Gais,Sirius,4,Pinnacle,ou,over,2.5,1.75,api_football,open
2026-10-10T01:01:24Z,1494291,2026-10-10T13:00:00Z,718.6,FAR,Sweden Allsvenskan,new_format,Gais,Sirius,4,Pinnacle,ou,under,2.5,2.11,api_football,open
2026-10-10T01:01:24Z,1494291,2026-10-10T13:00:00Z,718.6,FAR,Sweden Allsvenskan,new_format,Gais,Sirius,4,Pinnacle,ou,over,3.5,2.81,api_football,open
2026-10-10T01:01:24Z,1494291,2026-10-10T13:00:00Z,718.6,FAR,Sweden Allsvenskan,new_format,Gais,Sirius,4,Pinnacle,ou,under,3.5,1.43,api_football,open
2026-10-10T01:01:24Z,1494291,2026-10-10T13:00:00Z,718.6,FAR,Sweden Allsvenskan,new_format,Gais,Sirius,4,Pinnacle,ht_ou,over,1.5,2.56,api_football,open
2026-10-10T01:01:24Z,1494291,2026-10-10T13:00:00Z,718.6,FAR,Sweden Allsvenskan,new_format,Gais,Sirius,4,Pinnacle,ht_ou,under,1.5,1.5,api_football,open
2026-10-10T01:01:24Z,1494291,2026-10-10T13:00:00Z,718.6,FAR,Sweden Allsvenskan,new_format,Gais,Sirius,5,SBO,ou,over,2.5,1.73,api_football,open
2026-10-10T01:01:24Z,1494291,2026-10-10T13:00:00Z,718.6,FAR,Sweden Allsvenskan,new_format,Gais,Sirius,5,SBO,ou,under,2.5,2.09,api_football,open
2026-10-10T01:01:24Z,1494291,2026-10-10T13:00:00Z,718.6,FAR,Sweden Allsvenskan,new_format,Gais,Sirius,11,1xBet,ou,over,1.5,1.18,api_football,open
2026-10-10T01:01:24Z,1494291,2026-10-10T13:00:00Z,718.6,FAR,Sweden Allsvenskan,new_format,Gais,Sirius,11,1xBet,ou,under,1.5,3.92,api_football,open
2026-10-10T01:01:24Z,1494291,2026-10-10T13:00:00Z,718.6,FAR,Sweden Allsvenskan,new_format,Gais,Sirius,11,1xBet,ou,over,2.5,1.72,api_football,open
2026-10-10T01:01:24Z,1494291,2026-10-10T13:00:00Z,718.6,FAR,Sweden Allsvenskan,new_format,Gais,Sirius,11,1xBet,ou,under,2.5,2.05,api_football,open
2026-10-10T01:01:24Z,1494291,2026-10-10T13:00:00Z,718.6,FAR,Sweden Allsvenskan,new_format,Gais,Sirius,11,1xBet,ou,over,3.5,2.74,api_football,open
2026-10-10T01:01:24Z,1494291,2026-10-10T13:00:00Z,718.6,FAR,Sweden Allsvenskan,new_format,Gais,Sirius,11,1xBet,ou,under,3.5,1.35,api_football,open
2026-10-10T01:01:24Z,1494291,2026-10-10T13:00:00Z,718.6,FAR,Sweden Allsvenskan,new_format,Gais,Sirius,11,1xBet,ht_ou,over,1.5,2.42,api_football,open
2026-10-10T01:01:24Z,1494291,2026-10-10T13:00:00Z,718.6,FAR,Sweden Allsvenskan,new_format,Gais,Sirius,11,1xBet,ht_ou,under,1.5,1.48,api_football,open
2026-10-10T01:01:24Z,1494291,2026-10-10T13:00:00Z,718.6,FAR,Sweden Allsvenskan,new_format,Gais,Sirius,11,1xBet,ht_ou,over,0.5,1.28,api_football,open
2026-10-10T01:01:24Z,1494291,2026-10-10T13:00:00Z,718.6,FAR,Sweden Allsvenskan,new_format,Gais,Sirius,11,1xBet,ht_ou,under,0.5,3.26,api_football,open
2026-10-10T01:01:24Z,1494291,2026-10-10T13:00:00Z,718.6,FAR,Sweden Allsvenskan,new_format,Gais,Sirius,11,1xBet,btts,yes,,1.57,api_football,open
2026-10-10T01:01:24Z,1494291,2026-10-10T13:00:00Z,718.6,FAR,Sweden Allsvenskan,new_format,Gais,Sirius,11,1xBet,btts,no,,2.26,api_football,open
2026-10-10T01:01:24Z,1494291,2026-10-10T13:00:00Z,718.6,FAR,Sweden Allsvenskan,new_format,Gais,Sirius,32,Betano,ou,over,1.5,1.24,api_football,open
2026-10-10T01:01:24Z,1494291,2026-10-10T13:00:00Z,718.6,FAR,Sweden Allsvenskan,new_format,Gais,Sirius,32,Betano,ou,under,1.5,3.8,api_football,open
2026-10-10T01:01:24Z,1494291,2026-10-10T13:00:00Z,718.6,FAR,Sweden Allsvenskan,new_format,Gais,Sirius,32,Betano,ou,over,2.5,1.75,api_football,open
2026-10-10T01:01:24Z,1494291,2026-10-10T13:00:00Z,718.6,FAR,Sweden Allsvenskan,new_format,Gais,Sirius,32,Betano,ou,under,2.5,2.05,api_football,open
2026-10-10T01:01:24Z,1494291,2026-10-10T13:00:00Z,718.6,FAR,Sweden Allsvenskan,new_format,Gais,Sirius,32,Betano,ou,over,3.5,2.72,api_football,open
2026-10-10T01:01:24Z,1494291,2026-10-10T13:00:00Z,718.6,FAR,Sweden Allsvenskan,new_format,Gais,Sirius,32,Betano,ou,under,3.5,1.42,api_football,open
2026-10-10T01:01:24Z,1494291,2026-10-10T13:00:00Z,718.6,FAR,Sweden Allsvenskan,new_format,Gais,Sirius,32,Betano,ht_ou,over,1.5,2.6,api_football,open
2026-10-10T01:01:24Z,1494291,2026-10-10T13:00:00Z,718.6,FAR,Sweden Allsvenskan,new_format,Gais,Sirius,32,Betano,ht_ou,under,1.5,1.47,api_football,open
2026-10-10T01:01:24Z,1494291,2026-10-10T13:00:00Z,718.6,FAR,Sweden Allsvenskan,new_format,Gais,Sirius,32,Betano,ht_ou,over,0.5,1.37,api_football,open
2026-10-10T01:01:24Z,1494291,2026-10-10T13:00:00Z,718.6,FAR,Sweden Allsvenskan,new_format,Gais,Sirius,32,Betano,ht_ou,under,0.5,3.0,api_football,open
2026-10-10T01:01:24Z,1494291,2026-10-10T13:00:00Z,718.6,FAR,Sweden Allsvenskan,new_format,Gais,Sirius,32,Betano,btts,yes,,1.6,api_football,open
2026-10-10T01:01:24Z,1494291,2026-10-10T13:00:00Z,718.6,FAR,Sweden Allsvenskan,new_format,Gais,Sirius,32,Betano,btts,no,,2.22,api_football,open
2026-10-10T01:06:26Z,1507079,2026-10-10T05:00:00Z,233.6,T-6h,K-League 1,new_format,FC Seoul,Jeju United FC,36,BetVictor,ht_ou,over,1.5,2.38,api_football,change
2026-10-10T01:06:26Z,1507079,2026-10-10T05:00:00Z,233.6,T-6h,K-League 1,new_format,FC Seoul,Jeju United FC,4,Pinnacle,ou,over,1.5,1.24,api_football,change
2026-10-10T01:06:26Z,1507079,2026-10-10T05:00:00Z,233.6,T-6h,K-League 1,new_format,FC Seoul,Jeju United FC,4,Pinnacle,ou,under,1.5,4.23,api_football,change
2026-10-10T01:06:26Z,1507079,2026-10-10T05:00:00Z,233.6,T-6h,K-League 1,new_format,FC Seoul,Jeju United FC,4,Pinnacle,ou,over,2.5,1.76,api_football,change
2026-10-10T01:06:26Z,1507079,2026-10-10T05:00:00Z,233.6,T-6h,K-League 1,new_format,FC Seoul,Jeju United FC,4,Pinnacle,ou,under,2.5,2.15,api_football,change
2026-10-10T01:06:26Z,1507079,2026-10-10T05:00:00Z,233.6,T-6h,K-League 1,new_format,FC Seoul,Jeju United FC,4,Pinnacle,ou,over,3.5,2.9,api_football,change
2026-10-10T01:06:26Z,1507079,2026-10-10T05:00:00Z,233.6,T-6h,K-League 1,new_format,FC Seoul,Jeju United FC,4,Pinnacle,ou,under,3.5,1.44,api_football,change
2026-10-10T01:06:26Z,1507079,2026-10-10T05:00:00Z,233.6,T-6h,K-League 1,new_format,FC Seoul,Jeju United FC,4,Pinnacle,ht_ou,under,1.5,1.5,api_football,change
